timestamp,exchange,bid,ask,last,taker_fee_bps,fee_baked_in,effective_ask,eff_1k,eff_10k,eff_100k
2026-04-14T00:16:20.275Z,coinspot,104500,104859.55,104800,0,true,104859.5500
2026-04-14T00:16:20.275Z,independentreserve,104701,104801.97,104802.99,50,false,105325.9798
2026-04-14T00:16:20.275Z,kraken,104766.1,104809.7,104707.5,26,false,105082.2052
2026-04-14T00:16:20.275Z,okx,104880.9,104888.9,105000,10,false,104993.7889
2026-04-14T00:16:20.275Z,pepperstone,104770.2,104974.1,104872.15,10,false,105079.0741
2026-04-14T00:16:20.275Z,swyftx,104288.70246964,105388.32906946,104838.51576955,0,true,105388.3291
2026-04-14T00:56:16.786Z,coinspot,104000.62,104524.49,104755.74,10,false,104629.0145
2026-04-14T00:56:16.786Z,independentreserve,104535,104605.8,104010.86,50,false,105128.8290
2026-04-14T00:56:16.786Z,kraken,104420.8,104526.9,104509.1,26,false,104798.6699
2026-04-14T00:56:16.786Z,okx,104685.2,104685.4,104922.6,10,false,104790.0854
2026-04-14T00:56:16.786Z,pepperstone,104580.5,104766.8,104673.65,10,false,104871.5668
2026-04-14T00:56:16.786Z,swyftx,104105.68497475,105203.12716571,104654.40607023,0,true,105203.1272
2026-04-14T01:02:48.156Z,coinspot,104000.01,104450.95,104004.91,10,false,104555.4009
2026-04-14T01:02:48.156Z,coinspot_instant,104000.01,104450.95,104004.91,100,false,105495.4595
2026-04-14T01:02:48.156Z,independentreserve,104358.05,104481,105029.48,50,false,105003.4050
2026-04-14T01:02:48.156Z,kraken,104379.2,104394.3,104320.4,26,false,104665.7252
2026-04-14T01:02:48.156Z,okx,104577,104577.1,104922.6,10,false,104681.6771
2026-04-14T01:02:48.156Z,pepperstone,104435.2,104626.2,104530.7,10,false,104730.8262
2026-04-14T01:02:48.156Z,swyftx,103976.82386112,105050.60053395,104513.712197535,0,true,105050.6005
2026-04-14T01:04:21.420Z,coinspot,104464.59,104576.76,104004.91,100,false,105622.5276
2026-04-14T01:04:21.420Z,independentreserve,104487.02,104501.47,104501.47,50,false,105023.9773
2026-04-14T01:04:21.420Z,kraken,104450.6,104478.9,104416.4,26,false,104750.5451
2026-04-14T01:04:21.420Z,okx,104667,104667.1,104922.6,10,false,104771.7671
2026-04-14T01:04:21.420Z,pepperstone,104551.7,104741.2,104646.45,10,false,104845.9412
2026-04-14T01:04:21.420Z,swyftx,104026.66120216,105108.39224879,104567.526725475,0,true,105108.3922
2026-04-14T03:06:59.280Z,coinspot,104701.04,104984.76,104700.77,100,false,106034.6076
2026-04-14T03:06:59.280Z,independentreserve,104854.01,104879.18,104780.01,50,false,105403.5759
2026-04-14T03:06:59.280Z,kraken,104906.6,104909.9,104875.2,26,false,105182.6657
2026-04-14T03:06:59.280Z,okx,105041.5,105041.6,105058.6,70,false,105776.8912
2026-04-14T03:06:59.280Z,pepperstone,104974.3,105164.7,105069.5,10,false,105269.8647
2026-04-14T03:06:59.280Z,swyftx,104478.74765796,105557.50942166,105018.12853981,0,true,105557.5094
2026-04-14T03:08:38.722Z,coinspot,104701.04,104984.67,104700.77,100,false,106034.5167
2026-04-14T03:08:38.722Z,independentreserve,104793.02,104878,104793.02,50,false,105402.3900
2026-04-14T03:08:38.722Z,kraken,104872.6,104892.1,104879.4,80,false,105731.2368
2026-04-14T03:08:38.722Z,okx,105032.3,105032.5,105058.6,70,false,105767.7275
2026-04-14T03:08:38.722Z,pepperstone,104919.7,105098.9,105009.29999999999,10,false,105203.9989
2026-04-14T03:08:38.722Z,swyftx,104456.83021266,105542.83001268,104999.83011267,0,true,105542.8300
2026-04-14T05:53:53.722Z,coinspot,104566.61,104800,104800,100,false,105848.0000
2026-04-14T05:53:53.722Z,independentreserve,104693.29,104787.99,104685.14,50,false,105311.9299
2026-04-14T05:53:53.722Z,kraken,104776.1,104809,104842.9,80,false,105647.4720
2026-04-14T05:53:53.722Z,okx,104919.4,104922.1,105029.9,70,false,105656.5547
2026-04-14T05:53:53.722Z,pepperstone,104802.6,104999.5,104901.05,10,false,105104.4995
2026-04-14T05:53:53.722Z,swyftx,104345.64006527,105430.44791391,104888.04398958999,0,true,105430.4479
2026-04-14T09:07:38.241Z,coinspot,105114.89,105210.2,105200,100,false,106262.3020
2026-04-14T09:07:38.241Z,independentreserve,105037.64,105091.99,105018.88,50,false,105617.4499
2026-04-14T09:07:38.241Z,kraken,105074.8,105146.7,105132.8,80,false,105987.8736
2026-04-14T09:07:38.241Z,okx,105190.9,105191,105351.6,70,false,105927.3370
2026-04-14T09:07:38.241Z,pepperstone,105090.5,105276.3,105183.4,10,false,105381.5763
2026-04-14T09:07:38.241Z,swyftx,104638.9811157,105720.24795155,105179.61453362499,0,true,105720.2480
2026-04-14T12:55:44.510Z,coinspot,104295.28,104295.29,104295.29,100,false,105338.2429
2026-04-14T12:55:44.510Z,independentreserve,104174.84,104217.69,104174.84,50,false,104738.7784
2026-04-14T12:55:44.510Z,kraken,104279.6,104338.7,104353.5,80,false,105173.4096
2026-04-14T12:55:44.510Z,okx,104353.5,104353.7,104355.6,70,false,105084.1759
2026-04-14T12:55:44.510Z,pepperstone,104262.5,104444.9,104353.7,10,false,104549.3449
2026-04-14T12:55:44.510Z,swyftx,103772.64300756,104845.95102064,104309.2970141,0,true,104845.9510
2026-04-14T16:53:40.075Z,coinspot,105000,105158.48,105000,100,false,106210.0648
2026-04-14T16:53:40.075Z,independentreserve,104747.01,104823,104834.9,50,false,105347.1150
2026-04-14T16:53:40.075Z,kraken,104885.3,104885.4,105159,80,false,105724.4832
2026-04-14T16:53:40.075Z,okx,104926.3,104926.4,104940,70,false,105660.8848
2026-04-14T16:53:40.075Z,pepperstone,104834,105029.5,104931.75,10,false,105134.5295
2026-04-14T16:53:40.075Z,swyftx,104528.59379937,105609.55592615,105069.07486276,0,true,105609.5559
2026-04-14T20:40:44.813Z,coinspot,104093.99,104141,104115.845532,100,false,105182.4100
2026-04-14T20:40:44.813Z,independentreserve,103958,104033.91,104010.98,50,false,104554.0795
2026-04-14T20:40:44.813Z,kraken,104016.1,104049.4,104109.6,80,false,104881.7952
2026-04-14T20:40:44.813Z,okx,104137.5,104137.7,103880,70,false,104866.6639
2026-04-14T20:40:44.813Z,pepperstone,104028.4,104226.7,104127.54999999999,10,false,104330.9267
2026-04-14T20:40:44.813Z,swyftx,103574.86245978,104653.2637876,104114.06312369,0,true,104653.2638
2026-04-15T01:15:46.837Z,coinspot,104497.43,104985.72,104453.65,100,false,106035.5772
2026-04-15T01:15:46.837Z,independentreserve,104694.35,104808.84,104715.04,50,false,105332.8842
2026-04-15T01:15:46.837Z,kraken,104790.9,104813.8,104879.6,80,false,105652.3104
2026-04-15T01:15:46.837Z,okx,104914.2,104914.3,104675.2,70,false,105648.7001
2026-04-15T01:15:46.837Z,pepperstone,104793.3,104977.1,104885.20000000001,10,false,105082.0771
2026-04-15T01:15:46.837Z,swyftx,104324.61419979,105403.32114542,104863.96767260501,0,true,105403.3211
2026-04-15T05:53:57.641Z,coinspot,103771.5,103917.53,103660,100,false,104956.7053
2026-04-15T05:53:57.641Z,independentreserve,103520.01,103587.65,103522.95,50,false,104105.5882
2026-04-15T05:53:57.641Z,kraken,103668.4,103674,103580,80,false,104503.3920
2026-04-15T05:53:57.641Z,okx,103730.8,103739.1,104252.3,70,false,104465.2737
2026-04-15T05:53:57.641Z,pepperstone,103618.7,103799.9,103709.29999999999,10,false,103903.6999
2026-04-15T05:53:57.641Z,swyftx,103178.64808434,104245.90356188,103712.27582311,0,true,104245.9036
2026-04-15T09:08:06.480Z,coinspot,103843.66,104017.92,104020.99,100,false,105058.0992
2026-04-15T09:08:06.480Z,independentreserve,103563.19,103661.99,104269.39,50,false,104180.3000
2026-04-15T09:08:06.480Z,kraken,103758.9,103780.3,103783.6,80,false,104610.5424
2026-04-15T09:08:06.480Z,okx,103788.7,103798.6,103100.4,70,false,104525.1902
2026-04-15T09:08:06.480Z,pepperstone,103655.3,103839.1,103747.20000000001,10,false,103942.9391
2026-04-15T09:08:06.480Z,swyftx,103221.9923935,104297.27574389,103759.634068695,0,true,104297.2757
2026-04-15T12:54:41.004Z,coinspot,104300,104400.99,104389.99,100,false,105444.9999
2026-04-15T12:54:41.004Z,independentreserve,104043.19,104102,104000.37,50,false,104622.5100
2026-04-15T12:54:41.004Z,kraken,104164.7,104180.1,104207.8,80,false,105013.5408
2026-04-15T12:54:41.004Z,okx,104184.3,104184.4,104125.6,70,false,104913.6908
2026-04-15T12:54:41.004Z,pepperstone,104058.3,104256.9,104157.6,10,false,104361.1569
2026-04-15T12:54:41.004Z,swyftx,103612.08086028,104691.35433216,104151.71759622,0,true,104691.3543
2026-04-15T16:51:02.229Z,coinspot,103214.44,103524.99,103696.99,100,false,104560.2399
2026-04-15T16:51:02.229Z,independentreserve,103242.29,103306.99,103152,50,false,103823.5249
2026-04-15T16:51:02.229Z,kraken,103337.8,103364.4,103349.2,80,false,104191.3152
2026-04-15T16:51:02.229Z,okx,103317,103319.8,103506.1,70,false,104043.0386
2026-04-15T16:51:02.229Z,pepperstone,103202.1,103389.3,103295.70000000001,10,false,103492.6893
2026-04-15T16:51:02.229Z,swyftx,102786.58138945,103850.80931167,103318.69535056001,0,true,103850.8093
2026-04-15T20:36:15.207Z,coinspot,104505.99,104550.99,104517.99,100,false,105596.4999
2026-04-15T20:36:15.207Z,independentreserve,104252.26,104337.77,104133.04,50,false,104859.4588
2026-04-15T20:36:15.207Z,kraken,104361.3,104422.4,104431.7,80,false,105257.7792
2026-04-15T20:36:15.207Z,okx,104378.1,104378.3,103506.1,70,false,105108.9481
2026-04-15T20:36:15.207Z,pepperstone,104261.1,104449.9,104355.5,10,false,104554.3499
2026-04-15T20:36:15.207Z,swyftx,103807.70583622,104882.65228523,104345.179060725,0,true,104882.6523
2026-04-16T01:20:31.572Z,coinspot,104001.5,104153.16,104000,100,false,105194.6916
2026-04-16T01:20:31.572Z,independentreserve,104028.01,104128,104067.06,50,false,104648.6400
2026-04-16T01:20:31.572Z,kraken,104153.8,104214.8,104184.8,80,false,105048.5184
2026-04-16T01:20:31.572Z,okx,104152.9,104153,104285.3,70,false,104882.0710
2026-04-16T01:20:31.572Z,pepperstone,104035.2,104221.5,104128.35,10,false,104325.7215
2026-04-16T01:20:31.572Z,swyftx,103553.41035889,104625.7614345,104089.585896695,0,true,104625.7614
2026-04-16T05:54:39.392Z,coinspot,104302.89,104652.93,104302.75,100,false,105699.4593
2026-04-16T05:54:39.392Z,independentreserve,104356.18,104433.99,104371.01,50,false,104956.1600
2026-04-16T05:54:39.392Z,kraken,104488,104488.1,104501.7,80,false,105324.0048
2026-04-16T05:54:39.392Z,okx,104420.3,104420.4,104719.1,70,false,105151.3428
2026-04-16T05:54:39.392Z,pepperstone,104302.6,104485,104393.8,10,false,104589.4850
2026-04-16T05:54:39.392Z,swyftx,103891.56326202,104975.63236817,104433.59781509501,0,true,104975.6324
2026-04-16T09:07:39.847Z,coinspot,104472.88,104486.4,104442.26,100,false,105531.2640
2026-04-16T09:07:39.847Z,independentreserve,104085.16,104151.99,104237.82,50,false,104672.7499
2026-04-16T09:07:39.847Z,kraken,104201.3,104201.4,104201.4,80,false,105035.0112
2026-04-16T09:07:39.847Z,okx,104150.4,104150.5,104232.8,70,false,104879.5535
2026-04-16T09:07:39.847Z,pepperstone,104046.7,104227.2,104136.95,10,false,104331.4272
2026-04-16T09:07:39.847Z,swyftx,103579.70631488,104652.47514066,104116.09072777,0,true,104652.4751
2026-04-16T12:59:29.250Z,coinspot,104250,104418.46,104424.69615298,100,false,105462.6446
2026-04-16T12:59:29.250Z,independentreserve,104020.1,104113.99,104113.92,50,false,104634.5599
2026-04-16T12:59:29.250Z,kraken,104120.8,104137.6,104085,80,false,104970.7008
2026-04-16T12:59:29.250Z,okx,104106.4,104106.6,104069,70,false,104835.3462
2026-04-16T12:59:29.250Z,pepperstone,103973.2,104158.1,104065.65,10,false,104262.2581
2026-04-16T12:59:29.250Z,swyftx,103521.62559027,104593.73841176,104057.682001015,0,true,104593.7384
2026-04-16T17:01:19.077Z,coinspot,103890,103955.34,103962.785,100,false,104994.8934
2026-04-16T17:01:19.077Z,independentreserve,103614.03,103713.99,104080,50,false,104232.5599
2026-04-16T17:01:19.077Z,kraken,103654.4,103697.3,103692.7,80,false,104526.8784
2026-04-16T17:01:19.077Z,okx,103677.4,103677.5,104042.7,70,false,104403.2425
2026-04-16T17:01:19.077Z,pepperstone,103540.7,103739.8,103640.25,10,false,103843.5398
2026-04-16T17:01:19.077Z,swyftx,103146.11944042,104221.24729877,103683.683369595,0,true,104221.2473
2026-04-16T20:37:06.515Z,coinspot,104806.61,104932.33,104999.97,100,false,105981.6533
2026-04-16T20:37:06.515Z,independentreserve,104667,104739,104715.97,50,false,105262.6950
2026-04-16T20:37:06.515Z,kraken,104816.1,104846.5,104921.8,80,false,105685.2720
2026-04-16T20:37:06.515Z,okx,104826.3,104826.4,105000,70,false,105560.1848
2026-04-16T20:37:06.515Z,pepperstone,104717.7,104897.8,104807.75,10,false,105002.6978
2026-04-16T20:37:06.515Z,swyftx,104246.20357964,105325.39674552,104785.80016258001,0,true,105325.3967
2026-04-17T01:18:17.670Z,coinspot,104700,104850.32,104700,100,false,105898.8232
2026-04-17T01:18:17.670Z,independentreserve,104465.01,104548.95,104553.44,50,false,105071.6947
2026-04-17T01:18:17.670Z,kraken,104630.3,104666.2,104657.7,80,false,105503.5296
2026-04-17T01:18:17.670Z,okx,104617.7,104617.9,104742.2,70,false,105350.2253
2026-04-17T01:18:17.670Z,pepperstone,104510,104708,104609,10,false,104812.7080
2026-04-17T01:18:17.670Z,swyftx,104051.72700752,105128.96202609,104590.344516805,0,true,105128.9620
2026-04-17T05:56:59.825Z,coinspot,104188.9,104188.91,104188.91,100,false,105230.7991
2026-04-17T05:56:59.825Z,independentreserve,104023,104090.92,104090.93,50,false,104611.3746
2026-04-17T05:56:59.825Z,kraken,104179.6,104195.1,104241.8,80,false,105028.6608
2026-04-17T05:56:59.825Z,okx,104153.8,104161.8,104480.2,70,false,104890.9326
2026-04-17T05:56:59.825Z,pepperstone,104050.9,104243.3,104147.1,10,false,104347.5433
2026-04-17T05:56:59.825Z,swyftx,103621.08407506,104694.0980492,104157.59106213,0,true,104694.0980
2026-04-17T09:06:50.556Z,coinspot,105065.68,105498,105499,100,false,106552.9800
2026-04-17T09:06:50.556Z,independentreserve,105359,105423.97,105338.9,50,false,105951.0898
2026-04-17T09:06:50.556Z,kraken,105523.5,105548.8,105494.6,80,false,106393.1904
2026-04-17T09:06:50.556Z,okx,105470.8,105471,104557,70,false,106209.2970
2026-04-17T09:06:50.556Z,pepperstone,105374.4,105556.1,105465.25,10,false,105661.6561
2026-04-17T09:06:50.556Z,swyftx,104824.24694995,105910.1100278,105367.178488875,0,true,105910.1100
2026-04-17T12:51:28.354Z,coinspot,105250,105662.9,105700,100,false,106719.5290
2026-04-17T12:51:28.354Z,independentreserve,105480.01,105558.99,105774,50,false,106086.7850
2026-04-17T12:51:28.354Z,kraken,105614.6,105647.1,105762.8,80,false,106492.2768
2026-04-17T12:51:28.354Z,okx,105540.5,105557.1,105024.7,70,false,106295.9997
2026-04-17T12:51:28.354Z,pepperstone,105453.8,105654.5,105554.15,10,false,105760.1545
2026-04-17T12:51:28.354Z,swyftx,105091.06358738,106180.77484707,105635.919217225,0,true,106180.7748
2026-04-17T16:40:18.417Z,coinspot,108263.47,108500,108500,100,false,109585.0000
2026-04-17T16:40:18.417Z,independentreserve,108667.04,108751.99,108572.38,50,false,109295.7499
2026-04-17T16:40:18.417Z,kraken,108842.3,108875,108917.2,80,false,109746.0000
2026-04-17T16:40:18.417Z,okx,108830.3,108830.4,108750,70,false,109592.2128
2026-04-17T16:40:18.417Z,pepperstone,108747,108928.5,108837.75,10,false,109037.4285
2026-04-17T16:40:18.417Z,swyftx,108278.78441881,109408.55273944,108843.66857912499,0,true,109408.5527
2026-04-17T20:33:17.358Z,coinspot,107426.75,107951.88,107735.68,100,false,109031.3988
2026-04-17T20:33:17.358Z,independentreserve,107525,107625.99,107770.01,50,false,108164.1199
2026-04-17T20:33:17.358Z,kraken,107760.1,107788.4,107985.4,80,false,108650.7072
2026-04-17T20:33:17.358Z,okx,107745.3,107746.5,107897.3,70,false,108500.7255
2026-04-17T20:33:17.358Z,pepperstone,107637.7,107837.2,107737.45,10,false,107945.0372
2026-04-17T20:33:17.358Z,swyftx,107119.13170351,108228.29270245,107673.71220298,0,true,108228.2927
2026-04-18T01:11:40.872Z,coinspot,107939.44,108050,107939.44,100,false,109130.5000
2026-04-18T01:11:40.872Z,independentreserve,107608.59,107738.99,107738.99,50,false,108277.6849
2026-04-18T01:11:40.872Z,kraken,107844.4,107855.9,107794.6,80,false,108718.7472
2026-04-18T01:11:40.872Z,okx,107581.5,108004.3,107897.3,70,false,108760.3301
2026-04-18T01:11:40.872Z,pepperstone,107569.8,108179.7,107874.75,10,false,108287.8797
2026-04-18T01:11:40.872Z,swyftx,107225.39299667,108490.8012113,107858.097103985,0,true,108490.8012
2026-04-18T05:28:07.901Z,coinspot,107682.17,107750,107750,100,false,108827.5000
2026-04-18T05:28:07.901Z,independentreserve,107556.21,107739.55,108273.4,50,false,108278.2477
2026-04-18T05:28:07.901Z,kraken,107692.6,107692.7,107692,80,false,108554.2416
2026-04-18T05:28:07.901Z,okx,107579.1,107887.5,108009.8,70,false,108642.7125
2026-04-18T05:28:07.901Z,pepperstone,107723.8,107908.3,107816.05,10,false,108016.2083
2026-04-18T05:28:07.901Z,swyftx,107175.18372998,108431.98190842,107803.5828192,0,true,108431.9819
2026-04-18T08:35:09.848Z,coinspot,107040.49,107050,107090,100,false,108120.5000
2026-04-18T08:35:09.848Z,independentreserve,107000,107032.79,107180.87,50,false,107567.9539
2026-04-18T08:35:09.848Z,kraken,106956.2,106956.3,107000,80,false,107811.9504
2026-04-18T08:35:09.848Z,okx,106750,107043.8,107745.7,70,false,107793.1066
2026-04-18T08:35:09.848Z,pepperstone,106883.2,107083.7,106983.45,10,false,107190.7837
2026-04-18T08:35:09.848Z,swyftx,106407.45398345,107662.94093416,107035.19745880499,0,true,107662.9409
2026-04-18T12:33:55.227Z,coinspot,106234.75,106592.22,106586.6,100,false,107658.1422
2026-04-18T12:33:55.227Z,independentreserve,106332.98,106439.69,106439.7,50,false,106971.8884
2026-04-18T12:33:55.227Z,kraken,106377,106401.8,106318.7,80,false,107253.0144
2026-04-18T12:33:55.227Z,okx,106187.8,106540.8,106555.4,70,false,107286.5856
2026-04-18T12:33:55.227Z,pepperstone,106440.6,106644.3,106542.45000000001,10,false,106750.9443
2026-04-18T12:33:55.227Z,swyftx,105886.23272525,107135.3640912,106510.798408225,0,true,107135.3641
2026-04-18T16:25:28.030Z,coinspot,106039.03,106493.31,106250,100,false,107558.2431
2026-04-18T16:25:28.030Z,independentreserve,106110.34,106262.97,106473.56,50,false,106794.2848
2026-04-18T16:25:28.030Z,kraken,106153.5,106197.2,106140.9,80,false,107046.7776
2026-04-18T16:25:28.030Z,okx,105986.6,106320,106119,70,false,107064.2400
2026-04-18T16:25:28.030Z,pepperstone,106103.5,106293,106198.25,10,false,106399.2930
2026-04-18T16:25:28.030Z,swyftx,105570.22222886,106816.00861353,106193.11542119499,0,true,106816.0086
2026-04-18T20:23:04.760Z,coinspot,105547.55,105998.95,105861.37,100,false,107058.9395
2026-04-18T20:23:04.760Z,independentreserve,105578.84,105689.93,105630.86,50,false,106218.3796
2026-04-18T20:23:04.760Z,kraken,105626.6,105659.2,105698,80,false,106504.4736
2026-04-18T20:23:04.760Z,okx,105588.1,105813.4,105625,70,false,106554.0938
2026-04-18T20:23:04.760Z,pepperstone,105606.6,105791.1,105698.85,10,false,105896.8911
2026-04-18T20:23:04.760Z,swyftx,105079.69535231,106312.03704243,105695.86619737,0,true,106312.0370
2026-04-19T01:20:45.214Z,coinspot,105700,105705,105705,100,false,106762.0500
2026-04-19T01:20:45.214Z,independentreserve,105549.06,105680,104646.21,50,false,106208.4000
2026-04-19T01:20:45.214Z,kraken,105614.6,105614.7,105614.7,80,false,106459.6176
2026-04-19T01:20:45.214Z,okx,105588.1,105711.5,105703.5,70,false,106451.4805
2026-04-19T01:20:45.214Z,pepperstone,105529.8,105715.7,105622.75,10,false,105821.4157
2026-04-19T01:20:45.214Z,swyftx,104991.20438736,106230.09973705,105610.652062205,0,true,106230.0997
2026-04-19T05:51:53.613Z,coinspot,105500,105821.54,105900.46,100,false,106879.7554
2026-04-19T05:51:53.613Z,independentreserve,105441.95,105624.5,105621.6,50,false,106152.6225
2026-04-19T05:51:53.613Z,kraken,105494.3,105524.1,105548.7,80,false,106368.2928
2026-04-19T05:51:53.613Z,okx,105468.1,105661.5,105691.9,70,false,106401.1305
2026-04-19T05:51:53.613Z,pepperstone,105518.3,105701.4,105609.85,10,false,105807.1014
2026-04-19T05:51:53.613Z,swyftx,105001.833558,106240.70598972,105621.26977386,0,true,106240.7060
2026-04-19T08:40:29.589Z,coinspot,104999,105294.22,104999,100,false,106347.1622
2026-04-19T08:40:29.589Z,independentreserve,104876.12,105112.31,105140.43,50,false,105637.8715
2026-04-19T08:40:29.589Z,kraken,104953.9,105000.3,104921.8,80,false,105840.3024
2026-04-19T08:40:29.589Z,okx,104829.3,105167.8,104956.4,70,false,105903.9746
2026-04-19T08:40:29.589Z,pepperstone,101794.8,108142.6,104968.70000000001,10,false,108250.7426
2026-04-19T08:40:29.589Z,swyftx,104473.71895599,105706.30224406,105090.01060002501,0,true,105706.3022
2026-04-19T12:32:46.914Z,coinspot,105750,105774.87,105782.48,100,false,106832.6187
2026-04-19T12:32:46.914Z,independentreserve,105296.49,105530.58,105544.5,50,false,106058.2329
2026-04-19T12:32:46.914Z,kraken,105441.2,105479.5,105476.8,80,false,106323.3360
2026-04-19T12:32:46.914Z,okx,105287.4,105590,105509.9,70,false,106329.1300
2026-04-19T12:32:46.914Z,pepperstone,105453.6,105640.7,105547.15,10,false,105746.3407
2026-04-19T12:32:46.914Z,swyftx,104905.29604529,106142.97103151,105524.1335384,0,true,106142.9710
2026-04-19T16:25:24.369Z,coinspot,105622.19,105903.2,106131.5,100,false,106962.2320
2026-04-19T16:25:24.369Z,independentreserve,105555.05,105783.26,105565.6,50,false,106312.1763
2026-04-19T16:25:24.369Z,kraken,105646.7,105675,105662.3,80,false,106520.4000
2026-04-19T16:25:24.369Z,okx,105456.9,105779.3,105770.8,70,false,106519.7551
2026-04-19T16:25:24.369Z,pepperstone,105635.3,105820.6,105727.95000000001,10,false,105926.4206
2026-04-19T16:25:24.369Z,swyftx,105063.94428861,106371.92734373,105717.93581617001,0,true,106371.9273
2026-04-19T20:23:41.060Z,coinspot,104500,104505,104505,100,false,105550.0500
2026-04-19T20:23:41.060Z,independentreserve,104228.86,104476.92,104554.64,50,false,104999.3046
2026-04-19T20:23:41.060Z,kraken,104317.4,104329.2,104358.8,80,false,105163.8336
2026-04-19T20:23:41.060Z,okx,104492.2,105389.6,105792.9,70,false,106127.3272
2026-04-19T20:23:41.060Z,pepperstone,104867,105067.3,104967.15,10,false,105172.3673
2026-04-19T20:23:41.060Z,swyftx,104110.76982029,105824.84915194,104967.809486115,0,true,105824.8492
2026-04-20T01:20:35.159Z,coinspot,103852.41,103999,103999,100,false,105038.9900
2026-04-20T01:20:35.159Z,independentreserve,103885.07,103984.88,103857.19,50,false,104504.8044
2026-04-20T01:20:35.159Z,kraken,103987.1,104014.3,103987,80,false,104846.4144
2026-04-20T01:20:35.159Z,okx,103763.8,104179.7,103914,70,false,104908.9579
2026-04-20T01:20:35.159Z,pepperstone,103824.3,104040.8,103932.55,10,false,104144.8408
2026-04-20T01:20:35.159Z,swyftx,103493.59635848,104564.39812576,104028.99724212001,0,true,104564.3981
2026-04-20T06:07:26.588Z,coinspot,103999,104320.47,104250,100,false,105363.6747
2026-04-20T06:07:26.588Z,independentreserve,104030,104066.82,104002.95,50,false,104587.1541
2026-04-20T06:07:26.588Z,kraken,104136.4,104166.8,104166.5,80,false,105000.1344
2026-04-20T06:07:26.588Z,okx,104133.8,104133.9,103762.1,70,false,104862.8373
2026-04-20T06:07:26.588Z,pepperstone,104022.4,104203.1,104112.75,10,false,104307.3031
2026-04-20T06:07:26.588Z,swyftx,103555.50585545,104626.985081,104091.24546822501,0,true,104626.9851
2026-04-20T09:30:32.976Z,coinspot,104739.15,104998.99,104999,100,false,106048.9799
2026-04-20T09:30:32.976Z,independentreserve,104926.63,104944,104900,50,false,105468.7200
2026-04-20T09:30:32.976Z,kraken,104962.3,104985.9,104996.6,80,false,105825.7872
2026-04-20T09:30:32.976Z,okx,104943.6,104948.1,104354.3,70,false,105682.7367
2026-04-20T09:30:32.976Z,pepperstone,104817.5,105019.1,104918.3,10,false,105124.1191
2026-04-20T09:30:32.976Z,swyftx,104387.09782706,105467.32851095,104927.213169005,0,true,105467.3285
2026-04-20T13:00:00.650Z,coinspot,105200,105476.99,105434.99,100,false,106531.7599
2026-04-20T13:00:00.650Z,independentreserve,105190.01,105265.98,105265.98,50,false,105792.3099
2026-04-20T13:00:00.650Z,kraken,105272.5,105272.6,105272.6,80,false,106114.7808
2026-04-20T13:00:00.650Z,okx,105243.8,105243.9,104354.3,70,false,105980.6073
2026-04-20T13:00:00.650Z,pepperstone,105142.6,105320.2,105231.4,10,false,105425.5202
2026-04-20T13:00:00.650Z,swyftx,104677.21410018,105760.70403798,105218.95906908001,0,true,105760.7040
2026-04-20T16:51:50.247Z,coinspot,104933.83,105315.56,105193.07,100,false,106368.7156
2026-04-20T16:51:50.247Z,independentreserve,105096.01,105160,105070.19,50,false,105685.8000
2026-04-20T16:51:50.247Z,kraken,105162.7,105197.7,105225.2,80,false,106039.2816
2026-04-20T16:51:50.247Z,okx,105118.1,105118.2,105482,70,false,105854.0274
2026-04-20T16:51:50.247Z,pepperstone,105014.5,105198.2,105106.35,10,false,105303.3982
2026-04-20T16:51:50.247Z,swyftx,104547.20774925,105629.88672697,105088.54723811,0,true,105629.8867
2026-04-20T20:33:55.008Z,coinspot,106042.89,106499.99,106498.24,100,false,107564.9899
2026-04-20T20:33:55.008Z,independentreserve,106203.01,106283.87,106321.99,50,false,106815.2893
2026-04-20T20:33:55.008Z,kraken,106331.9,106358.1,106369.1,80,false,107208.9648
2026-04-20T20:33:55.008Z,okx,106289.1,106289.3,106105,70,false,107033.3251
2026-04-20T20:33:55.008Z,pepperstone,106170.5,106377.6,106274.05,10,false,106483.9776
2026-04-20T20:33:55.008Z,swyftx,105685.01547806,106787.29585732,106236.15566769,0,true,106787.2959
2026-04-21T01:18:04.110Z,coinspot,106004.46,106241,106004.46,100,false,107303.4100
2026-04-21T01:18:04.110Z,independentreserve,105963.29,106058.99,106177.99,50,false,106589.2850
2026-04-21T01:18:04.110Z,kraken,106068.6,106091.9,106140.9,80,false,106940.6352
2026-04-21T01:18:04.110Z,okx,106041.7,106041.8,106105,70,false,106784.0926
2026-04-21T01:18:04.110Z,pepperstone,105911.9,106104.8,106008.35,10,false,106210.9048
2026-04-21T01:18:04.110Z,swyftx,105428.89800817,106520.91238769,105974.90519793,0,true,106520.9124
2026-04-21T05:56:27.894Z,coinspot,105658.88,106074.99,106074.99,100,false,107135.7399
2026-04-21T05:56:27.894Z,independentreserve,105836.01,105910.74,105910.63,50,false,106440.2937
2026-04-21T05:56:27.894Z,kraken,105895.8,105919.7,105876.8,80,false,106767.0576
2026-04-21T05:56:27.894Z,okx,105880.1,105889,105883.7,70,false,106630.2230
2026-04-21T05:56:27.894Z,pepperstone,105763.3,105957.3,105860.3,10,false,106063.2573
2026-04-21T05:56:27.894Z,swyftx,105284.28224798,106374.40753089,105829.344889435,0,true,106374.4075
2026-04-21T09:15:45.066Z,coinspot,107000,107238.99,107000,100,false,108311.3799
2026-04-21T09:15:45.066Z,independentreserve,106950.18,107053.71,107005,50,false,107588.9785
2026-04-21T09:15:45.066Z,kraken,107097.3,107114.4,107052.7,80,false,107971.3152
2026-04-21T09:15:45.066Z,okx,107044.4,107051.8,106806.1,70,false,107801.1626
2026-04-21T09:15:45.066Z,pepperstone,106928.6,107123.1,107025.85,10,false,107230.2231
2026-04-21T09:15:45.066Z,swyftx,106426.24980863,107527.60092612,106976.92536737499,0,true,107527.6009
2026-04-21T12:55:01.751Z,coinspot,106100.01,106343,106216,100,false,107406.4300
2026-04-21T12:55:01.751Z,independentreserve,106106.03,106207.99,106052.01,50,false,106739.0299
2026-04-21T12:55:01.751Z,kraken,106190.9,106219.9,106148.6,80,false,107069.6592
2026-04-21T12:55:01.751Z,okx,106168.3,106168.4,107029.7,70,false,106911.5788
2026-04-21T12:55:01.751Z,pepperstone,106043.5,106268.6,106156.05,10,false,106374.8686
2026-04-21T12:55:01.751Z,swyftx,105584.86767597,106677.78979235,106131.32873416,0,true,106677.7898
2026-04-21T16:46:21.164Z,coinspot,106167.08,106452.31,106423.49,100,false,107516.8331
2026-04-21T16:46:21.164Z,independentreserve,106167.01,106250.99,106166.97,50,false,106782.2449
2026-04-21T16:46:21.164Z,kraken,106283.7,106299.8,106227.5,80,false,107150.1984
2026-04-21T16:46:21.164Z,okx,106285.8,106295.2,105677.9,70,false,107039.2664
2026-04-21T16:46:21.164Z,pepperstone,106146.9,106348.2,106247.54999999999,10,false,106454.5482
2026-04-21T16:46:21.164Z,swyftx,105664.39148168,106765.63311855,106215.01230011499,0,true,106765.6331
2026-04-21T20:38:32.253Z,coinspot,106000,106080.45,105792.37173,100,false,107141.2545
2026-04-21T20:38:32.253Z,independentreserve,105792.01,105864.99,106038.99,50,false,106394.3149
2026-04-21T20:38:32.253Z,kraken,105842.5,105870.3,105840.7,80,false,106717.2624
2026-04-21T20:38:32.253Z,okx,105835.1,105836.3,105322.4,70,false,106577.1541
2026-04-21T20:38:32.253Z,pepperstone,105698.7,105900.6,105799.65,10,false,106006.5006
2026-04-21T20:38:32.253Z,swyftx,105248.7703766,106338.19492258,105793.48264959,0,true,106338.1949
2026-04-22T01:16:31.479Z,coinspot,106461.81,106500,106500,100,false,107565.0000
2026-04-22T01:16:31.479Z,independentreserve,106535,106638,106628.73,50,false,107171.1900
2026-04-22T01:16:31.479Z,kraken,106712.2,106732.5,106749,80,false,107586.3600
2026-04-22T01:16:31.479Z,okx,106686.7,106696,105432,70,false,107442.8720
2026-04-22T01:16:31.479Z,pepperstone,106551.8,106736.6,106644.20000000001,10,false,106843.3366
2026-04-22T01:16:31.479Z,swyftx,106079.74165434,107185.50493798,106632.62329616,0,true,107185.5049
2026-04-22T05:54:16.029Z,coinspot,108501.64,108992.82,108999,100,false,110082.7482
2026-04-22T05:54:16.029Z,independentreserve,108696,108772.89,108960.99,50,false,109316.7544
2026-04-22T05:54:16.029Z,kraken,108818.7,108840.4,109004.3,80,false,109711.1232
2026-04-22T05:54:16.029Z,okx,108792.7,108792.8,109144.3,70,false,109554.3496
2026-04-22T05:54:16.029Z,pepperstone,108655.9,108835.4,108745.65,10,false,108944.2354
2026-04-22T05:54:16.029Z,swyftx,108218.4382801,109339.17361071,108778.80594540501,0,true,109339.1736
2026-04-22T09:09:48.447Z,coinspot,108999,109000,109000,100,false,110090.0000
2026-04-22T09:09:48.447Z,independentreserve,108896,108997.99,108941.98,50,false,109542.9799
2026-04-22T09:09:48.447Z,kraken,108990.1,109000,108933.5,80,false,109872.0000
2026-04-22T09:09:48.447Z,okx,108958.8,108958.9,109036.3,70,false,109721.6123
2026-04-22T09:09:48.447Z,pepperstone,108866.4,109044.9,108955.65,10,false,109153.9449
2026-04-22T09:09:48.447Z,swyftx,108348.6456968,109470.53749091,108909.591593855,0,true,109470.5375
2026-04-22T12:55:29.208Z,coinspot,109400.71,109652.37,109638.48,100,false,110748.8937
2026-04-22T12:55:29.208Z,independentreserve,109290.04,109358.97,109291.01,50,false,109905.7648
2026-04-22T12:55:29.208Z,kraken,109531.6,109553.6,109579.1,80,false,110430.0288
2026-04-22T12:55:29.208Z,okx,109496,109885,109440.1,70,false,110654.1950
2026-04-22T12:55:29.208Z,pepperstone,109380.5,109570.1,109475.3,10,false,109679.6701
2026-04-22T12:55:29.208Z,swyftx,108888.67382406,110015.46826962,109452.07104683999,0,true,110015.4683
2026-04-22T16:47:30.533Z,coinspot,110001,110209.39,110250,100,false,111311.4839
2026-04-22T16:47:30.533Z,independentreserve,109893.01,109971.99,110002.99,50,false,110521.8499
2026-04-22T16:47:30.533Z,kraken,110125.2,110156.9,110143,80,false,111038.1552
2026-04-22T16:47:30.533Z,okx,110121.3,110121.4,110944.1,70,false,110892.2498
2026-04-22T16:47:30.533Z,pepperstone,110031.7,110228.8,110130.25,10,false,110339.0288
2026-04-22T16:47:30.533Z,swyftx,109524.59020658,110658.23417688,110091.41219172999,0,true,110658.2342
2026-04-22T20:41:13.554Z,coinspot,109400.01,109700,109783.6,100,false,110797.0000
2026-04-22T20:41:13.554Z,independentreserve,109503.01,109578.15,109485.03,50,false,110126.0407
2026-04-22T20:41:13.554Z,kraken,109732.1,109749.2,109772.4,80,false,110627.1936
2026-04-22T20:41:13.554Z,okx,109748.1,109748.2,109886.3,70,false,110516.4374
2026-04-22T20:41:13.554Z,pepperstone,109637.1,109841.7,109739.4,10,false,109951.5417
2026-04-22T20:41:13.554Z,swyftx,109173.96212499,110311.997545,109742.979834995,0,true,110311.9975
2026-04-23T01:21:35.609Z,coinspot,109029.62,109485.96,109411.98,100,false,110580.8196
2026-04-23T01:21:35.609Z,independentreserve,109216.01,109299,109288,50,false,109845.4950
2026-04-23T01:21:35.609Z,kraken,109276.7,109290.2,109214.6,80,false,110164.5216
2026-04-23T01:21:35.609Z,okx,109287.8,109287.9,109516.6,70,false,110052.9153
2026-04-23T01:21:35.609Z,pepperstone,109179.4,109373.4,109276.4,10,false,109482.7734
2026-04-23T01:21:35.609Z,swyftx,108605.82733659,109729.96168828,109167.894512435,0,true,109729.9617
2026-04-23T05:58:08.346Z,coinspot,109063.62,109268.73,109268.81,100,false,110361.4173
2026-04-23T05:58:08.346Z,independentreserve,108899.81,108991.31,109029.4,50,false,109536.2665
2026-04-23T05:58:08.346Z,kraken,109078.9,109103,109095.6,80,false,109975.8240
2026-04-23T05:58:08.346Z,okx,109107,109112.1,109002,70,false,109875.8847
2026-04-23T05:58:08.346Z,pepperstone,108978,109165.9,109071.95,10,false,109275.0659
2026-04-23T05:58:08.346Z,swyftx,108530.09082732,109661.17837534,109095.63460133,0,true,109661.1784
2026-04-23T09:16:26.266Z,coinspot,108537.3,108870.93,108780.96,100,false,109959.6393
2026-04-23T09:16:26.266Z,independentreserve,108589.02,108655,108653.98,50,false,109198.2750
2026-04-23T09:16:26.266Z,kraken,108643.1,108686.8,108646.2,80,false,109556.2944
2026-04-23T09:16:26.266Z,okx,108656.1,108656.3,109062.4,70,false,109416.8941
2026-04-23T09:16:26.266Z,pepperstone,108525.5,108713.1,108619.3,10,false,108821.8131
2026-04-23T09:16:26.266Z,swyftx,108021.88206595,109139.61235269,108580.74720932,0,true,109139.6124
2026-04-23T12:55:07.988Z,coinspot,108682.63,109016.97,109022.97,100,false,110107.1397
2026-04-23T12:55:07.988Z,independentreserve,108758.03,108862,108812.73,50,false,109406.3100
2026-04-23T12:55:07.988Z,kraken,108861.3,108872.1,108676.8,80,false,109743.0768
2026-04-23T12:55:07.988Z,okx,108820.2,108820.4,108454.2,70,false,109582.1428
2026-04-23T12:55:07.988Z,pepperstone,108709.1,108901.3,108805.20000000001,10,false,109010.2013
2026-04-23T12:55:07.988Z,swyftx,108206.68312213,109334.02974532,108770.356433725,0,true,109334.0297
2026-04-23T17:06:59.415Z,coinspot,109000,109248.06,109275.6,100,false,110340.5406
2026-04-23T17:06:59.415Z,independentreserve,109058,109148,109355,50,false,109693.7400
2026-04-23T17:06:59.415Z,kraken,109130.7,109162.6,109060.5,80,false,110035.9008
2026-04-23T17:06:59.415Z,okx,109057.1,109126.9,109591.4,70,false,109890.7883
2026-04-23T17:06:59.415Z,pepperstone,108970.7,109160.1,109065.4,10,false,109269.2601
2026-04-23T17:06:59.415Z,swyftx,108468.21787218,109590.41480385,109029.31633801499,0,true,109590.4148
2026-04-23T20:41:54.035Z,coinspot,109467,109700,109310,100,false,110797.0000
2026-04-23T20:41:54.035Z,independentreserve,109404.16,109509.6,109416.63,50,false,110057.1480
2026-04-23T20:41:54.035Z,kraken,109408.8,109408.9,109399.1,80,false,110284.1712
2026-04-23T20:41:54.035Z,okx,109424.5,109491.8,109591.4,70,false,110258.2426
2026-04-23T20:41:54.035Z,pepperstone,109348,109542.8,109445.4,10,false,109652.3428
2026-04-23T20:41:54.035Z,swyftx,108880.21229193,110006.13762657,109443.17495925,0,true,110006.1376
2026-04-24T01:21:07.167Z,coinspot,109610,109748.79,109747.47,100,false,110846.2779
2026-04-24T01:21:07.167Z,independentreserve,109471,109572.99,109569.98,50,false,110120.8549
2026-04-24T01:21:07.167Z,kraken,109600,109600.1,109600.1,80,false,110476.9008
2026-04-24T01:21:07.167Z,okx,109463.4,109538.7,109727.8,70,false,110305.4709
2026-04-24T01:21:07.167Z,pepperstone,109383.9,109566.8,109475.35,10,false,109676.3668
2026-04-24T01:21:07.167Z,swyftx,108917.31441279,110043.73625124,109480.52533201501,0,true,110043.7363
2026-04-24T06:01:54.217Z,coinspot,109245.91,109596.06,109504.19,100,false,110692.0206
2026-04-24T06:01:54.217Z,independentreserve,109327.05,109424,109949.26,50,false,109971.1200
2026-04-24T06:01:54.217Z,kraken,109448.3,109478,109506,80,false,110353.8240
2026-04-24T06:01:54.217Z,okx,109326.8,109396.1,110018.8,70,false,110161.8727
2026-04-24T06:01:54.217Z,pepperstone,109201.6,109448.4,109325,10,false,109557.8484
2026-04-24T06:01:54.217Z,swyftx,108829.33498506,109954.71616713,109392.02557609501,0,true,109954.7162
2026-04-24T09:21:04.170Z,coinspot,108774,108800,108774.27,100,false,109888.0000
2026-04-24T09:21:04.170Z,independentreserve,108673.04,108743.97,108189,50,false,109287.6898
2026-04-24T09:21:04.170Z,kraken,108814.9,108866.4,108875.3,80,false,109737.3312
2026-04-24T09:21:04.170Z,okx,108714.2,108780.5,108800,70,false,109541.9635
2026-04-24T09:21:04.170Z,pepperstone,108622.6,108807.7,108715.15,10,false,108916.5077
2026-04-24T09:21:04.170Z,swyftx,108199.71962542,109326.54429354,108763.13195948,0,true,109326.5443
2026-04-24T12:53:47.066Z,coinspot,109500,109684.57,109699.99,100,false,110781.4157
2026-04-24T12:53:47.066Z,independentreserve,109425.34,109592.77,109424.35,50,false,110140.7338
2026-04-24T12:53:47.066Z,kraken,109508.8,109544.6,109544.8,80,false,110420.9568
2026-04-24T12:53:47.066Z,okx,109445,109516.6,108800,70,false,110283.2162
2026-04-24T12:53:47.066Z,pepperstone,109351.1,109560.5,109455.8,10,false,109670.0605
2026-04-24T12:53:47.066Z,swyftx,108862.10487156,109995.92722019,109429.016045875,0,true,109995.9272
2026-04-24T16:42:54.494Z,coinspot,108758,108845.36,108774,100,false,109933.8136
2026-04-24T16:42:54.494Z,independentreserve,108584.5,108656.77,108584.5,50,false,109200.0538
2026-04-24T16:42:54.494Z,kraken,108654.9,108660.7,108649.3,80,false,109529.9856
2026-04-24T16:42:54.494Z,okx,108598.6,108669,108800,70,false,109429.6830
2026-04-24T16:42:54.494Z,pepperstone,108506.1,108701,108603.55,10,false,108809.7010
2026-04-24T16:42:54.494Z,swyftx,108028.47415277,109146.40566322,108587.439907995,0,true,109146.4057
2026-04-24T20:33:46.136Z,coinspot,108600,108830.78,108783.96,100,false,109919.0878
2026-04-24T20:33:46.136Z,independentreserve,108547.14,108625.99,108583,50,false,109169.1199
2026-04-24T20:33:46.136Z,kraken,108562.3,108581.3,108558,80,false,109449.9504
2026-04-24T20:33:46.136Z,okx,108519.2,108581.1,108800,70,false,109341.1677
2026-04-24T20:33:46.136Z,pepperstone,108429.9,108627.9,108528.9,10,false,108736.5279
2026-04-24T20:33:46.136Z,swyftx,107953.65167507,109078.55802767,108516.10485137001,0,true,109078.5580
2026-04-25T01:14:29.569Z,coinspot,108550,108599.8,108599.8,100,false,109685.7980
2026-04-25T01:14:29.569Z,independentreserve,108385.5,108618.63,108341,50,false,109161.7231
2026-04-25T01:14:29.569Z,kraken,108504,108504.1,108485.7,80,false,109372.1328
2026-04-25T01:14:29.569Z,okx,108318.8,108665.7,108522.9,70,false,109426.3599
2026-04-25T01:14:29.569Z,pepperstone,108428.9,108622.1,108525.5,10,false,108730.7221
2026-04-25T01:14:29.569Z,swyftx,107831.02589164,109102.46666847,108466.746280055,0,true,109102.4667
2026-04-25T05:42:20.441Z,coinspot,108851,109078.13,108851,100,false,110168.9113
2026-04-25T05:42:20.441Z,independentreserve,108600,108736.41,108600,50,false,109280.0920
2026-04-25T05:42:20.441Z,kraken,108597.6,108600.9,108587,80,false,109469.7072
2026-04-25T05:42:20.441Z,okx,108284.9,108719,108844.1,70,false,109480.0330
2026-04-25T05:42:20.441Z,pepperstone,108524.7,108709.9,108617.29999999999,10,false,108818.6099
2026-04-25T05:42:20.441Z,swyftx,107969.9783167,109242.90660497,108606.44246083501,0,true,109242.9066
2026-04-25T08:39:34.589Z,coinspot,108750,108998.43,108999.96,100,false,110088.4143
2026-04-25T08:39:34.589Z,independentreserve,108614.1,108780.47,108602.26,50,false,109324.3723
2026-04-25T08:39:34.589Z,kraken,108764.5,108776.4,108784.8,80,false,109646.6112
2026-04-25T08:39:34.589Z,okx,108522.2,108864.3,108844.1,70,false,109626.3501
2026-04-25T08:39:34.589Z,pepperstone,108705,108887.2,108796.1,10,false,108996.0872
2026-04-25T08:39:34.589Z,swyftx,108150.2706075,109425.17313005,108787.721868775,0,true,109425.1731
2026-04-25T12:35:08.851Z,coinspot,108750.4,108992.98,108995.36,100,false,110082.9098
2026-04-25T12:35:08.851Z,independentreserve,108593.26,108827.1,109447.91,50,false,109371.2355
2026-04-25T12:35:08.851Z,kraken,108718.4,108742.8,108725.3,80,false,109612.7424
2026-04-25T12:35:08.851Z,okx,108360.6,108794.9,108794.9,70,false,109556.4643
2026-04-25T12:35:08.851Z,pepperstone,108500,109024.7,108762.35,10,false,109133.7247
2026-04-25T12:35:08.851Z,swyftx,108093.12713441,109359.53584604,108726.331490225,0,true,109359.5358
2026-04-25T16:28:10.757Z,coinspot,108700.53,108784.62,108856.11,100,false,109872.4662
2026-04-25T16:28:10.757Z,independentreserve,108500.27,108631.85,108676.46,50,false,109175.0092
2026-04-25T16:28:10.757Z,kraken,108434.7,108451.4,108504.3,80,false,109319.0112
2026-04-25T16:28:10.757Z,okx,108222.2,108474.1,108575.9,70,false,109233.4187
2026-04-25T16:28:10.757Z,pepperstone,108409.9,108600.8,108505.35,10,false,108709.4008
2026-04-25T16:28:10.757Z,swyftx,107845.85226547,109179.08357408,108512.467919775,0,true,109179.0836
2026-04-25T20:25:59.355Z,coinspot,108512.3,108758,108757.99,100,false,109845.5800
2026-04-25T20:25:59.355Z,independentreserve,108376.5,108687.18,108330,50,false,109230.6159
2026-04-25T20:25:59.355Z,kraken,108454.9,108460.6,108460.6,80,false,109328.2848
2026-04-25T20:25:59.355Z,okx,108200,108724.8,108200,70,false,109485.8736
2026-04-25T20:25:59.355Z,pepperstone,108436.3,108622.9,108529.6,10,false,108731.5229
2026-04-25T20:25:59.355Z,swyftx,107852.7413739,109193.96967211,108523.35552300501,0,true,109193.9697
2026-04-26T01:23:09.383Z,coinspot,108658.01,108660,108660,100,false,109746.6000
2026-04-26T01:23:09.383Z,independentreserve,108800.01,108984,108884.45,50,false,109528.9200
2026-04-26T01:23:09.383Z,kraken,108676.8,108697.5,108659,80,false,109567.0800
2026-04-26T01:23:09.383Z,okx,108368,108723.1,108629.3,70,false,109484.1617
2026-04-26T01:23:09.383Z,pepperstone,108626.8,108835.8,108731.3,10,false,108944.6358
2026-04-26T01:23:09.383Z,swyftx,108018.28476976,109392.70844691,108705.496608335,0,true,109392.7084
2026-04-26T05:59:59.375Z,coinspot,109500,109568.42,109594.39,100,false,110664.1042
2026-04-26T05:59:59.375Z,independentreserve,109218.29,109428.75,109930.92,50,false,109975.8937
2026-04-26T05:59:59.375Z,kraken,109443.5,109443.6,109443.6,80,false,110319.1488
2026-04-26T05:59:59.375Z,okx,108973.5,109319.3,108629.3,70,false,110084.5351
2026-04-26T05:59:59.375Z,pepperstone,109332.5,109519.2,109425.85,10,false,109628.7192
2026-04-26T05:59:59.375Z,swyftx,108745.05090511,110112.64692961,109428.84891736,0,true,110112.6469
2026-04-26T08:47:41.273Z,coinspot,109500,109693.96,109500,100,false,110790.8996
2026-04-26T08:47:41.273Z,independentreserve,109321.93,109619.07,109622.09,50,false,110167.1653
2026-04-26T08:47:41.273Z,kraken,109408.9,109409.6,109415.8,80,false,110284.8768
2026-04-26T08:47:41.273Z,okx,109053.3,109398.4,109361.3,70,false,110164.1888
2026-04-26T08:47:41.273Z,pepperstone,109413,109593.7,109503.35,10,false,109703.2937
2026-04-26T08:47:41.273Z,swyftx,108832.78548077,110177.86933702,109505.32740889501,0,true,110177.8693
2026-04-26T12:36:38.361Z,coinspot,109500,109758.59,109797.89,100,false,110856.1759
2026-04-26T12:36:38.361Z,independentreserve,109238.71,109650.83,109634.65,50,false,110199.0841
2026-04-26T12:36:38.361Z,kraken,109409.6,109411.3,109412.4,80,false,110286.5904
2026-04-26T12:36:38.361Z,okx,108978.1,109303.5,109361.3,70,false,110068.6245
2026-04-26T12:36:38.361Z,pepperstone,109328.8,109513.7,109421.25,10,false,109623.2137
2026-04-26T12:36:38.361Z,swyftx,108725.51993356,110077.14165805,109401.330795805,0,true,110077.1417
2026-04-26T16:28:54.463Z,coinspot,109600,109699.99,109699.99,100,false,110796.9899
2026-04-26T16:28:54.463Z,independentreserve,109338.24,109726.6,109318,50,false,110275.2330
2026-04-26T16:28:54.463Z,kraken,109420.1,109420.2,109420.1,80,false,110295.5616
2026-04-26T16:28:54.463Z,okx,109361.3,109403.7,109361.3,70,false,110169.5259
2026-04-26T16:28:54.463Z,pepperstone,109419.6,109606.4,109513,10,false,109716.0064
2026-04-26T16:28:54.463Z,swyftx,108830.81457741,110175.80586909,109503.31022325001,0,true,110175.8059
2026-04-26T20:26:01.039Z,coinspot,109600.02,109999.94,109999.94,100,false,111099.9394
2026-04-26T20:26:01.039Z,independentreserve,109693.43,109930.98,109771.23,50,false,110480.6349
2026-04-26T20:26:01.039Z,kraken,109644.6,109644.7,109644.7,80,false,110521.8576
2026-04-26T20:26:01.039Z,okx,109200.2,110353.9,109023.8,70,false,111126.3773
2026-04-26T20:26:01.039Z,pepperstone,106355.3,112934,109644.65,10,false,113046.9340
2026-04-26T20:26:01.039Z,swyftx,109187.7582075,110544.49112408,109866.12466579,0,true,110544.4911
2026-04-27T01:24:21.308Z,coinspot,110300,110559.89,110500,100,false,111665.4889
2026-04-27T01:24:21.308Z,independentreserve,110257.02,110373,110349,50,false,110924.8650
2026-04-27T01:24:21.308Z,kraken,110297.1,110307.7,110361,80,false,111190.1616
2026-04-27T01:24:21.308Z,okx,110263,110335.3,109023.8,70,false,111107.6471
2026-04-27T01:24:21.308Z,pepperstone,110140.2,110339.6,110239.9,10,false,110449.9396
2026-04-27T01:24:21.308Z,swyftx,109750.30025619,110894.64235613,110322.47130616,0,true,110894.6424
2026-04-27T06:20:54.206Z,coinspot,108896,108898,108853,100,false,109986.9800
2026-04-27T06:20:54.206Z,independentreserve,108767.08,108835,108749,50,false,109379.1750
2026-04-27T06:20:54.206Z,kraken,108790.6,108792.6,108784,80,false,109662.9408
2026-04-27T06:20:54.206Z,okx,108709.7,108776.8,108685.4,70,false,109538.2376
2026-04-27T06:20:54.206Z,pepperstone,108575.9,108780.4,108678.15,10,false,108889.1804
2026-04-27T06:20:54.206Z,swyftx,108109.53198476,109228.79549988,108669.16374232,0,true,109228.7955
2026-04-27T10:03:08.420Z,coinspot,108825,108845.43,108848,100,false,109933.8843
2026-04-27T10:03:08.420Z,independentreserve,108550.01,108565.99,108558.03,50,false,109108.8199
2026-04-27T10:03:08.420Z,kraken,108505.9,108509.1,108509.5,80,false,109377.1728
2026-04-27T10:03:08.420Z,okx,108414.4,108470.9,108341.6,70,false,109230.1963
2026-04-27T10:03:08.420Z,pepperstone,108286.7,108473.3,108380,10,false,108581.7733
2026-04-27T10:03:08.420Z,swyftx,107833.93877886,108951.2448618,108392.59182033001,0,true,108951.2449
2026-04-27T13:13:08.760Z,coinspot,108200,108325,108328,100,false,109408.2500
2026-04-27T13:13:08.760Z,independentreserve,108170.09,108270.16,108165.12,50,false,108811.5108
2026-04-27T13:13:08.760Z,kraken,108178.4,108200.7,108192,80,false,109066.3056
2026-04-27T13:13:08.760Z,okx,108122,108186.8,108341.6,70,false,108944.1076
2026-04-27T13:13:08.760Z,pepperstone,108000.1,108185.6,108092.85,10,false,108293.7856
2026-04-27T13:13:08.760Z,swyftx,107537.28556845,108651.72805632,108094.50681238499,0,true,108651.7281
2026-04-27T17:13:22.610Z,coinspot,106527.78,106980,106555,100,false,108049.8000
2026-04-27T17:13:22.610Z,independentreserve,106844.03,106928.99,106945.96,50,false,107463.6349
2026-04-27T17:13:22.610Z,kraken,106800.1,106830.5,106887.9,80,false,107685.1440
2026-04-27T17:13:22.610Z,okx,106823.6,106879.7,107000,70,false,107627.8579
2026-04-27T17:13:22.610Z,pepperstone,106632.5,106815.2,106723.85,10,false,106922.0152
2026-04-27T17:13:22.610Z,swyftx,106208.16639151,107316.40806192,106762.28722671501,0,true,107316.4081
2026-04-27T20:48:47.730Z,coinspot,107211,107323,107289,100,false,108396.2300
2026-04-27T20:48:47.730Z,independentreserve,107239,107307,107304,50,false,107843.5350
2026-04-27T20:48:47.730Z,kraken,107220,107221,107220.1,80,false,108078.7680
2026-04-27T20:48:47.730Z,okx,107170.3,107233.1,107000,70,false,107983.7317
2026-04-27T20:48:47.730Z,pepperstone,106999.9,107185.7,107092.79999999999,10,false,107292.8857
2026-04-27T20:48:47.730Z,swyftx,106532.29819424,107636.13622294,107084.21720859,0,true,107636.1362
2026-04-28T01:30:31.692Z,coinspot,107700,107749.99,107750,100,false,108827.4899
2026-04-28T01:30:31.692Z,independentreserve,107532,107683.96,107683.97,50,false,108222.3798
2026-04-28T01:30:31.692Z,kraken,107526.9,107544.3,107507,80,false,108404.6544
2026-04-28T01:30:31.692Z,okx,107554.9,107623.6,107750,70,false,108376.9652
2026-04-28T01:30:31.692Z,pepperstone,107377.1,107579,107478.05,10,false,107686.5790
2026-04-28T01:30:31.692Z,swyftx,106944.16681791,108052.19790358,107498.182360745,0,true,108052.1979
2026-04-28T06:23:09.380Z,coinspot,107250,107525.99,107258.12,100,false,108601.2499
2026-04-28T06:23:09.380Z,independentreserve,107400.01,107414.99,107400.01,50,false,107952.0649
2026-04-28T06:23:09.380Z,kraken,107366,107370.6,107395.5,80,false,108229.5648
2026-04-28T06:23:09.380Z,okx,107321.3,107376.9,107265.3,70,false,108128.5383
2026-04-28T06:23:09.380Z,pepperstone,107154,107338.2,107246.1,10,false,107445.5382
2026-04-28T06:23:09.380Z,swyftx,106674.45133899,107779.29053473,107226.87093686,0,true,107779.2905
2026-04-28T10:03:46.156Z,coinspot,107040,107081,106988,100,false,108151.8100
2026-04-28T10:03:46.156Z,independentreserve,106898.89,106987.35,106957.9,50,false,107522.2867
2026-04-28T10:03:46.156Z,kraken,106899,106933.5,106910,80,false,107788.9680
2026-04-28T10:03:46.156Z,okx,106876.7,106917.8,107102.4,70,false,107666.2246
2026-04-28T10:03:46.156Z,pepperstone,106684.5,106870.3,106777.4,10,false,106977.1703
2026-04-28T10:03:46.156Z,swyftx,106260.98240039,107369.32861999,106815.15551019,0,true,107369.3286
2026-04-28T13:23:17.697Z,coinspot,106300,106502.99,106498.77,100,false,107568.0199
2026-04-28T13:23:17.697Z,independentreserve,106294,106357.98,106298,50,false,106889.7699
2026-04-28T13:23:17.697Z,kraken,106282.4,106300.7,106351.1,80,false,107151.1056
2026-04-28T13:23:17.697Z,okx,106353.7,106393.1,106256.1,70,false,107137.8517
2026-04-28T13:23:17.697Z,pepperstone,106166.9,106351.5,106259.2,10,false,106457.8515
2026-04-28T13:23:17.697Z,swyftx,105700.31235678,106802.36945425,106251.34090551501,0,true,106802.3695
2026-04-28T17:27:20.914Z,coinspot,105992.82,106156.19,106151.61,100,false,107217.7519
2026-04-28T17:27:20.914Z,independentreserve,105992,106067.99,105874,50,false,106598.3299
2026-04-28T17:27:20.914Z,kraken,105980.9,105991.7,105913,80,false,106839.6336
2026-04-28T17:27:20.914Z,okx,106045.7,106115.4,105800,70,false,106858.2078
2026-04-28T17:27:20.914Z,pepperstone,105840.7,106036.4,105938.54999999999,10,false,106142.4364
2026-04-28T17:27:20.914Z,swyftx,105394.11276476,106485.97097322,105940.04186899,0,true,106485.9710
2026-04-28T20:56:41.865Z,coinspot,106300,106673.97,106673.94605377,100,false,107740.7097
2026-04-28T20:56:41.865Z,independentreserve,106523,106588.76,106588.95,50,false,107121.7038
2026-04-28T20:56:41.865Z,kraken,106473.3,106482.3,106440.1,80,false,107334.1584
2026-04-28T20:56:41.865Z,okx,106351.8,106778.1,105800,70,false,107525.5467
2026-04-28T20:56:41.865Z,pepperstone,106363.1,106554,106458.55,10,false,106660.5540
2026-04-28T20:56:41.865Z,swyftx,105884.34766125,106981.35988159,106432.85377141999,0,true,106981.3599
2026-04-29T01:46:31.377Z,coinspot,106674.29,106674.96,106674.29,100,false,107741.7096
2026-04-29T01:46:31.377Z,independentreserve,106486.01,106509.03,106538.25,50,false,107041.5751
2026-04-29T01:46:31.377Z,kraken,106483.3,106499.7,106476.4,80,false,107351.6976
2026-04-29T01:46:31.377Z,okx,106546.8,106607.9,105800,70,false,107354.1553
2026-04-29T01:46:31.377Z,pepperstone,106364.2,106548.1,106456.15,10,false,106654.6481
2026-04-29T01:46:31.377Z,swyftx,105910.30381693,107007.304451,106458.804133965,0,true,107007.3045
2026-04-29T06:15:09.348Z,coinspot,108000,108105.99,108058.99,100,false,109187.0499
2026-04-29T06:15:09.348Z,independentreserve,107868,107886.93,107886.93,50,false,108426.3646
2026-04-29T06:15:09.348Z,kraken,107877.4,107882.9,107878.6,80,false,108745.9632
2026-04-29T06:15:09.348Z,okx,107963.2,108024.1,107953.9,70,false,108780.2687
2026-04-29T06:15:09.348Z,pepperstone,107783.3,107974.9,107879.1,10,false,108082.8749
2026-04-29T06:15:09.348Z,swyftx,107268.728818,108379.17542398,107823.95212099,0,true,108379.1754
2026-04-29T09:55:32.977Z,coinspot,108351.72,108750,108550,100,false,109837.5000
2026-04-29T09:55:32.977Z,independentreserve,108723.01,108774.74,109286.82,50,false,109318.6137
2026-04-29T09:55:32.977Z,kraken,108427.9,108428,108428,80,false,109295.4240
2026-04-29T09:55:32.977Z,okx,108844.4,108899.3,108787.2,70,false,109661.5951
2026-04-29T09:55:32.977Z,pepperstone,108679.3,108862.9,108771.1,10,false,108971.7629
2026-04-29T09:55:32.977Z,swyftx,108064.56388474,109190.79982726,108627.681856,0,true,109190.7998
2026-04-29T13:16:36.679Z,coinspot,108000,108114,107700,100,false,109195.1400
2026-04-29T13:16:36.679Z,independentreserve,107849,107918.45,107812.95,50,false,108458.0422
2026-04-29T13:16:36.679Z,kraken,107888.3,107904.4,107824.2,80,false,108767.6352
2026-04-29T13:16:36.679Z,okx,107987.2,108036.6,108808.8,70,false,108792.8562
2026-04-29T13:16:36.679Z,pepperstone,107801.9,107989.1,107895.5,10,false,108097.0891
2026-04-29T13:16:36.679Z,swyftx,107309.04538499,108419.85242436,107864.448904675,0,true,108419.8524
2026-04-29T17:14:00.935Z,coinspot,106418.91,107061.76,107013.1019,100,false,108132.3776
2026-04-29T17:14:00.935Z,independentreserve,106210.04,106241,106210.04,50,false,106772.2050
2026-04-29T17:14:00.935Z,kraken,106505.2,106526.8,106578.2,80,false,107379.0144
2026-04-29T17:14:00.935Z,okx,106698,106754.1,106500,70,false,107501.3787
2026-04-29T17:14:00.935Z,pepperstone,106424.1,106606.8,106515.45000000001,10,false,106713.4068
2026-04-29T17:14:00.935Z,swyftx,105978.88083988,107074.85968448,106526.87026218,0,true,107074.8597
2026-04-29T20:49:04.863Z,coinspot,106717.45,107661.24,106687.16552749,100,false,108737.8524
2026-04-29T20:49:04.863Z,independentreserve,106459.09,106538.99,106622.96,50,false,107071.6849
2026-04-29T20:49:04.863Z,kraken,106462.4,106473.2,106473.2,80,false,107324.9856
2026-04-29T20:49:04.863Z,okx,106591.8,106733.1,105625,70,false,107480.2317
2026-04-29T20:49:04.863Z,pepperstone,106327.8,106520.5,106424.15,10,false,106627.0205
2026-04-29T20:49:04.863Z,swyftx,105885.47612121,106980.19433651,106432.83522886,0,true,106980.1943
2026-04-30T01:45:31.730Z,coinspot,107060.08,107544.8,107435.53,100,false,108620.2480
2026-04-30T01:45:31.730Z,independentreserve,107169.83,107256.99,107094,50,false,107793.2749
2026-04-30T01:45:31.730Z,kraken,107143.6,107170.7,107114.3,80,false,108028.0656
2026-04-30T01:45:31.730Z,okx,107324.2,107370.4,105625,70,false,108121.9928
2026-04-30T01:45:31.730Z,pepperstone,107054.2,107256.4,107155.29999999999,10,false,107363.6564
2026-04-30T01:45:31.730Z,swyftx,106601.8110913,107704.10214471,107152.956618005,0,true,107704.1021
2026-04-30T06:20:24.392Z,coinspot,106200,106519,106499.99,100,false,107584.1900
2026-04-30T06:20:24.392Z,independentreserve,106329.07,106378.46,106445,50,false,106910.3523
2026-04-30T06:20:24.392Z,kraken,106273.7,106291,106315.7,80,false,107141.3280
2026-04-30T06:20:24.392Z,okx,106435.7,106505.4,106206.9,70,false,107250.9378
2026-04-30T06:20:24.392Z,pepperstone,106187.2,106367.4,106277.29999999999,10,false,106473.7674
2026-04-30T06:20:24.392Z,swyftx,105737.2962083,106830.40905056,106283.85262943001,0,true,106830.4091
2026-04-30T09:55:41.345Z,coinspot,106500,106735,106725,100,false,107802.3500
2026-04-30T09:55:41.345Z,independentreserve,106514,106595.18,106626.99,50,false,107128.1559
2026-04-30T09:55:41.345Z,kraken,106529.9,106532.5,106530,80,false,107384.7600
2026-04-30T09:55:41.345Z,okx,106637.4,106696.1,106835.4,70,false,107442.9727
2026-04-30T09:55:41.345Z,pepperstone,106403.1,106581.3,106492.20000000001,10,false,106687.8813
2026-04-30T09:55:41.345Z,swyftx,105939.19856769,107035.54565468,106487.37211118499,0,true,107035.5457
2026-04-30T13:15:50.915Z,coinspot,106590,106865,106863,100,false,107933.6500
2026-04-30T13:15:50.915Z,independentreserve,106673,106734.95,107249.6,50,false,107268.6247
2026-04-30T13:15:50.915Z,kraken,106639.7,106681.5,106675.3,80,false,107534.9520
2026-04-30T13:15:50.915Z,okx,106801.8,106842.3,106992.5,70,false,107590.1961
2026-04-30T13:15:50.915Z,pepperstone,106541.2,106736.4,106638.79999999999,10,false,106843.1364
2026-04-30T13:15:50.915Z,swyftx,106088.3423935,107194.1376638,106641.24002865,0,true,107194.1377
2026-04-30T17:07:10.819Z,coinspot,106250,106339,106314.5,100,false,107402.3900
2026-04-30T17:07:10.819Z,independentreserve,106119.07,106185.99,106151.97,50,false,106716.9199
2026-04-30T17:07:10.819Z,kraken,106140.9,106151.3,106159.1,80,false,107000.5104
2026-04-30T17:07:10.819Z,okx,106266.9,106329,106336.5,70,false,107073.3030
2026-04-30T17:07:10.819Z,pepperstone,106021.4,106206.8,106114.1,10,false,106313.0068
2026-04-30T17:07:10.819Z,swyftx,105551.0696962,106644.72245059,106097.896073395,0,true,106644.7225
2026-04-30T20:48:24.920Z,coinspot,106148.7,106148.71,106148.71,100,false,107210.1971
2026-04-30T20:48:24.920Z,independentreserve,106306.65,106382,106373.95,50,false,106913.9100
2026-04-30T20:48:24.920Z,kraken,106238.4,106238.5,106238.5,80,false,107088.4080
2026-04-30T20:48:24.920Z,okx,106424.8,106478.1,106356,70,false,107223.4467
2026-04-30T20:48:24.920Z,pepperstone,106154.8,106345.9,106250.35,10,false,106452.2459
2026-04-30T20:48:24.920Z,swyftx,105686.08995121,106781.74390317,106233.91692719,0,true,106781.7439
2026-05-01T01:48:12.890Z,coinspot,106500,106711,106683,100,false,107778.1100
2026-05-01T01:48:12.890Z,independentreserve,106497,106566.44,106490.14,50,false,107099.2722
2026-05-01T01:48:12.890Z,kraken,106409.5,106409.6,106407.1,80,false,107260.8768
2026-05-01T01:48:12.890Z,okx,106571.2,106639.4,106405.5,70,false,107385.8758
2026-05-01T01:48:12.890Z,pepperstone,106318.4,106502.7,106410.54999999999,10,false,106609.2027
2026-05-01T01:48:12.890Z,swyftx,105839.83162116,106937.09765,106388.46463557999,0,true,106937.0976
2026-05-01T06:30:20.275Z,coinspot,107596.53,107649.99,107664.63,100,false,108726.4899
2026-05-01T06:30:20.275Z,independentreserve,107370.09,107429,107359.62,50,false,107966.1450
2026-05-01T06:30:20.275Z,kraken,107181,107181.1,107181,80,false,108038.5488
2026-05-01T06:30:20.275Z,okx,107427.2,107498.6,107531.9,70,false,108251.0902
2026-05-01T06:30:20.275Z,pepperstone,107181.7,107363.8,107272.75,10,false,107471.1638
2026-05-01T06:30:20.275Z,swyftx,106694.72432547,107800.49220394,107247.60826470499,0,true,107800.4922
2026-05-01T09:23:41.492Z,coinspot,107218.78,107902.21,107212.01,100,false,108981.2321
2026-05-01T09:23:41.492Z,independentreserve,107601,107682.5,107601,50,false,108220.9125
2026-05-01T09:23:41.492Z,kraken,107551.6,107557.3,107546.7,80,false,108417.7584
2026-05-01T09:23:41.492Z,okx,107693.4,107743.1,107674.2,70,false,108497.3017
2026-05-01T09:23:41.492Z,pepperstone,107466.8,107652.6,107559.70000000001,10,false,107760.2526
2026-05-01T09:23:41.492Z,swyftx,106988.65987205,108097.39828725,107543.02907965,0,true,108097.3983
2026-05-01T12:50:08.825Z,coinspot,108389,108500,108500,100,false,109585.0000
2026-05-01T12:50:08.825Z,independentreserve,108362.23,108447.99,108368.24,50,false,108990.2299
2026-05-01T12:50:08.825Z,kraken,108283.1,108306.4,108279.6,80,false,109172.8512
2026-05-01T12:50:08.825Z,okx,108438.1,108480.5,107759.3,70,false,109239.8635
2026-05-01T12:50:08.825Z,pepperstone,108195.6,108379.1,108287.35,10,false,108487.4791
2026-05-01T12:50:08.825Z,swyftx,107714.107728,108830.8045639,108272.45614595001,0,true,108830.8046
2026-05-01T16:41:49.069Z,coinspot,108500,108628.23,108800,100,false,109714.5123
2026-05-01T16:41:49.069Z,independentreserve,108527.47,108603,108668,50,false,109146.0150
2026-05-01T16:41:49.069Z,kraken,108523.9,108541.4,108486.2,80,false,109409.7312
2026-05-01T16:41:49.069Z,okx,108639,108699.8,109250,70,false,109460.6986
2026-05-01T16:41:49.069Z,pepperstone,108399.4,108593.4,108496.4,10,false,108701.9934
2026-05-01T16:41:49.069Z,swyftx,108000.07056256,109120.17538375,108560.122973155,0,true,109120.1754
2026-05-01T20:39:55.037Z,coinspot,108362.51,108490.28,108525.56,100,false,109575.1828
2026-05-01T20:39:55.037Z,independentreserve,108412,108500.34,108448,50,false,109042.8417
2026-05-01T20:39:55.037Z,kraken,108452,108452.1,108453.8,80,false,109319.7168
2026-05-01T20:39:55.037Z,okx,108557.9,108616.2,109105.8,70,false,109376.5134
2026-05-01T20:39:55.037Z,pepperstone,108312.9,108494.1,108403.5,10,false,108602.5941
2026-05-01T20:39:55.037Z,swyftx,107869.51288513,108987.76350045,108428.63819279001,0,true,108987.7635
2026-05-02T01:26:10.640Z,coinspot,108512.99,108798.98,108798.98,100,false,109886.9698
2026-05-02T01:26:10.640Z,independentreserve,108503.14,108789.4,108564.51,50,false,109333.3470
2026-05-02T01:26:10.640Z,kraken,108783.3,108797.8,108743.5,80,false,109668.1824
2026-05-02T01:26:10.640Z,okx,108756.8,109125.1,108290.8,70,false,109888.9757
2026-05-02T01:26:10.640Z,pepperstone,108684.7,108867.3,108776,10,false,108976.1673
2026-05-02T01:26:10.640Z,swyftx,108100.4831226,109441.53202801,108771.007575305,0,true,109441.5320
2026-05-02T05:59:23.701Z,coinspot,108700.06,108958.26,108700,100,false,110047.8426
2026-05-02T05:59:23.701Z,independentreserve,108480.04,108730.67,108508.48,50,false,109274.3233
2026-05-02T05:59:23.701Z,kraken,108573.2,108573.3,108573.3,80,false,109441.8864
2026-05-02T05:59:23.701Z,okx,108515.3,108935.1,108911,70,false,109697.6457
2026-05-02T05:59:23.701Z,pepperstone,108556.6,108741.7,108649.15,10,false,108850.4417
2026-05-02T05:59:23.701Z,swyftx,107969.5396052,109308.85848802,108639.19904661001,0,true,109308.8585
2026-05-02T08:55:45.547Z,coinspot,108700,108745,108744.99,100,false,109832.4500
2026-05-02T08:55:45.547Z,independentreserve,108624.01,108722.21,108680.05,50,false,109265.8210
2026-05-02T08:55:45.547Z,kraken,108770.6,108792.2,108816.7,80,false,109662.5376
2026-05-02T08:55:45.547Z,okx,108675.9,109105.9,108944.3,70,false,109869.6413
2026-05-02T08:55:45.547Z,pepperstone,108721.6,108904.4,108813,10,false,109013.3044
2026-05-02T08:55:45.547Z,swyftx,108141.10861354,109482.44984843,108811.779230985,0,true,109482.4498
2026-05-02T12:40:52.780Z,coinspot,108500,108556.78,108556.78,100,false,109642.3478
2026-05-02T12:40:52.780Z,independentreserve,108470.4,108585.07,108608.76,50,false,109127.9953
2026-05-02T12:40:52.780Z,kraken,108625.8,108647.2,108647.2,80,false,109516.3776
2026-05-02T12:40:52.780Z,okx,108644.9,108914.7,108944.3,70,false,109677.1029
2026-05-02T12:40:52.780Z,pepperstone,108554,108740.3,108647.15,10,false,108849.0403
2026-05-02T12:40:52.780Z,swyftx,107975.23793712,109314.52179658,108644.87986685,0,true,109314.5218
2026-05-02T16:34:01.439Z,coinspot,108916.62,109255.01,108916.45,100,false,110347.5601
2026-05-02T16:34:01.439Z,independentreserve,108889.9,109140.05,109161.73,50,false,109685.7502
2026-05-02T16:34:01.439Z,kraken,109017,109052.4,109067.5,80,false,109924.8192
2026-05-02T16:34:01.439Z,okx,108877.2,109312.4,108944.3,70,false,110077.5868
2026-05-02T16:34:01.439Z,pepperstone,108949.9,109134.4,109042.15,10,false,109243.5344
2026-05-02T16:34:01.439Z,swyftx,108366.65572912,109702.91567308,109034.7857011,0,true,109702.9157
2026-05-02T20:28:59.400Z,coinspot,109150,109199.18,109235.67,100,false,110291.1718
2026-05-02T20:28:59.400Z,independentreserve,108827.01,109100.56,108825.01,50,false,109646.0628
2026-05-02T20:28:59.400Z,kraken,108963.3,108982.2,108969.4,80,false,109854.0576
2026-05-02T20:28:59.400Z,okx,108919,109241.8,108944.3,70,false,110006.4926
2026-05-02T20:28:59.400Z,pepperstone,108932.4,109117,109024.7,10,false,109226.1170
2026-05-02T20:28:59.400Z,swyftx,108342.57936008,109686.17371767,109014.37653887499,0,true,109686.1737
2026-05-03T01:29:59.268Z,coinspot,108400,108799.47,108854.057025,100,false,109887.4647
2026-05-03T01:29:59.268Z,independentreserve,108605.68,108837.15,108593,50,false,109381.3357
2026-05-03T01:29:59.268Z,kraken,108703.3,108749.6,108725.1,80,false,109619.5968
2026-05-03T01:29:59.268Z,okx,108644.9,109056.9,108944.3,70,false,109820.2983
2026-05-03T01:29:59.268Z,pepperstone,108737.4,108922.2,108829.79999999999,10,false,109031.1222
2026-05-03T01:29:59.268Z,swyftx,108146.12235209,109479.42126449,108812.77180829,0,true,109479.4213
2026-05-03T06:19:38.637Z,coinspot,108500,108556.28,108576.64,100,false,109641.8428
2026-05-03T06:19:38.637Z,independentreserve,108373.87,108613.97,108633.26,50,false,109157.0398
2026-05-03T06:19:38.637Z,kraken,108520.5,108528.9,108536.6,80,false,109397.1312
2026-05-03T06:19:38.637Z,okx,108459.4,108851.5,108488.5,70,false,109613.4605
2026-05-03T06:19:38.637Z,pepperstone,108529.8,108714,108621.9,10,false,108822.7140
2026-05-03T06:19:38.637Z,swyftx,107946.47475601,109285.22652572,108615.850640865,0,true,109285.2265
2026-05-03T09:10:43.223Z,coinspot,108715.66,109000,108999.99,100,false,110090.0000
2026-05-03T09:10:43.223Z,independentreserve,108639.37,108799.97,108636.2,50,false,109343.9698
2026-05-03T09:10:43.223Z,kraken,108924.3,108924.4,108918.8,80,false,109795.7952
2026-05-03T09:10:43.223Z,okx,108810.7,109246.8,109154.5,70,false,110011.5276
2026-05-03T09:10:43.223Z,pepperstone,108926.4,109110.8,109018.6,10,false,109219.9108
2026-05-03T09:10:43.223Z,swyftx,108351.4961279,109695.23599739,109023.366062645,0,true,109695.2360
2026-05-03T12:39:52.528Z,coinspot,109300,109478.54,109497.56,100,false,110573.3254
2026-05-03T12:39:52.528Z,independentreserve,109197.22,109362.86,109389.86,50,false,109909.6743
2026-05-03T12:39:52.528Z,kraken,109195.1,109210,109270,80,false,110083.6800
2026-05-03T12:39:52.528Z,okx,109216,109653.7,109154.5,70,false,110421.2759
2026-05-03T12:39:52.528Z,pepperstone,109357,109541,109449,10,false,109650.5410
2026-05-03T12:39:52.528Z,swyftx,108769.45954337,110118.31112981,109443.88533659,0,true,110118.3111
2026-05-03T16:34:39.367Z,coinspot,109300,109499.99,109500,100,false,110594.9899
2026-05-03T16:34:39.367Z,independentreserve,109174.13,109355.3,109369.45,50,false,109902.0765
2026-05-03T16:34:39.367Z,kraken,109198,109210,109210,80,false,110083.6800
2026-05-03T16:34:39.367Z,okx,109211.6,109646.3,109300,70,false,110413.8241
2026-05-03T16:34:39.367Z,pepperstone,109382.8,109560.2,109471.5,10,false,109669.7602
2026-05-03T16:34:39.367Z,swyftx,108738.79371106,110087.23146608,109413.01258857001,0,true,110087.2315
2026-05-03T20:30:04.893Z,coinspot,109189.93,109500,109500,100,false,110595.0000
2026-05-03T20:30:04.893Z,independentreserve,109203.52,109500,109499.99,50,false,110047.5000
2026-05-03T20:30:04.893Z,kraken,109484.3,109500,109490.8,80,false,110376.0000
2026-05-03T20:30:04.893Z,okx,109033.5,109999.9,109300,70,false,110769.8993
2026-05-03T20:30:04.893Z,pepperstone,106175,112827.4,109501.2,10,false,112940.2274
2026-05-03T20:30:04.893Z,swyftx,108609.90956718,110180.23740271,109395.073484945,0,true,110180.2374
2026-05-04T01:28:27.608Z,coinspot,108900.8,109287.94,108900,100,false,110380.8194
2026-05-04T01:28:27.608Z,independentreserve,108851,108912.97,108841.99,50,false,109457.5348
2026-05-04T01:28:27.608Z,kraken,109050.4,109078.2,109114.5,80,false,109950.8256
2026-05-04T01:28:27.608Z,okx,109197,109237.3,109133.1,70,false,110001.9611
2026-05-04T01:28:27.608Z,pepperstone,108980.7,109164.2,109072.45,10,false,109273.3642
2026-05-04T01:28:27.608Z,swyftx,108482.15586731,109606.81513476,109044.485501035,0,true,109606.8151
2026-05-04T06:32:19.278Z,coinspot,110200.01,110749.99,110479,100,false,111857.4899
2026-05-04T06:32:19.278Z,independentreserve,110417.03,110485,110386,50,false,111037.4250
2026-05-04T06:32:19.278Z,kraken,110560.8,110606.8,110489.4,80,false,111491.6544
2026-05-04T06:32:19.278Z,okx,110645.4,110683.1,111329.7,70,false,111457.8817
2026-05-04T06:32:19.278Z,pepperstone,110499.3,110687.1,110593.20000000001,10,false,110797.7871
2026-05-04T06:32:19.278Z,swyftx,109946.53109455,111086.607959,110516.569526775,0,true,111086.6080
2026-05-04T10:04:01.344Z,coinspot,110411,110627.47,110782,100,false,111733.7447
2026-05-04T10:04:01.344Z,independentreserve,110208.98,110262.97,110307,50,false,110814.2848
2026-05-04T10:04:01.344Z,kraken,110484.7,110489.6,110493.2,80,false,111373.5168
2026-05-04T10:04:01.344Z,okx,110422.4,110473.6,111159.8,70,false,111246.9152
2026-05-04T10:04:01.344Z,pepperstone,110220.6,110531.8,110376.20000000001,10,false,110642.3318
2026-05-04T10:04:01.344Z,swyftx,109913.87314481,111056.17512552,110485.024135165,0,true,111056.1751
2026-05-04T13:17:16.313Z,coinspot,109588,109999.99,109999.99,100,false,111099.9899
2026-05-04T13:17:16.313Z,independentreserve,109747,109819.99,109341.2,50,false,110369.0899
2026-05-04T13:17:16.313Z,kraken,109850.7,109882.9,109882.7,80,false,110761.9632
2026-05-04T13:17:16.313Z,okx,109837.2,109902.2,109945.1,70,false,110671.5154
2026-05-04T13:17:16.313Z,pepperstone,109735.3,109916.2,109825.75,10,false,110026.1162
2026-05-04T13:17:16.313Z,swyftx,109218.74609084,110350.41948804,109784.58278944,0,true,110350.4195
2026-05-04T17:19:07.032Z,coinspot,111545.27,111900,111900,100,false,113019.0000
2026-05-04T17:19:07.032Z,independentreserve,112121.65,112122,112012.02,50,false,112682.6100
2026-05-04T17:19:07.032Z,kraken,112192.8,112203.7,112203.7,80,false,113101.3296
2026-05-04T17:19:07.032Z,okx,112182.7,112242.6,112157.8,70,false,113028.2982
2026-05-04T17:19:07.032Z,pepperstone,112074.9,112265.2,112170.04999999999,10,false,112377.4652
2026-05-04T17:19:07.032Z,swyftx,111547.19578881,112702.38292301,112124.78935591,0,true,112702.3829
2026-05-04T20:55:45.500Z,coinspot,111500.06,111500.07,111500.07,100,false,112615.0707
2026-05-04T20:55:45.500Z,independentreserve,111460.02,111554.75,111533.99,50,false,112112.5237
2026-05-04T20:55:45.500Z,kraken,111599.7,111626.6,111596.7,80,false,112519.6128
2026-05-04T20:55:45.500Z,okx,111487.8,111874.8,111545.3,70,false,112657.9236
2026-05-04T20:55:45.500Z,pepperstone,111483.6,111678.2,111580.9,10,false,111789.8782
2026-05-04T20:55:45.500Z,swyftx,110958.90532242,112107.86366216,111533.38449229,0,true,112107.8637
2026-05-05T01:28:21.970Z,coinspot,111897.03,112221.99,112221.99,100,false,113344.2099
2026-05-05T01:28:21.970Z,independentreserve,111982.2,112004,111982.19,50,false,112564.0200
2026-05-05T01:28:21.970Z,kraken,112150.9,112162.8,112193.7,80,false,113060.1024
2026-05-05T01:28:21.970Z,okx,112157.4,112221.3,111547.5,70,false,113006.8491
2026-05-05T01:28:21.970Z,pepperstone,112040.9,112227.7,112134.29999999999,10,false,112339.9277
2026-05-05T01:28:21.970Z,swyftx,111557.3639676,112712.10734252,112134.73565506001,0,true,112712.1073
2026-05-05T06:08:46.404Z,coinspot,113005.65,113417.24,113550,100,false,114551.4124
2026-05-05T06:08:46.404Z,independentreserve,113169.93,113218,113213,50,false,113784.0900
2026-05-05T06:08:46.404Z,kraken,113279.8,113294.6,113338.1,80,false,114200.9568
2026-05-05T06:08:46.404Z,okx,113251.1,113319.8,113360.3,70,false,114113.0386
2026-05-05T06:08:46.404Z,pepperstone,113135.8,113346.5,113241.15,10,false,113459.8465
2026-05-05T06:08:46.404Z,swyftx,112649.67118771,113815.36441237,113232.51780004,0,true,113815.3644
2026-05-05T09:49:46.054Z,coinspot,112609,112635.45,112688,100,false,113761.8045
2026-05-05T09:49:46.054Z,independentreserve,112489.18,112526,112534,50,false,113088.6300
2026-05-05T09:49:46.054Z,kraken,112531.5,112545.2,112630,80,false,113445.5616
2026-05-05T09:49:46.054Z,okx,112519.5,112568.8,112799.6,70,false,113356.7816
2026-05-05T09:49:46.054Z,pepperstone,112405.6,112591.4,112498.5,10,false,112703.9914
2026-05-05T09:49:46.054Z,swyftx,111920.78659935,113079.5077337,112500.147166525,0,true,113079.5077
2026-05-05T13:04:36.085Z,coinspot,113600,113669.61,113542,100,false,114806.3061
2026-05-05T13:04:36.085Z,independentreserve,113434.01,113510.99,113414.01,50,false,114078.5449
2026-05-05T13:04:36.085Z,kraken,113483.3,113500,113500,80,false,114408.0000
2026-05-05T13:04:36.085Z,okx,113476.7,113536,112896.6,70,false,114330.7520
2026-05-05T13:04:36.085Z,pepperstone,113390.3,113580.2,113485.25,10,false,113693.7802
2026-05-05T13:04:36.085Z,swyftx,112864.38078593,114033.52966986,113448.955227895,0,true,114033.5297
2026-05-05T17:10:44.837Z,coinspot,112932.79,113305,113279,100,false,114438.0500
2026-05-05T17:10:44.837Z,independentreserve,113073.01,113155,113112,50,false,113720.7750
2026-05-05T17:10:44.837Z,kraken,113077.9,113091.3,113085.5,80,false,113996.0304
2026-05-05T17:10:44.837Z,okx,113097.5,113160.8,113142.5,70,false,113952.9256
2026-05-05T17:10:44.837Z,pepperstone,112994.2,113186.7,113090.45,10,false,113299.8867
2026-05-05T17:10:44.837Z,swyftx,112442.99312043,113608.05466927,113025.52389484999,0,true,113608.0547
2026-05-05T20:50:52.649Z,coinspot,113800,113883,113800,100,false,115021.8300
2026-05-05T20:50:52.649Z,independentreserve,113677.05,113729,113658,50,false,114297.6450
2026-05-05T20:50:52.649Z,kraken,113643.2,113674.6,113621,80,false,114583.9968
2026-05-05T20:50:52.649Z,okx,113658.5,113714.3,113142.5,70,false,114510.3001
2026-05-05T20:50:52.649Z,pepperstone,113545.4,113730.3,113637.85,10,false,113844.0303
2026-05-05T20:50:52.649Z,swyftx,113047.18980569,114218.37210935,113632.78095752001,0,true,114218.3721
2026-05-06T01:26:30.022Z,coinspot,112564,112649.34,112661,100,false,113775.8334
2026-05-06T01:26:30.022Z,independentreserve,112351.32,112458.79,112472.27,50,false,113021.0839
2026-05-06T01:26:30.022Z,kraken,112385.5,112387.8,112449.3,80,false,113286.9024
2026-05-06T01:26:30.022Z,okx,112395.9,112452.4,112000,70,false,113239.5668
2026-05-06T01:26:30.022Z,pepperstone,112273.2,112463.4,112368.29999999999,10,false,112575.8634
2026-05-06T01:26:30.022Z,swyftx,111805.95475075,112990.67434353,112398.31454714,0,true,112990.6743
2026-05-06T06:23:13.703Z,coinspot,112111.44,112300,112270,100,false,113423.0000
2026-05-06T06:23:13.703Z,independentreserve,112135.01,112242.38,112250.71,50,false,112803.5919
2026-05-06T06:23:13.703Z,kraken,112176.2,112192.9,112150.1,80,false,113090.4432
2026-05-06T06:23:13.703Z,okx,112164.9,112223.8,112000,70,false,113009.3666
2026-05-06T06:23:13.703Z,pepperstone,112041,112228.6,112134.8,10,false,112340.8286
2026-05-06T06:23:13.703Z,swyftx,111542.45591931,112700.56298528,112121.509452295,0,true,112700.5630
2026-05-06T10:05:40.587Z,coinspot,112881.01,113001,113001,100,false,114131.0100
2026-05-06T10:05:40.587Z,independentreserve,112879,112985.67,113008.52,50,false,113550.5983
2026-05-06T10:05:40.587Z,kraken,112935.8,112956.7,112993,80,false,113860.3536
2026-05-06T10:05:40.587Z,okx,112921.4,112983.9,112992.7,70,false,113774.7873
2026-05-06T10:05:40.587Z,pepperstone,112786.8,112976.8,112881.8,10,false,113089.7768
2026-05-06T10:05:40.587Z,swyftx,112301.97897913,113468.53997565,112885.25947739,0,true,113468.5400
2026-05-06T13:24:03.023Z,coinspot,113600,113899.99,113899.99,100,false,115038.9899
2026-05-06T13:24:03.023Z,independentreserve,113485.01,113566.97,113477,50,false,114134.8048
2026-05-06T13:24:03.023Z,kraken,113386.2,113452.4,113383.8,80,false,114360.0192
2026-05-06T13:24:03.023Z,okx,113478,113545.9,113938.5,70,false,114340.7213
2026-05-06T13:24:03.023Z,pepperstone,113309.1,113498.6,113403.85,10,false,113612.0986
2026-05-06T13:24:03.023Z,swyftx,112778.09721012,113948.56621655,113363.331713335,0,true,113948.5662
2026-05-06T17:19:28.103Z,coinspot,112850,113095.03,113095.72,100,false,114225.9803
2026-05-06T17:19:28.103Z,independentreserve,112748.01,112853.81,112798.08,50,false,113418.0790
2026-05-06T17:19:28.103Z,kraken,112676.9,112732.5,112690.5,80,false,113634.3600
2026-05-06T17:19:28.103Z,okx,112705.8,112789.6,112989.8,70,false,113579.1272
2026-05-06T17:19:28.103Z,pepperstone,112568.2,112767,112667.6,10,false,112879.7670
2026-05-06T17:19:28.103Z,swyftx,112029.8484131,113192.37005924,112611.10923617,0,true,113192.3701
2026-05-06T21:00:10.698Z,coinspot,112600.63,112999.99,112999.99,100,false,114129.9899
2026-05-06T21:00:10.698Z,independentreserve,112611.13,112723.99,112711.99,50,false,113287.6099
2026-05-06T21:00:10.698Z,kraken,112547.5,112590.5,112577.9,80,false,113491.2240
2026-05-06T21:00:10.698Z,okx,112581.8,112644.8,112989.8,70,false,113433.3136
2026-05-06T21:00:10.698Z,pepperstone,112351.9,112656.6,112504.25,10,false,112769.2566
2026-05-06T21:00:10.698Z,swyftx,111928.96386217,113090.65965091,112509.81175654,0,true,113090.6597
2026-05-07T01:44:54.299Z,coinspot,112600,112692.1,112596.21,100,false,113819.0210
2026-05-07T01:44:54.299Z,independentreserve,112187.01,112239.38,112239.4,50,false,112800.5769
2026-05-07T01:44:54.299Z,kraken,112195.4,112225.3,112205.9,80,false,113123.1024
2026-05-07T01:44:54.299Z,okx,112246.2,112305.2,112208.3,70,false,113091.3364
2026-05-07T01:44:54.299Z,pepperstone,112064.9,112254.3,112159.6,10,false,112366.5543
2026-05-07T01:44:54.299Z,swyftx,111550.0145547,112708.11887914,112129.06671692,0,true,112708.1189
2026-05-07T06:28:17.212Z,coinspot,111973,112042,111979,100,false,113162.4200
2026-05-07T06:28:17.212Z,independentreserve,111793,111861.21,111786.8,50,false,112420.5160
2026-05-07T06:28:17.212Z,kraken,111845.9,111875.4,111852.9,80,false,112770.4032
2026-05-07T06:28:17.212Z,okx,111892.2,111962.7,111951.6,70,false,112746.4389
2026-05-07T06:28:17.212Z,pepperstone,111735.2,111915.8,111825.5,10,false,112027.7158
2026-05-07T06:28:17.212Z,swyftx,111238.43263403,112393.2226402,111815.827637115,0,true,112393.2226
2026-05-07T10:12:03.916Z,coinspot,111600.01,111636,111667.5,100,false,112752.3600
2026-05-07T10:12:03.916Z,independentreserve,111371.01,111465.87,111538.77,50,false,112023.1993
2026-05-07T10:12:03.916Z,kraken,111501.6,111526.3,111629.6,80,false,112418.5104
2026-05-07T10:12:03.916Z,okx,111500,111550.8,111951.6,70,false,112331.6556
2026-05-07T10:12:03.916Z,pepperstone,111306.3,111490.3,111398.3,10,false,111601.7903
2026-05-07T10:12:03.916Z,swyftx,110829.804738,111981.03183754,111405.41828777001,0,true,111981.0318
2026-05-07T13:23:38.763Z,coinspot,111750,111999,111956.99,100,false,113118.9900
2026-05-07T13:23:38.763Z,independentreserve,111703.01,111788.92,111685,50,false,112347.8646
2026-05-07T13:23:38.763Z,kraken,111859.9,111887.9,111884.4,80,false,112783.0032
2026-05-07T13:23:38.763Z,okx,111916.5,111972,111691.7,70,false,112755.8040
2026-05-07T13:23:38.763Z,pepperstone,111738.2,111929,111833.6,10,false,112040.9290
2026-05-07T13:23:38.763Z,swyftx,111242.44721201,112397.57939236,111820.01330218499,0,true,112397.5794
2026-05-07T17:29:17.131Z,coinspot,110200.41,110549.99,110250,100,false,111655.4899
2026-05-07T17:29:17.131Z,independentreserve,110235.07,110309,110000,50,false,110860.5450
2026-05-07T17:29:17.131Z,kraken,110309.8,110350.3,110128,80,false,111233.1024
2026-05-07T17:29:17.131Z,okx,110353.1,110442.5,110400,70,false,111215.5975
2026-05-07T17:29:17.131Z,pepperstone,110168.4,110372.3,110270.35,10,false,110482.6723
2026-05-07T17:29:17.131Z,swyftx,109685.50009492,110823.73371178,110254.61690335,0,true,110823.7337
2026-05-07T20:55:06.184Z,coinspot,110738.3,111031.64,111060,100,false,112141.9564
2026-05-07T20:55:06.184Z,independentreserve,110675.01,110753.11,110764.58,50,false,111306.8755
2026-05-07T20:55:06.184Z,kraken,110886.5,110937.7,110933.8,80,false,111825.2016
2026-05-07T20:55:06.184Z,okx,110931.2,110993.6,110400,70,false,111770.5552
2026-05-07T20:55:06.184Z,pepperstone,110762.4,110967.1,110864.75,10,false,111078.0671
2026-05-07T20:55:06.184Z,swyftx,110300.79088358,111444.59951345,110872.695198515,0,true,111444.5995
2026-05-08T01:48:04.551Z,coinspot,110531.82,110700,110700,100,false,111807.0000
2026-05-08T01:48:04.551Z,independentreserve,110551.13,110642.48,110550.44,50,false,111195.6924
2026-05-08T01:48:04.551Z,kraken,110658.3,110666.4,110666.4,80,false,111551.7312
2026-05-08T01:48:04.551Z,okx,110702.4,110761.1,111095.9,70,false,111536.4277
2026-05-08T01:48:04.551Z,pepperstone,110536.8,110710.8,110623.8,10,false,110821.5108
2026-05-08T01:48:04.551Z,swyftx,110037.73411049,111178.87461013,110608.30436031,0,true,111178.8746
2026-05-08T05:49:30.934Z,coinspot,110250,110400,110400,100,false,111504.0000
2026-05-08T05:49:30.934Z,independentreserve,110281.01,110363.99,110283.01,50,false,110915.8099
2026-05-08T05:49:30.934Z,kraken,110312.2,110346.4,110359.4,80,false,111229.1712
2026-05-08T05:49:30.934Z,okx,110381.4,110447.8,110479.4,70,false,111220.9346
2026-05-08T05:49:30.934Z,pepperstone,110213.4,110393.9,110303.65,10,false,110504.2939
2026-05-08T05:49:30.934Z,swyftx,109725.15304858,110863.50317517,110294.328111875,0,true,110863.5032
2026-05-08T09:02:43.740Z,coinspot,110105.58,110400,110400,100,false,111504.0000
2026-05-08T09:02:43.740Z,independentreserve,110294.3,110346,110343,50,false,110897.7300
2026-05-08T09:02:43.740Z,kraken,110365.8,110398.2,110438.1,80,false,111281.3856
2026-05-08T09:02:43.740Z,okx,110425,110488.9,110589.8,70,false,111262.3223
2026-05-08T09:02:43.740Z,pepperstone,110252.5,110424.4,110338.45,10,false,110534.8244
2026-05-08T09:02:43.740Z,swyftx,109773.96760323,110905.2615732,110339.614588215,0,true,110905.2616
2026-05-08T13:04:10.333Z,coinspot,110529.34,111064.67,110977.82,100,false,112175.3167
2026-05-08T13:04:10.333Z,independentreserve,110543.82,110632.91,110671.99,50,false,111186.0745
2026-05-08T13:04:10.333Z,kraken,110610,110627,110645.8,80,false,111512.0160
2026-05-08T13:04:10.333Z,okx,110652.2,110720.4,111047,70,false,111495.4428
2026-05-08T13:04:10.333Z,pepperstone,110498,110682.2,110590.1,10,false,110792.8822
2026-05-08T13:04:10.333Z,swyftx,110024.66709795,111166.73795849,110595.70252822,0,true,111166.7380
2026-05-08T16:59:28.561Z,coinspot,110250,110606.12,110540.52,100,false,111712.1812
2026-05-08T16:59:28.561Z,independentreserve,110167,110253.95,110172.01,50,false,110805.2197
2026-05-08T16:59:28.561Z,kraken,110229.7,110264.4,110225.5,80,false,111146.5152
2026-05-08T16:59:28.561Z,okx,110295.6,110361,110846.7,70,false,111133.5270
2026-05-08T16:59:28.561Z,pepperstone,110110.2,110288.3,110199.25,10,false,110398.5883
2026-05-08T16:59:28.561Z,swyftx,109627.0702633,110765.11258198,110196.09142264,0,true,110765.1126
2026-05-08T20:43:48.231Z,coinspot,110800,111059.41,110800,100,false,112170.0041
2026-05-08T20:43:48.231Z,independentreserve,110688.08,110771.18,110766.95,50,false,111325.0359
2026-05-08T20:43:48.231Z,kraken,110689,110716.2,110666.5,80,false,111601.9296
2026-05-08T20:43:48.231Z,okx,110774.9,110838.8,110706.7,70,false,111614.6716
2026-05-08T20:43:48.231Z,pepperstone,110597.1,110781.1,110689.1,10,false,110891.8811
2026-05-08T20:43:48.231Z,swyftx,110117.91862574,111261.23538665,110689.577006195,0,true,111261.2354
2026-05-09T01:43:57.608Z,coinspot,111185,111331.89,111332.99,100,false,112445.2089
2026-05-09T01:43:57.608Z,independentreserve,110874.53,111000,111000,50,false,111555.0000
2026-05-09T01:43:57.608Z,kraken,110955.2,110989.9,111000,80,false,111877.8192
2026-05-09T01:43:57.608Z,okx,110819.3,111178,110673.7,70,false,111956.2460
2026-05-09T01:43:57.608Z,pepperstone,110882.4,111063,110972.7,10,false,111174.0630
2026-05-09T01:43:57.608Z,swyftx,110324.75322777,111623.54578838,110974.149508075,0,true,111623.5458
2026-05-09T06:08:08.508Z,coinspot,111095,111111,111111,100,false,112222.1100
2026-05-09T06:08:08.508Z,independentreserve,111127.72,111235.99,111127.31,50,false,111792.1699
2026-05-09T06:08:08.508Z,kraken,110969.8,110996.4,110992.5,80,false,111884.3712
2026-05-09T06:08:08.508Z,okx,110871,111315.5,110988,70,false,112094.7085
2026-05-09T06:08:08.508Z,pepperstone,110970.5,111153.1,111061.8,10,false,111264.2531
2026-05-09T06:08:08.508Z,swyftx,110407.86550015,111707.51238349,111057.68894182,0,true,111707.5124
2026-05-09T09:05:23.892Z,coinspot,110805.35,111000,110808,100,false,112110.0000
2026-05-09T09:05:23.892Z,independentreserve,111002.08,111124.95,111124.97,50,false,111680.5747
2026-05-09T09:05:23.892Z,kraken,110932.5,110974.7,110995.3,80,false,111862.4976
2026-05-09T09:05:23.892Z,okx,110838.3,111282.6,110988,70,false,112061.5782
2026-05-09T09:05:23.892Z,pepperstone,110957.7,111140.3,111049,10,false,111251.4403
2026-05-09T09:05:23.892Z,swyftx,110407.44489879,111707.05616622,111057.250532505,0,true,111707.0562
2026-05-09T12:46:45.815Z,coinspot,110900,111000,111000,100,false,112110.0000
2026-05-09T12:46:45.815Z,independentreserve,110991.17,111143.25,111442.82,50,false,111698.9662
2026-05-09T12:46:45.815Z,kraken,110913.8,110963.4,110922.3,80,false,111851.1072
2026-05-09T12:46:45.815Z,okx,110793.9,111238,110678.8,70,false,112016.6660
2026-05-09T12:46:45.815Z,pepperstone,110926.4,111108.1,111017.25,10,false,111219.2081
2026-05-09T12:46:45.815Z,swyftx,110369.93782783,111669.04627423,111019.49205103,0,true,111669.0463
2026-05-09T16:38:21.091Z,coinspot,111169.82,111583.83,111150,100,false,112699.6683
2026-05-09T16:38:21.091Z,independentreserve,111284.46,111379.99,111244,50,false,111936.8899
2026-05-09T16:38:21.091Z,kraken,111271.1,111301,111357.8,80,false,112191.4080
2026-05-09T16:38:21.091Z,okx,111179.8,111625.6,110678.8,70,false,112406.9792
2026-05-09T16:38:21.091Z,pepperstone,111296.1,111478.7,111387.4,10,false,111590.1787
2026-05-09T16:38:21.091Z,swyftx,110731.66285426,112043.18789991,111387.42537708499,0,true,112043.1879
2026-05-09T20:32:17.462Z,coinspot,111500,111797.03,111896.86,100,false,112915.0003
2026-05-09T20:32:17.462Z,independentreserve,111600,111675.13,111600,50,false,112233.5056
2026-05-09T20:32:17.462Z,kraken,111542.2,111542.3,111542.3,80,false,112434.6384
2026-05-09T20:32:17.462Z,okx,111377.6,111824.1,110678.8,70,false,112606.8687
2026-05-09T20:32:17.462Z,pepperstone,111493.6,111680.1,111586.85,10,false,111791.7801
2026-05-09T20:32:17.462Z,swyftx,110932.87459888,112238.6706581,111585.77262849,0,true,112238.6707
2026-05-10T01:44:49.821Z,coinspot,111072,111416.45,111416.448899,100,false,112530.6145
2026-05-10T01:44:49.821Z,independentreserve,111190.65,111440.37,111440.55,50,false,111997.5718
2026-05-10T01:44:49.821Z,kraken,111289.4,111321.1,111267.2,80,false,112211.6688
2026-05-10T01:44:49.821Z,okx,111400,111601.4,111866.7,70,false,112382.6098
2026-05-10T01:44:49.821Z,pepperstone,111256.8,111439.5,111348.15,10,false,111550.9395
2026-05-10T01:44:49.821Z,swyftx,110704.76597212,112007.87698259,111356.321477355,0,true,112007.8770
2026-05-10T06:27:13.378Z,coinspot,111700,111733.05,111750,100,false,112850.3805
2026-05-10T06:27:13.378Z,independentreserve,111301.53,111537.91,111559.89,50,false,112095.5995
2026-05-10T06:27:13.378Z,kraken,111443.7,111443.8,111443.8,80,false,112335.3504
2026-05-10T06:27:13.378Z,okx,111216.3,111318.4,111318.4,70,false,112097.6288
2026-05-10T06:27:13.378Z,pepperstone,111314.3,111496.9,111405.6,10,false,111608.3969
2026-05-10T06:27:13.378Z,swyftx,110767.18211617,112071.02782218,111419.10496917501,0,true,112071.0278
2026-05-10T09:19:27.142Z,coinspot,111611.62,111917.34,111917.3378,100,false,113036.5134
2026-05-10T09:19:27.142Z,independentreserve,111501.22,111646.8,111500.69,50,false,112205.0340
2026-05-10T09:19:27.142Z,kraken,111562.9,111581.3,111582.6,80,false,112473.9504
2026-05-10T09:19:27.142Z,okx,111476.6,111923.4,111356.1,70,false,112706.8638
2026-05-10T09:19:27.142Z,pepperstone,111568,111749.3,111658.65,10,false,111861.0493
2026-05-10T09:19:27.142Z,swyftx,111013.15933096,112328.04868315,111670.604007055,0,true,112328.0487
2026-05-10T12:47:45.703Z,coinspot,111800.01,111928,111800.01,100,false,113047.2800
2026-05-10T12:47:45.703Z,independentreserve,111565.03,111628,111826.51,50,false,112186.1400
2026-05-10T12:47:45.703Z,kraken,111697.4,111726,111737.3,80,false,112619.8080
2026-05-10T12:47:45.703Z,okx,111665.3,112053.2,111955.6,70,false,112837.5724
2026-05-10T12:47:45.703Z,pepperstone,111676.8,111861.1,111768.95000000001,10,false,111972.9611
2026-05-10T12:47:45.703Z,swyftx,111123.17306791,112431.1782473,111777.175657605,0,true,112431.1782
2026-05-10T16:39:20.511Z,coinspot,112100,112300,112100,100,false,113423.0000
2026-05-10T16:39:20.511Z,independentreserve,112117.01,112277.04,112259.82,50,false,112838.4252
2026-05-10T16:39:20.511Z,kraken,112106.1,112126.7,111945.3,80,false,113023.7136
2026-05-10T16:39:20.511Z,okx,112015.7,112448.7,111955.6,70,false,113235.8409
2026-05-10T16:39:20.511Z,pepperstone,112127.1,112309.9,112218.5,10,false,112422.2099
2026-05-10T16:39:20.511Z,swyftx,111504.10642708,112931.16870206,112217.63756457,0,true,112931.1687
2026-05-10T20:35:28.505Z,coinspot,111854.36,112096.29,111900,100,false,113217.2529
2026-05-10T20:35:28.505Z,independentreserve,111761.9,111944.45,111732.5,50,false,112504.1722
2026-05-10T20:35:28.505Z,kraken,111804.4,111860.6,111804.7,80,false,112755.4848
2026-05-10T20:35:28.505Z,okx,111800,112707.4,111955.6,70,false,113496.3518
2026-05-10T20:35:28.505Z,pepperstone,108401.4,115000,111700.7,10,false,115115.0000
2026-05-10T20:35:28.505Z,swyftx,111314.1694095,112705.32729653,112009.74835301499,0,true,112705.3273
2026-05-11T01:52:17.041Z,coinspot,112588.75,112939.88,112600,100,false,114069.2788
2026-05-11T01:52:17.041Z,independentreserve,112397.57,112499.84,112635.99,50,false,113062.3392
2026-05-11T01:52:17.041Z,kraken,112652.5,112684.4,112724.1,80,false,113585.8752
2026-05-11T01:52:17.041Z,okx,112667.7,112736.7,112723.3,70,false,113525.8569
2026-05-11T01:52:17.041Z,pepperstone,112518.1,112723.2,112620.65,10,false,112835.9232
2026-05-11T01:52:17.041Z,swyftx,112054.90298549,113217.72418312,112636.313584305,0,true,113217.7242
2026-05-11T06:57:13.839Z,coinspot,111755,111873.99,111855.99,100,false,112992.7299
2026-05-11T06:57:13.839Z,independentreserve,111546.69,111599,111120.43,50,false,112156.9950
2026-05-11T06:57:13.839Z,kraken,111654.6,111687.7,111697.8,80,false,112581.2016
2026-05-11T06:57:13.839Z,okx,111650.2,111717.1,111847.3,70,false,112499.1197
2026-05-11T06:57:13.839Z,pepperstone,111535.1,111726.1,111630.6,10,false,111837.8261
2026-05-11T06:57:13.839Z,swyftx,111067.15376426,112220.08465655,111643.619210405,0,true,112220.0847
2026-05-11T10:51:12.224Z,coinspot,111999,112153.99,112132.99,100,false,113275.5299
2026-05-11T10:51:12.224Z,independentreserve,111769.98,111770,111770,50,false,112328.8500
2026-05-11T10:51:12.224Z,kraken,111944.8,111975.5,111935.2,80,false,112871.3040
2026-05-11T10:51:12.224Z,okx,111933.3,111990,111967.6,70,false,112773.9300
2026-05-11T10:51:12.224Z,pepperstone,111837.7,112019,111928.35,10,false,112131.0190
2026-05-11T10:51:12.224Z,swyftx,111331.0332484,112486.80484805,111908.919048225,0,true,112486.8048
2026-05-11T14:19:39.362Z,coinspot,111600,111799.99,111800,100,false,112917.9899
2026-05-11T14:19:39.362Z,independentreserve,111557.94,111562.99,112664.35,50,false,112120.8049
2026-05-11T14:19:39.362Z,kraken,111697.7,111737.7,111732.3,80,false,112631.6016
2026-05-11T14:19:39.362Z,okx,111690.8,111760.7,112183.4,70,false,112543.0249
2026-05-11T14:19:39.362Z,pepperstone,111595.1,111779.9,111687.5,10,false,111891.6799
2026-05-11T14:19:39.362Z,swyftx,111122.57344765,112276.76284408,111699.668145865,0,true,112276.7628
2026-05-11T17:47:36.332Z,coinspot,112843.17,113000,112724.91,100,false,114130.0000
2026-05-11T17:47:36.332Z,independentreserve,112788.01,112846.99,112886,50,false,113411.2249
2026-05-11T17:47:36.332Z,kraken,113000,113053.2,113086.8,80,false,113957.6256
2026-05-11T17:47:36.332Z,okx,112979.3,113040.4,111100,70,false,113831.6828
2026-05-11T17:47:36.332Z,pepperstone,112888.7,113079.6,112984.15,10,false,113192.6796
2026-05-11T17:47:36.332Z,swyftx,112463.86597851,113631.8427055,113047.85434200501,0,true,113631.8427
2026-05-11T21:07:41.362Z,coinspot,112848.02,112998.81,113032.14,100,false,114128.7981
2026-05-11T21:07:41.362Z,independentreserve,112626.4,112675,112749.99,50,false,113238.3750
2026-05-11T21:07:41.362Z,kraken,112828.1,112862.1,112915.7,80,false,113764.9968
2026-05-11T21:07:41.362Z,okx,112821.5,112879.4,113051.2,70,false,113669.5558
2026-05-11T21:07:41.362Z,pepperstone,112693.4,112962.2,112827.79999999999,10,false,113075.1622
2026-05-11T21:07:41.362Z,swyftx,112229.13683491,113394.47539624,112811.80611557499,0,true,113394.4754
2026-05-12T01:47:28.643Z,coinspot,111892.49,112354.99,112000,100,false,113478.5399
2026-05-12T01:47:28.643Z,independentreserve,112003,112070,112037,50,false,112630.3500
2026-05-12T01:47:28.643Z,kraken,112099.5,112128,112044.7,80,false,113025.0240
2026-05-12T01:47:28.643Z,okx,112133.6,112214.4,112600,70,false,112999.9008
2026-05-12T01:47:28.643Z,pepperstone,112032.8,112223.9,112128.35,10,false,112336.1239
2026-05-12T01:47:28.643Z,swyftx,111528.56157709,112685.92086618,112107.24122163499,0,true,112685.9209
2026-05-12T06:30:05.448Z,coinspot,112400,112500,112500,100,false,113625.0000
2026-05-12T06:30:05.448Z,independentreserve,112325,112425.99,112496.99,50,false,112988.1199
2026-05-12T06:30:05.448Z,kraken,112446.6,112487,112556.8,80,false,113386.8960
2026-05-12T06:30:05.448Z,okx,112471.7,112534.5,112503.5,70,false,113322.2415
2026-05-12T06:30:05.448Z,pepperstone,112363.1,112560.2,112461.65,10,false,112672.7602
2026-05-12T06:30:05.448Z,swyftx,111874.59142685,113035.13917335,112454.8653001,0,true,113035.1392
2026-05-12T10:20:42.161Z,coinspot,111900,112071.99,111949.99,100,false,113192.7099
2026-05-12T10:20:42.161Z,independentreserve,111708,111795,111700.97,50,false,112353.9750
2026-05-12T10:20:42.161Z,kraken,111841.5,111867.2,111868.3,80,false,112762.1376
2026-05-12T10:20:42.161Z,okx,111828.5,111903.2,112083.1,70,false,112686.5224
2026-05-12T10:20:42.161Z,pepperstone,111736.9,111921.6,111829.25,10,false,112033.5216
2026-05-12T10:20:42.161Z,swyftx,111248.81560453,112394.97811299,111821.89685876,0,true,112394.9781
2026-05-12T13:31:20.302Z,coinspot,111600,111776.61,111750,100,false,112894.3761
2026-05-12T13:31:20.302Z,independentreserve,111492.98,111553,111557.99,50,false,112110.7650
2026-05-12T13:31:20.302Z,kraken,111638.6,111671.6,111577.1,80,false,112564.9728
2026-05-12T13:31:20.302Z,okx,111610,111668.3,111957.5,70,false,112449.9781
2026-05-12T13:31:20.302Z,pepperstone,111506,111686.8,111596.4,10,false,111798.4868
2026-05-12T13:31:20.302Z,swyftx,110967.95098959,112111.25719559,111539.60409259,0,true,112111.2572
2026-05-12T17:51:28.273Z,coinspot,111198.19,111629.99,111314.99,100,false,112746.2899
2026-05-12T17:51:28.273Z,independentreserve,111347.01,111432,111338,50,false,111989.1600
2026-05-12T17:51:28.273Z,kraken,111443.4,111462.2,111321.4,80,false,112353.8976
2026-05-12T17:51:28.273Z,okx,111420.6,111492.4,110800,70,false,112272.8468
2026-05-12T17:51:28.273Z,pepperstone,111337.6,111515.9,111426.75,10,false,111627.4159
2026-05-12T17:51:28.273Z,swyftx,110804.35528041,111953.92193426,111379.138607335,0,true,111953.9219
2026-05-12T21:08:19.035Z,coinspot,111500,111653.99,111653.99,100,false,112770.5299
2026-05-12T21:08:19.035Z,independentreserve,111381.07,111487,111433,50,false,112044.4350
2026-05-12T21:08:19.035Z,kraken,111515.4,111543.9,111476,80,false,112436.2512
2026-05-12T21:08:19.035Z,okx,111461.2,111527,111405.7,70,false,112307.6890
2026-05-12T21:08:19.035Z,pepperstone,111357.2,111597,111477.1,10,false,111708.5970
2026-05-12T21:08:19.035Z,swyftx,110893.87161856,112045.02402148,111469.44782002,0,true,112045.0240
2026-05-13T01:52:21.692Z,coinspot,111750.99,112099.99,112076.71588054,100,false,113220.9899
2026-05-13T01:52:21.692Z,independentreserve,111751.02,111842.92,111848.41,50,false,112402.1346
2026-05-13T01:52:21.692Z,kraken,111929.7,111956.9,111951.2,80,false,112852.5552
2026-05-13T01:52:21.692Z,okx,111893.7,111943.2,111423.3,70,false,112726.8024
2026-05-13T01:52:21.692Z,pepperstone,111805.7,111985.3,111895.5,10,false,112097.2853
2026-05-13T01:52:21.692Z,swyftx,111360.49087924,112516.70868724,111938.59978324,0,true,112516.7087
2026-05-13T06:40:50.702Z,coinspot,112000,112088.11,111782.42,100,false,113208.9911
2026-05-13T06:40:50.702Z,independentreserve,111795.01,111894.99,111895.97,50,false,112454.4649
2026-05-13T06:40:50.702Z,kraken,111966.1,111991.6,112061.6,80,false,112887.5328
2026-05-13T06:40:50.702Z,okx,111972.2,112041.1,112202,70,false,112825.3877
2026-05-13T06:40:50.702Z,pepperstone,111865.1,112051.5,111958.3,10,false,112163.5515
2026-05-13T06:40:50.702Z,swyftx,111376.53550242,112532.55735107,111954.546426745,0,true,112532.5574
2026-05-13T10:11:16.447Z,coinspot,111900,111913.37,111913.37,100,false,113032.5037
2026-05-13T10:11:16.447Z,independentreserve,111786.03,111858.77,111880.59,50,false,112418.0638
2026-05-13T10:11:16.447Z,kraken,112005.8,112005.9,112005.7,80,false,112901.9472
2026-05-13T10:11:16.447Z,okx,111952.6,112027.3,111911.4,70,false,112811.4911
2026-05-13T10:11:16.447Z,pepperstone,111865.2,112041,111953.1,10,false,112153.0410
2026-05-13T10:11:16.447Z,swyftx,111380.73080097,112537.11821228,111958.924506625,0,true,112537.1182
2026-05-13T14:00:05.550Z,coinspot,110000.01,110101.58,110089.9,100,false,111202.5958
2026-05-13T14:00:05.550Z,independentreserve,109717,109823,109801.99,50,false,110372.1150
2026-05-13T14:00:05.550Z,kraken,109900,109900.1,109932.2,80,false,110779.3008
2026-05-13T14:00:05.550Z,okx,109821.7,109890.4,110000,70,false,110659.6328
2026-05-13T14:00:05.550Z,pepperstone,109704.8,109901,109802.9,10,false,110010.9010
2026-05-13T14:00:05.550Z,swyftx,109308.93820055,110443.9153242,109876.42676237499,0,true,110443.9153
2026-05-13T17:53:24.383Z,coinspot,109283.77,109860.18,109250,100,false,110958.7818
2026-05-13T17:53:24.383Z,independentreserve,109358.01,109455.99,109380.85,50,false,110003.2699
2026-05-13T17:53:24.383Z,kraken,109480.5,109512.2,109410.2,80,false,110388.2976
2026-05-13T17:53:24.383Z,okx,109432.5,109508.4,108459.4,70,false,110274.9588
2026-05-13T17:53:24.383Z,pepperstone,109357.9,109540.8,109449.35,10,false,109650.3408
2026-05-13T17:53:24.383Z,swyftx,108878.95357613,110009.9379306,109444.445753365,0,true,110009.9379
2026-05-13T21:14:23.201Z,coinspot,109690,109697.1,109697.1,100,false,110794.0710
2026-05-13T21:14:23.201Z,independentreserve,109210.01,109328.99,109494.99,50,false,109875.6349
2026-05-13T21:14:23.201Z,kraken,109435.5,109478.6,109488.7,80,false,110354.4288
2026-05-13T21:14:23.201Z,okx,109357.4,109430,108459.4,70,false,110196.0100
2026-05-13T21:14:23.201Z,pepperstone,109200.3,109499.4,109349.85,10,false,109608.8994
2026-05-13T21:14:23.201Z,swyftx,108748.0652976,109877.80924759,109312.93727259501,0,true,109877.8092
2026-05-14T01:54:46.948Z,coinspot,109722.27,110000.02,109885.671,100,false,111100.0202
2026-05-14T01:54:46.948Z,independentreserve,109793.08,109858.99,109890,50,false,110408.2849
2026-05-14T01:54:46.948Z,kraken,109867,109877.6,109741,80,false,110756.6208
2026-05-14T01:54:46.948Z,okx,109814.4,109877.3,109905,70,false,110646.4411
2026-05-14T01:54:46.948Z,pepperstone,109729,109918,109823.5,10,false,110027.9180
2026-05-14T01:54:46.948Z,swyftx,109283.22761655,110417.99582669,109850.61172162,0,true,110417.9958
2026-05-14T06:39:07.787Z,coinspot,110000,110282.39,110000,100,false,111385.2139
2026-05-14T06:39:07.787Z,independentreserve,109936.01,110008,109994,50,false,110558.0400
2026-05-14T06:39:07.787Z,kraken,109957.5,109978.7,109966.7,80,false,110858.5296
2026-05-14T06:39:07.787Z,okx,109923.7,109987.5,109000,70,false,110757.4125
2026-05-14T06:39:07.787Z,pepperstone,109818.2,110009.5,109913.85,10,false,110119.5095
2026-05-14T06:39:07.787Z,swyftx,109340.20090564,110475.99615944,109908.09853254,0,true,110475.9962
2026-05-14T10:03:25.863Z,coinspot,110000,110279.49,110325.78743,100,false,111382.2849
2026-05-14T10:03:25.863Z,independentreserve,109947.15,110000.99,109998,50,false,110550.9949
2026-05-14T10:03:25.863Z,kraken,109926.6,109956.6,109954.7,80,false,110836.2528
2026-05-14T10:03:25.863Z,okx,109904.8,109981.2,109856,70,false,110751.0684
2026-05-14T10:03:25.863Z,pepperstone,109808.9,109992.6,109900.75,10,false,110102.5926
2026-05-14T10:03:25.863Z,swyftx,109342.16732453,110469.50823442,109905.837779475,0,true,110469.5082
2026-05-14T13:23:56.335Z,coinspot,110750,110909.01,110785.83344,100,false,112018.1001
2026-05-14T13:23:56.335Z,independentreserve,110677.32,110764.91,110846.29,50,false,111318.7345
2026-05-14T13:23:56.335Z,kraken,110614.6,110644.8,110644.8,80,false,111529.9584
2026-05-14T13:23:56.335Z,okx,110593.1,110661.8,110348.6,70,false,111436.4326
2026-05-14T13:23:56.335Z,pepperstone,110512.3,110691.9,110602.1,10,false,110802.5919
2026-05-14T13:23:56.335Z,swyftx,110029.84381417,111171.61187657,110600.72784537,0,true,111171.6119
2026-05-14T17:29:37.050Z,coinspot,112652.22,112989.94,112934.005,100,false,114119.8394
2026-05-14T17:29:37.050Z,independentreserve,112818.01,112904.99,112940,50,false,113469.5149
2026-05-14T17:29:37.050Z,kraken,112790.3,112830.1,112822.7,80,false,113732.7408
2026-05-14T17:29:37.050Z,okx,112766.5,112833.4,112734.7,70,false,113623.2338
2026-05-14T17:29:37.050Z,pepperstone,112695.9,112890.7,112793.29999999999,10,false,113003.5907
2026-05-14T17:29:37.050Z,swyftx,112181.36838684,113345.09849169,112763.233439265,0,true,113345.0985
2026-05-14T21:01:23.588Z,coinspot,112726.66,112929.77,113013.769029,100,false,114059.0677
2026-05-14T21:01:23.588Z,independentreserve,112773.44,112899.93,112970.23,50,false,113464.4296
2026-05-14T21:01:23.588Z,kraken,112764.5,112782.4,112843.4,80,false,113684.6592
2026-05-14T21:01:23.588Z,okx,112734.9,112782.5,112610.1,70,false,113571.9775
2026-05-14T21:01:23.588Z,pepperstone,112585.2,112899.2,112742.2,10,false,113012.0992
2026-05-14T21:01:23.588Z,swyftx,112209.85375847,113373.86021644,112791.856987455,0,true,113373.8602
2026-05-15T01:52:39.303Z,coinspot,113000,113088.69,113000,100,false,114219.5769
2026-05-15T01:52:39.303Z,independentreserve,112867,112955.85,112963.98,50,false,113520.6292
2026-05-15T01:52:39.303Z,kraken,112888.6,112926.3,113055.6,80,false,113829.7104
2026-05-15T01:52:39.303Z,okx,112653,113128.6,112610.1,70,false,113920.5002
2026-05-15T01:52:39.303Z,pepperstone,112784.9,112970.1,112877.5,10,false,113083.0701
2026-05-15T01:52:39.303Z,swyftx,112288.78583031,113452.50950994,112870.647670125,0,true,113452.5095
2026-05-15T06:48:23.209Z,coinspot,112307.65,112682,112697,100,false,113808.8200
2026-05-15T06:48:23.209Z,independentreserve,112517.02,112579,112596,50,false,113141.8950
2026-05-15T06:48:23.209Z,kraken,112409.9,112442.2,112478.6,80,false,113341.7376
2026-05-15T06:48:23.209Z,okx,112398.7,112463.7,112552,70,false,113250.9459
2026-05-15T06:48:23.209Z,pepperstone,112328.2,112566.9,112447.54999999999,10,false,112679.4669
2026-05-15T06:48:23.209Z,swyftx,111853.47999855,113019.8736806,112436.676839575,0,true,113019.8737
2026-05-15T10:10:26.523Z,coinspot,112750,112855,112757,100,false,113983.5500
2026-05-15T10:10:26.523Z,independentreserve,112616.03,112706,112712,50,false,113269.5300
2026-05-15T10:10:26.523Z,kraken,112640.2,112641.6,112641.8,80,false,113542.7328
2026-05-15T10:10:26.523Z,okx,112535.1,112588.1,112657.4,70,false,113376.2167
2026-05-15T10:10:26.523Z,pepperstone,112481.4,112680.3,112580.85,10,false,112792.9803
2026-05-15T10:10:26.523Z,swyftx,112000.67801635,113159.99030591,112580.33416113,0,true,113159.9903
2026-05-15T13:22:59.846Z,coinspot,111999,112110,112000,100,false,113231.1000
2026-05-15T13:22:59.846Z,independentreserve,112050,112134.99,112038.02,50,false,112695.6649
2026-05-15T13:22:59.846Z,kraken,112016.9,112041.5,112017.6,80,false,112937.8320
2026-05-15T13:22:59.846Z,okx,111940.2,112004.7,111970,70,false,112788.7329
2026-05-15T13:22:59.846Z,pepperstone,111903.7,112096.9,112000.29999999999,10,false,112208.9969
2026-05-15T13:22:59.846Z,swyftx,111395.82583568,112548.97437473,111972.400105205,0,true,112548.9744
2026-05-15T17:18:53.375Z,coinspot,110750,110928.99,111016.99,100,false,112038.2799
2026-05-15T17:18:53.375Z,independentreserve,110732.01,110796.95,110728,50,false,111350.9347
2026-05-15T17:18:53.375Z,kraken,110698.4,110720,110688.9,80,false,111605.7600
2026-05-15T17:18:53.375Z,okx,110611.6,110628.5,110700.5,70,false,111402.8995
2026-05-15T17:18:53.375Z,pepperstone,110555.2,110748.9,110652.04999999999,10,false,110859.6489
2026-05-15T17:18:53.375Z,swyftx,110058.2363651,111197.69407757,110627.965221335,0,true,111197.6941
2026-05-15T20:47:25.624Z,coinspot,110600,110911.99,110878,100,false,112021.1099
2026-05-15T20:47:25.624Z,independentreserve,110707.05,110763,110774,50,false,111316.8150
2026-05-15T20:47:25.624Z,kraken,110651.1,110655.9,110700,80,false,111541.1472
2026-05-15T20:47:25.624Z,okx,110541.2,110593.2,110700.5,70,false,111367.3524
2026-05-15T20:47:25.624Z,pepperstone,110491.5,110686.1,110588.8,10,false,110796.7861
2026-05-15T20:47:25.624Z,swyftx,109909.76646524,111277.82669906,110593.79658215,0,true,111277.8267
2026-05-16T01:45:51.679Z,coinspot,110850,110921.99,110921.99,100,false,112031.2099
2026-05-16T01:45:51.679Z,independentreserve,110603.8,110779.65,110603.63,50,false,111333.5482
2026-05-16T01:45:51.679Z,kraken,110573.9,110599.6,110599.6,80,false,111484.3968
2026-05-16T01:45:51.679Z,okx,110325.6,110682.1,110686.7,70,false,111456.8747
2026-05-16T01:45:51.679Z,pepperstone,110476.2,110671.2,110573.7,10,false,110781.8712
2026-05-16T01:45:51.679Z,swyftx,109892.90169371,111252.49402568,110572.697859695,0,true,111252.4940
2026-05-16T06:14:03.876Z,coinspot,110750,110869.99,110610.69,100,false,111978.6899
2026-05-16T06:14:03.876Z,independentreserve,110381.54,110636.65,110709.18,50,false,111189.8332
2026-05-16T06:14:03.876Z,kraken,110450.6,110470.3,110508,80,false,111354.0624
2026-05-16T06:14:03.876Z,okx,110250,110506.2,110601.1,70,false,111279.7434
2026-05-16T06:14:03.876Z,pepperstone,110369.4,110570.9,110470.15,10,false,110681.4709
2026-05-16T06:14:03.876Z,swyftx,109815.48899921,111174.01765225,110494.75332573001,0,true,111174.0177
2026-05-16T09:18:26.298Z,coinspot,109529,109750,109750,100,false,110847.5000
2026-05-16T09:18:26.298Z,independentreserve,109284.42,109474.43,109351.16,50,false,110021.8021
2026-05-16T09:18:26.298Z,kraken,109263.3,109296.4,109214.9,80,false,110170.7712
2026-05-16T09:18:26.298Z,okx,109000.1,109246.9,109250,70,false,110011.6283
2026-05-16T09:18:26.298Z,pepperstone,109089.3,109321.4,109205.35,10,false,109430.7214
2026-05-16T09:18:26.298Z,swyftx,108461.94966709,109803.69945934,109132.82456321499,0,true,109803.6995
2026-05-16T12:52:38.581Z,coinspot,109450,109499.9,109499.9,100,false,110594.8990
2026-05-16T12:52:38.581Z,independentreserve,109174.51,109473.96,109403.99,50,false,110021.3298
2026-05-16T12:52:38.581Z,kraken,109397.2,109425.9,109404.1,80,false,110301.3072
2026-05-16T12:52:38.581Z,okx,108987,109333.9,108842,70,false,110099.2373
2026-05-16T12:52:38.581Z,pepperstone,109126.4,109306.3,109216.35,10,false,109415.6063
2026-05-16T12:52:38.581Z,swyftx,108522.62156748,109865.50443187,109194.06299967499,0,true,109865.5044
2026-05-16T16:42:13.680Z,coinspot,109339.41,109870.62,109434.44,100,false,110969.3262
2026-05-16T16:42:13.680Z,independentreserve,109296.53,109601.44,109751,50,false,110149.4472
2026-05-16T16:42:13.680Z,kraken,109464.3,109486.3,109587.1,80,false,110362.1904
2026-05-16T16:42:13.680Z,okx,109072.4,109437.4,108842,70,false,110203.4618
2026-05-16T16:42:13.680Z,pepperstone,109239.2,109427.9,109333.54999999999,10,false,109537.3279
2026-05-16T16:42:13.680Z,swyftx,108630.30630958,109990.32467747,109310.315493525,0,true,109990.3247
2026-05-16T20:36:05.241Z,coinspot,109500,109942.04,109506.79,100,false,111041.4604
2026-05-16T20:36:05.241Z,independentreserve,109459.99,109460,109533.36,50,false,110007.3000
2026-05-16T20:36:05.241Z,kraken,109595.4,109595.5,109663.1,80,false,110472.2640
2026-05-16T20:36:05.241Z,okx,109208.3,109535.7,108842,70,false,110302.4499
2026-05-16T20:36:05.241Z,pepperstone,109360.8,109546.5,109453.65,10,false,109656.0465
2026-05-16T20:36:05.241Z,swyftx,108752.02829869,110113.53425321,109432.78127595,0,true,110113.5343
2026-05-17T01:50:33.493Z,coinspot,109250,109362.9,109390.25,100,false,110456.5290
2026-05-17T01:50:33.493Z,independentreserve,109001.01,109131.63,109000.26,50,false,109677.2881
2026-05-17T01:50:33.493Z,kraken,108990.8,109012.6,109000.2,80,false,109884.7008
2026-05-17T01:50:33.493Z,okx,108720.3,108835.2,108720.2,70,false,109597.0464
2026-05-17T01:50:33.493Z,pepperstone,108758,108949,108853.5,10,false,109057.9490
2026-05-17T01:50:33.493Z,swyftx,108143.17179313,109496.98307623,108820.07743467999,0,true,109496.9831
2026-05-17T06:38:05.931Z,coinspot,109629.3,109688.77,109629.3,100,false,110785.6577
2026-05-17T06:38:05.931Z,independentreserve,109298.23,109557.3,108610.06,50,false,110105.0865
2026-05-17T06:38:05.931Z,kraken,109297.1,109338.2,109303.8,80,false,110212.9056
2026-05-17T06:38:05.931Z,okx,108889.9,109230.3,109186.1,70,false,109994.9121
2026-05-17T06:38:05.931Z,pepperstone,109203.3,109390.9,109297.1,10,false,109500.2909
2026-05-17T06:38:05.931Z,swyftx,108621.24711356,109965.14266472,109293.19488914,0,true,109965.1427
2026-05-17T09:25:46.289Z,coinspot,109350,109500,109350,100,false,110595.0000
2026-05-17T09:25:46.289Z,independentreserve,109297.75,109471.99,109499.99,50,false,110019.3499
2026-05-17T09:25:46.289Z,kraken,109327.3,109347.1,109353.1,80,false,110221.8768
2026-05-17T09:25:46.289Z,okx,108918.7,109256.5,109186.1,70,false,110021.2955
2026-05-17T09:25:46.289Z,pepperstone,109209.1,109394.1,109301.6,10,false,109503.4941
2026-05-17T09:25:46.289Z,swyftx,108631.06349097,109975.0804921,109303.07199153499,0,true,109975.0805
2026-05-17T12:50:10.991Z,coinspot,110250,110313.35,110328.53509896,100,false,111416.4835
2026-05-17T12:50:10.991Z,independentreserve,109727.35,109923.69,110338.57,50,false,110473.3084
2026-05-17T12:50:10.991Z,kraken,109755.7,109760.2,109867.3,80,false,110638.2816
2026-05-17T12:50:10.991Z,okx,109298.8,109646.2,109186.1,70,false,110413.7234
2026-05-17T12:50:10.991Z,pepperstone,109622.1,109806.4,109714.25,10,false,109916.2064
2026-05-17T12:50:10.991Z,swyftx,109102.98841652,110452.77350301,109777.880959765,0,true,110452.7735
2026-05-17T16:42:29.596Z,coinspot,109405.47,109760.9,109400,100,false,110858.5090
2026-05-17T16:42:29.596Z,independentreserve,109303.07,109579.29,109579.78,50,false,110127.1864
2026-05-17T16:42:29.596Z,kraken,109379.5,109379.6,109379.6,80,false,110254.6368
2026-05-17T16:42:29.596Z,okx,108871.1,109307.5,109101.8,70,false,110072.6525
2026-05-17T16:42:29.596Z,pepperstone,109261.5,109446.2,109353.85,10,false,109555.6462
2026-05-17T16:42:29.596Z,swyftx,108661.34687622,110013.58370614,109337.46529118001,0,true,110013.5837
2026-05-17T20:37:27.938Z,coinspot,109508.36,110068.72,110068.11,100,false,111169.4072
2026-05-17T20:37:27.938Z,independentreserve,109646.96,109802.99,109792.99,50,false,110352.0049
2026-05-17T20:37:27.938Z,kraken,109666,109669.2,109656.7,80,false,110546.5536
2026-05-17T20:37:27.938Z,okx,108808.5,109940.8,109101.8,70,false,110710.3856
2026-05-17T20:37:27.938Z,pepperstone,108500,112958.5,110729.25,10,false,113071.4585
2026-05-17T20:37:27.938Z,swyftx,108865.76627495,110181.34241227,109523.55434361,0,true,110181.3424
2026-05-18T01:59:38.791Z,coinspot,108016.22,108488.67,108506.68,100,false,109573.5567
2026-05-18T01:59:38.791Z,independentreserve,108134.01,108210.53,108734.22,50,false,108751.5826
2026-05-18T01:59:38.791Z,kraken,108113.3,108146.4,108146.7,80,false,109011.5712
2026-05-18T01:59:38.791Z,okx,107970.8,108014.4,107764.5,70,false,108770.5008
2026-05-18T01:59:38.791Z,pepperstone,108004.3,108189.7,108097,10,false,108297.8897
2026-05-18T01:59:38.791Z,swyftx,107518.03828234,108661.18632349,108089.61230291499,0,true,108661.1863
2026-05-18T07:52:49.104Z,coinspot,107623.78,107956,107879,100,false,109035.5600
2026-05-18T07:52:49.104Z,independentreserve,107758,107840.31,107839.85,50,false,108379.5115
2026-05-18T07:52:49.104Z,kraken,107741,107767.9,107759,80,false,108630.0432
2026-05-18T07:52:49.104Z,okx,107592.8,107638.3,107339.5,70,false,108391.7681
2026-05-18T07:52:49.104Z,pepperstone,107620.4,107800.3,107710.35,10,false,107908.1003
2026-05-18T07:52:49.104Z,swyftx,107133.94928558,108250.5265194,107692.23790249,0,true,108250.5265
2026-05-18T11:34:43.124Z,coinspot,107435,107526,107526,100,false,108601.2600
2026-05-18T11:34:43.124Z,independentreserve,107492,107558.99,107384.93,50,false,108096.7849
2026-05-18T11:34:43.124Z,kraken,107435.8,107445.4,107380.5,80,false,108304.9632
2026-05-18T11:34:43.124Z,okx,107283.2,107336,107339.5,70,false,108087.3520
2026-05-18T11:34:43.124Z,pepperstone,107333.6,107500.7,107417.15,10,false,107608.2007
2026-05-18T11:34:43.124Z,swyftx,106824.5151036,107930.47494002,107377.49502181,0,true,107930.4749
2026-05-18T14:49:40.870Z,coinspot,106901.94,107035.55,106942,100,false,108105.9055
2026-05-18T14:49:40.870Z,independentreserve,106776.01,106849,106792.01,50,false,107383.2450
2026-05-18T14:49:40.870Z,kraken,106693.4,106703.2,106700,80,false,107556.8256
2026-05-18T14:49:40.870Z,okx,106530.4,106596,106592.5,70,false,107342.1720
2026-05-18T14:49:40.870Z,pepperstone,106533.9,106734.4,106634.15,10,false,106841.1344
2026-05-18T14:49:40.870Z,swyftx,106069.10546103,107167.31941208,106618.21243655501,0,true,107167.3194
2026-05-18T17:50:17.701Z,coinspot,106937.48,107382.29,107285.3935,100,false,108456.1129
2026-05-18T17:50:17.701Z,independentreserve,107106.01,107199.72,107143,50,false,107735.7186
2026-05-18T17:50:17.701Z,kraken,107020.2,107053.1,106890,80,false,107909.5248
2026-05-18T17:50:17.701Z,okx,106887.4,106940.9,106592.5,70,false,107689.4863
2026-05-18T17:50:17.701Z,pepperstone,106902.2,107091.1,106996.65,10,false,107198.1911
2026-05-18T17:50:17.701Z,swyftx,106429.31365343,107531.42715383,106980.37040362999,0,true,107531.4272
2026-05-18T20:59:33.371Z,coinspot,107620.05,107632.13,107637.0353,100,false,108708.4513
2026-05-18T20:59:33.371Z,independentreserve,107322.01,107419.12,107421.01,50,false,107956.2156
2026-05-18T20:59:33.371Z,kraken,107247.4,107286.5,107313.4,80,false,108144.7920
2026-05-18T20:59:33.371Z,okx,107108.3,107180,106592.5,70,false,107930.2600
2026-05-18T20:59:33.371Z,pepperstone,107119.6,107347.8,107233.70000000001,10,false,107455.1478
2026-05-18T20:59:33.371Z,swyftx,106657.96239347,107762.66819122,107210.31529234501,0,true,107762.6682
2026-05-19T01:59:15.824Z,coinspot,107500,107650,107649.28,100,false,108726.5000
2026-05-19T01:59:15.824Z,independentreserve,107293.75,107357.98,107293.45,50,false,107894.7699
2026-05-19T01:59:15.824Z,kraken,107300,107300.1,107352.1,80,false,108158.5008
2026-05-19T01:59:15.824Z,okx,107142.5,107178.9,107284.7,70,false,107929.1523
2026-05-19T01:59:15.824Z,pepperstone,107131.4,107318.1,107224.75,10,false,107425.4181
2026-05-19T01:59:15.824Z,swyftx,106732.93080326,107837.60414611,107285.267474685,0,true,107837.6041
2026-05-19T07:33:58.508Z,coinspot,107985.68,108375.59,108404.23,100,false,109459.3459
2026-05-19T07:33:58.508Z,independentreserve,108138.09,108241.99,108227.99,50,false,108783.1999
2026-05-19T07:33:58.508Z,kraken,108125.7,108144.5,108044.3,80,false,109009.6560
2026-05-19T07:33:58.508Z,okx,107975.4,108026.3,107366,70,false,108782.4841
2026-05-19T07:33:58.508Z,pepperstone,107983.2,108172.9,108078.04999999999,10,false,108281.0729
2026-05-19T07:33:58.508Z,swyftx,107506.81794863,108626.81573289,108066.81684076,0,true,108626.8157
2026-05-19T10:51:31.607Z,coinspot,108300,108419.81,108386.65,100,false,109504.0081
2026-05-19T10:51:31.607Z,independentreserve,108152.01,108248.76,108169.99,50,false,108790.0038
2026-05-19T10:51:31.607Z,kraken,108078.2,108107.1,108060.1,80,false,108971.9568
2026-05-19T10:51:31.607Z,okx,107957.5,108030,108215.3,70,false,108786.2100
2026-05-19T10:51:31.607Z,pepperstone,107937,108132.6,108034.8,10,false,108240.7326
2026-05-19T10:51:31.607Z,swyftx,107453.44087275,108572.12900078,108012.784936765,0,true,108572.1290
2026-05-19T14:28:52.274Z,coinspot,107486.57,108064,107478.66928509,100,false,109144.6400
2026-05-19T14:28:52.274Z,independentreserve,107932.16,107938,107956.52,50,false,108477.6900
2026-05-19T14:28:52.274Z,kraken,107851.6,107891.9,107840.4,80,false,108755.0352
2026-05-19T14:28:52.274Z,okx,107730.3,107792.9,107522.6,70,false,108547.4503
2026-05-19T14:28:52.274Z,pepperstone,107696.7,107899.8,107798.25,10,false,108007.6998
2026-05-19T14:28:52.274Z,swyftx,107273.33938771,108381.45558647,107827.39748709,0,true,108381.4556
2026-05-19T17:54:52.233Z,coinspot,107545.01,108103.6,108326.2046179,100,false,109184.6360
2026-05-19T17:54:52.233Z,independentreserve,107991,108086.97,108136.99,50,false,108627.4048
2026-05-19T17:54:52.233Z,kraken,107924.2,107945.4,107996.2,80,false,108808.9632
2026-05-19T17:54:52.233Z,okx,107812.6,107848.7,107522.6,70,false,108603.6409
2026-05-19T17:54:52.233Z,pepperstone,107795.5,107984.7,107890.1,10,false,108092.6847
2026-05-19T17:54:52.233Z,swyftx,107353.48715412,108471.05629007,107912.271722095,0,true,108471.0563
2026-05-19T21:09:14.923Z,coinspot,108008.88,108413.58,108350.8274,100,false,109497.7158
2026-05-19T21:09:14.923Z,independentreserve,108275.51,108379.3,108275.48,50,false,108921.1965
2026-05-19T21:09:14.923Z,kraken,108202.3,108235.3,108235.8,80,false,109101.1824
2026-05-19T21:09:14.923Z,okx,108092.3,108155.1,107934.5,70,false,108912.1857
2026-05-19T21:09:14.923Z,pepperstone,108042.3,108339.6,108190.95000000001,10,false,108447.9396
2026-05-19T21:09:14.923Z,swyftx,107616.36115042,108736.53289742,108176.44702391999,0,true,108736.5329
2026-05-20T01:58:59.890Z,coinspot,108000,108265,108100,100,false,109347.6500
2026-05-20T01:58:59.890Z,independentreserve,108210.01,108270.93,108154.01,50,false,108812.2846
2026-05-20T01:58:59.890Z,kraken,108093.2,108125.7,108152.3,80,false,108990.7056
2026-05-20T01:58:59.890Z,okx,108019.2,108087.9,107895.1,70,false,108844.5153
2026-05-20T01:58:59.890Z,pepperstone,108014.8,108199.9,108107.35,10,false,108308.0999
2026-05-20T01:58:59.890Z,swyftx,107521.89761184,108640.75916766,108081.32838975001,0,true,108640.7592
2026-05-20T07:33:37.949Z,coinspot,108639.53,108939,108979,100,false,110028.3900
2026-05-20T07:33:37.949Z,independentreserve,108753.01,108830.87,108840.99,50,false,109375.0243
2026-05-20T07:33:37.949Z,kraken,108729.5,108754.5,108728.9,80,false,109624.5360
2026-05-20T07:33:37.949Z,okx,108655.9,108695.5,107952.9,70,false,109456.3685
2026-05-20T07:33:37.949Z,pepperstone,108631.6,108812.5,108722.05,10,false,108921.3125
2026-05-20T07:33:37.949Z,swyftx,108152.78090497,109270.76998005,108711.77544251,0,true,109270.7700
2026-05-20T10:39:49.843Z,coinspot,108700,108983,109087,100,false,110072.8300
2026-05-20T10:39:49.843Z,independentreserve,108805.32,108866.66,108866.69,50,false,109410.9933
2026-05-20T10:39:49.843Z,kraken,108794.5,108830.6,108874.1,80,false,109701.2448
2026-05-20T10:39:49.843Z,okx,108667.2,108725.8,107952.9,70,false,109486.8806
2026-05-20T10:39:49.843Z,pepperstone,108656.5,108847.8,108752.15,10,false,108956.6478
2026-05-20T10:39:49.843Z,swyftx,108192.3878033,109319.19576326,108755.79178328,0,true,109319.1958
2026-05-20T14:28:36.655Z,coinspot,108175.41,108650,108628,100,false,109736.5000
2026-05-20T14:28:36.655Z,independentreserve,108397.01,108483.99,108384.98,50,false,109026.4099
2026-05-20T14:28:36.655Z,kraken,108356.4,108389.8,108377.4,80,false,109256.9184
2026-05-20T14:28:36.655Z,okx,108264.1,108331.7,107952.9,70,false,109090.0219
2026-05-20T14:28:36.655Z,pepperstone,108235,108414.1,108324.55,10,false,108522.5141
2026-05-20T14:28:36.655Z,swyftx,107789.08786543,108912.20187861,108350.64487202,0,true,108912.2019
2026-05-20T18:07:39.800Z,coinspot,108120.04,108537,107805,100,false,109622.3700
2026-05-20T18:07:39.800Z,independentreserve,108383.01,108470.97,108479.78,50,false,109013.3248
2026-05-20T18:07:39.800Z,kraken,108308.6,108335.1,108354.2,80,false,109201.7808
2026-05-20T18:07:39.800Z,okx,108203.3,108251,107724.1,70,false,109008.7570
2026-05-20T18:07:39.800Z,pepperstone,108184.5,108371.8,108278.15,10,false,108480.1718
2026-05-20T18:07:39.800Z,swyftx,107720.24392634,108835.43915006,108277.84153820001,0,true,108835.4392
2026-05-20T21:27:58.024Z,coinspot,108627.91,108672,108694.35,100,false,109758.7200
2026-05-20T21:27:58.024Z,independentreserve,108483.01,108537,108695.63,50,false,109079.6850
2026-05-20T21:27:58.024Z,kraken,108465.3,108482.9,108478.6,80,false,109350.7632
2026-05-20T21:27:58.024Z,okx,108358.7,108400.5,108444.7,70,false,109159.3035
2026-05-20T21:27:58.024Z,pepperstone,108285,108588.7,108436.85,10,false,108697.2887
2026-05-20T21:27:58.024Z,swyftx,107881.89981047,109014.32150961,108448.11066004,0,true,109014.3215
2026-05-21T01:58:09.331Z,coinspot,109006.56,109091.93,109201.13,100,false,110182.8493
2026-05-21T01:58:09.331Z,independentreserve,109302.03,109396.96,109332,50,false,109943.9448
2026-05-21T01:58:09.331Z,kraken,109277.3,109302.7,109372.6,80,false,110177.1216
2026-05-21T01:58:09.331Z,okx,109168.4,109251.4,108854.9,70,false,110016.1598
2026-05-21T01:58:09.331Z,pepperstone,109157.9,109350.6,109254.25,10,false,109459.9506
2026-05-21T01:58:09.331Z,swyftx,108640.82290767,109779.95965813,109210.3912829,0,true,109779.9597
2026-05-21T07:39:10.580Z,coinspot,109100,109250,109250,100,false,110342.5000
2026-05-21T07:39:10.580Z,independentreserve,109164.05,109258.75,109257.66,50,false,109805.0437
2026-05-21T07:39:10.580Z,kraken,109106.6,109141.5,109124.7,80,false,110014.6320
2026-05-21T07:39:10.580Z,okx,108856.6,109292.9,109062.6,70,false,110057.9503
2026-05-21T07:39:10.580Z,pepperstone,109011,109197.1,109104.05,10,false,109306.2971
2026-05-21T07:39:10.580Z,swyftx,108525.97081512,109647.94876224,109086.95978868,0,true,109647.9488
2026-05-21T10:56:33.145Z,coinspot,108500,108583,108600,100,false,109668.8300
2026-05-21T10:56:33.145Z,independentreserve,108334.28,108433.99,108519.9,50,false,108976.1599
2026-05-21T10:56:33.145Z,kraken,108332.1,108359.8,108391.5,80,false,109226.6784
2026-05-21T10:56:33.145Z,okx,108251,108318.7,108377.1,70,false,109076.9309
2026-05-21T10:56:33.145Z,pepperstone,108197,108385.5,108291.25,10,false,108493.8855
2026-05-21T10:56:33.145Z,swyftx,107770.18611587,108884.89613394,108327.541124905,0,true,108884.8961
2026-05-21T14:33:39.387Z,coinspot,108005.4,108413,108006.20346449,100,false,109497.1300
2026-05-21T14:33:39.387Z,independentreserve,108117,108201.99,108638.74,50,false,108742.9999
2026-05-21T14:33:39.387Z,kraken,108065.4,108080.7,108175,80,false,108945.3456
2026-05-21T14:33:39.387Z,okx,108001,108055.7,108386.2,70,false,108812.0899
2026-05-21T14:33:39.387Z,pepperstone,107924.1,108103.8,108013.95000000001,10,false,108211.9038
2026-05-21T14:33:39.387Z,swyftx,107501.65325244,108613.71743439,108057.685343415,0,true,108613.7174
2026-05-21T17:48:22.643Z,coinspot,108447.29,108743,108678,100,false,109830.4300
2026-05-21T17:48:22.643Z,independentreserve,108621.06,108704.99,108984,50,false,109248.5149
2026-05-21T17:48:22.643Z,kraken,108551.7,108569.3,108621.8,80,false,109437.8544
2026-05-21T17:48:22.643Z,okx,108490,108555.4,107794.2,70,false,109315.2878
2026-05-21T17:48:22.643Z,pepperstone,108446.4,108636.5,108541.45,10,false,108745.1365
2026-05-21T17:48:22.643Z,swyftx,107958.87050107,109076.89724876,108517.883874915,0,true,109076.8972
2026-05-21T21:20:10.607Z,coinspot,108770,108949,108886,100,false,110038.4900
2026-05-21T21:20:10.607Z,independentreserve,108627.77,108724.89,108805.48,50,false,109268.5144
2026-05-21T21:20:10.607Z,kraken,108593.1,108659.3,108673.3,80,false,109528.5744
2026-05-21T21:20:10.607Z,okx,108526.3,108596.2,107794.2,70,false,109356.3734
2026-05-21T21:20:10.607Z,pepperstone,108404.8,108745.4,108575.1,10,false,108854.1454
2026-05-21T21:20:10.607Z,swyftx,107983.94299537,109102.00301025,108542.97300281,0,true,109102.0030
2026-05-22T01:59:45.700Z,coinspot,108750,108915.76,108870.95599,100,false,110004.9176
2026-05-22T01:59:45.700Z,independentreserve,108639.01,108721.01,108721.99,50,false,109264.6150
2026-05-22T01:59:45.700Z,kraken,108621.1,108624.6,108624.6,80,false,109493.5968
2026-05-22T01:59:45.700Z,okx,108580.1,108649.1,108292,70,false,109409.6437
2026-05-22T01:59:45.700Z,pepperstone,108539.3,108722.3,108630.8,10,false,108831.0223
2026-05-22T01:59:45.700Z,swyftx,108023.16091686,109148.71383585,108585.937376355,0,true,109148.7138
2026-05-22T07:34:19.399Z,coinspot,108671.72,108849.7,108810.24437,100,false,109938.1970
2026-05-22T07:34:19.399Z,independentreserve,108534.2,108624,108521,50,false,109167.1200
2026-05-22T07:34:19.399Z,kraken,108567,108598.9,108611.5,80,false,109467.6912
2026-05-22T07:34:19.399Z,okx,108491.1,108544.7,108500,70,false,109304.5129
2026-05-22T07:34:19.399Z,pepperstone,108437.9,108622.4,108530.15,10,false,108731.0224
2026-05-22T07:34:19.399Z,swyftx,107973.21637381,109090.19572195,108531.70604788,0,true,109090.1957
2026-05-22T10:39:30.193Z,coinspot,108476.98,108630,108637,100,false,109716.3000
2026-05-22T10:39:30.193Z,independentreserve,108474.4,108550.65,108425.01,50,false,109093.4032
2026-05-22T10:39:30.193Z,kraken,108453.9,108477.5,108477.6,80,false,109345.3200
2026-05-22T10:39:30.193Z,okx,108388.1,108451.9,108362.6,70,false,109211.0633
2026-05-22T10:39:30.193Z,pepperstone,108310.3,108505.8,108408.05,10,false,108614.3058
2026-05-22T10:39:30.193Z,swyftx,107822.94026484,108945.95840011,108384.449332475,0,true,108945.9584
2026-05-22T14:10:00.173Z,coinspot,108225,108351,108250,100,false,109434.5100
2026-05-22T14:10:00.173Z,independentreserve,108151.01,108232.99,108568.1,50,false,108774.1549
2026-05-22T14:10:00.173Z,kraken,108155.4,108198.3,108189.6,80,false,109063.8864
2026-05-22T14:10:00.173Z,okx,108074.6,108151.6,108382.8,70,false,108908.6612
2026-05-22T14:10:00.173Z,pepperstone,108005.3,108208.6,108106.95000000001,10,false,108316.8086
2026-05-22T14:10:00.173Z,swyftx,107552.96515917,108672.97781823,108112.9714887,0,true,108672.9778
2026-05-22T17:30:35.317Z,coinspot,108010,108052,108022.5986,100,false,109132.5200
2026-05-22T17:30:35.317Z,independentreserve,107812,107901.99,107864,50,false,108441.4999
2026-05-22T17:30:35.317Z,kraken,107762.6,107799.8,107644.7,80,false,108662.1984
2026-05-22T17:30:35.317Z,okx,107689.8,107767.6,107405.6,70,false,108521.9732
2026-05-22T17:30:35.317Z,pepperstone,107623.8,107825,107724.4,10,false,107932.8250
2026-05-22T17:30:35.317Z,swyftx,107227.64420296,108345.10102323,107786.37261309501,0,true,108345.1010
2026-05-22T21:01:37.172Z,coinspot,106700,106727.32,106727.32,100,false,107794.5932
2026-05-22T21:01:37.172Z,independentreserve,106449.26,106676.04,106607.83,50,false,107209.4202
2026-05-22T21:01:37.172Z,kraken,106515,106515.1,106535.1,80,false,107367.2208
2026-05-22T21:01:37.172Z,okx,106327.8,106748.2,106269.5,70,false,107495.4374
2026-05-22T21:01:37.172Z,pepperstone,106439.8,106623.2,106531.5,10,false,106729.8232
2026-05-22T21:01:37.172Z,swyftx,105814.1488293,107122.6012583,106468.3750438,0,true,107122.6013
2026-05-23T01:50:23.454Z,coinspot,105942,106000,106000,100,false,107060.0000
2026-05-23T01:50:23.454Z,independentreserve,105744.93,105943.84,105916.93,50,false,106473.5592
2026-05-23T01:50:23.454Z,kraken,105751.7,105780.1,105785.1,80,false,106626.3408
2026-05-23T01:50:23.454Z,okx,105632,105918.9,105854.5,70,false,106660.3323
2026-05-23T01:50:23.454Z,pepperstone,105625.5,105812.4,105718.95,10,false,105918.2124
2026-05-23T01:50:23.454Z,swyftx,105064.40158026,106370.9551835,105717.67838188,0,true,106370.9552
2026-05-23T06:27:02.083Z,coinspot,105999,106167.25,106205.1525,100,false,107228.9225
2026-05-23T06:27:02.083Z,independentreserve,105807.11,106065.3,105980.58,50,false,106595.6265
2026-05-23T06:27:02.083Z,kraken,105809,105833.3,105873.7,80,false,106679.9664
2026-05-23T06:27:02.083Z,okx,105900,105970.8,106000,70,false,106712.5956
2026-05-23T06:27:02.083Z,pepperstone,105722.3,105906.9,105814.6,10,false,106012.8069
2026-05-23T06:27:02.083Z,swyftx,105167.8575851,106467.91564564,105817.88661537,0,true,106467.9156
2026-05-23T09:30:26.410Z,coinspot,105000,105142.49,105115.7039,100,false,106193.9149
2026-05-23T09:30:26.410Z,independentreserve,104722.4,104805.68,104832.44,50,false,105329.7084
2026-05-23T09:30:26.410Z,kraken,104760.6,104794.7,104750.3,80,false,105633.0576
2026-05-23T09:30:26.410Z,okx,104743.6,104877.4,104743.5,70,false,105611.5418
2026-05-23T09:30:26.410Z,pepperstone,104700,104850.1,104775.05,10,false,104954.9501
2026-05-23T09:30:26.410Z,swyftx,104119.9716247,105406.94293298,104763.45727884001,0,true,105406.9429
2026-05-23T12:53:48.758Z,coinspot,105135.66,105144.39,105185.8136,100,false,106195.8339
2026-05-23T12:53:48.758Z,independentreserve,104872.27,104972.01,104871.64,50,false,105496.8700
2026-05-23T12:53:48.758Z,kraken,104797.7,104824,104818.4,80,false,105662.5920
2026-05-23T12:53:48.758Z,okx,104743.6,104943,105073.1,70,false,105677.6010
2026-05-23T12:53:48.758Z,pepperstone,104742.1,104930.2,104836.15,10,false,105035.1302
2026-05-23T12:53:48.758Z,swyftx,104183.32952701,105471.01874331,104827.17413516,0,true,105471.0187
2026-05-23T16:45:22.383Z,coinspot,106000,106265.01,106200,100,false,107327.6601
2026-05-23T16:45:22.383Z,independentreserve,105884.33,106049.41,106047.34,50,false,106579.6570
2026-05-23T16:45:22.383Z,kraken,105900.4,105936.5,105875,80,false,106783.9920
2026-05-23T16:45:22.383Z,okx,105721.5,106056.8,105073.1,70,false,106799.1976
2026-05-23T16:45:22.383Z,pepperstone,105860.5,106048.9,105954.7,10,false,106154.9489
2026-05-23T16:45:22.383Z,swyftx,105297.53235678,106598.92384611,105948.228101445,0,true,106598.9238
2026-05-23T20:37:14.999Z,coinspot,106916.97,107441.91,106768,100,false,108516.3291
2026-05-23T20:37:14.999Z,independentreserve,107068.01,107294.42,107217.48,50,false,107830.8921
2026-05-23T20:37:14.999Z,kraken,107142.1,107184.5,107064.5,80,false,108041.9760
2026-05-23T20:37:14.999Z,okx,106875.6,107000,106843.7,70,false,107749.0000
2026-05-23T20:37:14.999Z,pepperstone,107094.9,107274.7,107184.79999999999,10,false,107381.9747
2026-05-23T20:37:14.999Z,swyftx,106509.13942594,107825.54085573,107167.340140835,0,true,107825.5409
2026-05-24T01:56:58.309Z,coinspot,107800,107877,107877,100,false,108955.7700
2026-05-24T01:56:58.309Z,independentreserve,107787.76,107788,107774.57,50,false,108326.9400
2026-05-24T01:56:58.309Z,kraken,107758.9,107776.7,107755.6,80,false,108638.9136
2026-05-24T01:56:58.309Z,okx,107575.9,107957,107000,70,false,108712.6990
2026-05-24T01:56:58.309Z,pepperstone,107750.7,107935.8,107843.25,10,false,108043.7358
2026-05-24T01:56:58.309Z,swyftx,107197.52722872,108530.18921254,107863.85822063,0,true,108530.1892
2026-05-24T06:52:16.719Z,coinspot,107869.64,107950,107950,100,false,109029.5000
2026-05-24T06:52:16.719Z,independentreserve,108000.91,108119.99,107892.37,50,false,108660.5899
2026-05-24T06:52:16.719Z,kraken,108053,108080.3,108000,80,false,108944.9424
2026-05-24T06:52:16.719Z,okx,107889.8,108223.1,107565.8,70,false,108980.6617
2026-05-24T06:52:16.719Z,pepperstone,108005,108193.6,108099.3,10,false,108301.7936
2026-05-24T06:52:16.719Z,swyftx,107397.13902246,108724.51557991,108060.827301185,0,true,108724.5156
2026-05-24T09:46:06.597Z,coinspot,107880.01,107950,107950,100,false,109029.5000
2026-05-24T09:46:06.597Z,independentreserve,107920.22,108093.76,108301.19,50,false,108634.2288
2026-05-24T09:46:06.597Z,kraken,107972.8,108010.4,108003,80,false,108874.4832
2026-05-24T09:46:06.597Z,okx,107768.7,108125.1,107912.5,70,false,108881.9757
2026-05-24T09:46:06.597Z,pepperstone,107910.6,108096.3,108003.45000000001,10,false,108204.3963
2026-05-24T09:46:06.597Z,swyftx,107350.50963866,108677.273975,108013.89180683001,0,true,108677.2740
2026-05-24T12:54:08.932Z,coinspot,108097.52,108384.99,108384.98,100,false,109468.8399
2026-05-24T12:54:08.932Z,independentreserve,108115.78,108286.65,108113.65,50,false,108828.0832
2026-05-24T12:54:08.932Z,kraken,108132.8,108132.9,108149.2,80,false,108997.9632
2026-05-24T12:54:08.932Z,okx,107953.1,108304.7,107912.5,70,false,109062.8329
2026-05-24T12:54:08.932Z,pepperstone,108092.9,108278.6,108185.75,10,false,108386.8786
2026-05-24T12:54:08.932Z,swyftx,107532.00011394,108860.9745718,108196.48734287001,0,true,108860.9746
2026-05-24T16:47:30.537Z,coinspot,107296.5,107775.65,107201,100,false,108853.4065
2026-05-24T16:47:30.537Z,independentreserve,107288.12,107401.97,107403.43,50,false,107938.9798
2026-05-24T16:47:30.537Z,kraken,107334.8,107367.8,107276.2,80,false,108226.7424
2026-05-24T16:47:30.537Z,okx,107215.9,107557.7,107376.6,70,false,108310.6039
2026-05-24T16:47:30.537Z,pepperstone,107159.9,107349.1,107254.5,10,false,107456.4491
2026-05-24T16:47:30.537Z,swyftx,106535.96169154,107961.37304789,107248.667369715,0,true,107961.3730
2026-05-24T20:40:55.296Z,coinspot,107210.86,107702.73,107671.78,100,false,108779.7573
2026-05-24T20:40:55.296Z,independentreserve,107013.05,107369.08,107369.22,50,false,107905.9254
2026-05-24T20:40:55.296Z,kraken,107076.3,107097.4,107100.7,80,false,107954.1792
2026-05-24T20:40:55.296Z,okx,107001.9,107598.1,107376.6,70,false,108351.2867
2026-05-24T20:40:55.296Z,pepperstone,106899,107077.1,106988.05,10,false,107184.1771
2026-05-24T20:40:55.296Z,swyftx,106195.90118145,107835.10529514,107015.503238295,0,true,107835.1053
2026-05-25T02:03:45.226Z,coinspot,107500.01,107840.57,107890.49,100,false,108918.9757
2026-05-25T02:03:45.226Z,independentreserve,107396,107468.9,107363,50,false,108006.2445
2026-05-25T02:03:45.226Z,kraken,107439.1,107469.5,107334.2,80,false,108329.2560
2026-05-25T02:03:45.226Z,okx,107424.3,107483.6,107698.8,70,false,108235.9852
2026-05-25T02:03:45.226Z,pepperstone,107321.4,107517.8,107419.6,10,false,107625.3178
2026-05-25T02:03:45.226Z,swyftx,106805.02545547,107919.04619858,107362.035827025,0,true,107919.0462
2026-05-25T08:09:07.548Z,coinspot,108100,108130,108130,100,false,109211.3000
2026-05-25T08:09:07.548Z,independentreserve,107913.01,108015.67,107960.01,50,false,108555.7483
2026-05-25T08:09:07.548Z,kraken,107964.7,107996.1,107998.2,80,false,108860.0688
2026-05-25T08:09:07.548Z,okx,107899.2,107968.4,107635.7,70,false,108724.1788
2026-05-25T08:09:07.548Z,pepperstone,107805.9,107997.5,107901.7,10,false,108105.4975
2026-05-25T08:09:07.548Z,swyftx,107339.57596084,108458.91961843,107899.247789635,0,true,108458.9196
2026-05-25T14:27:49.201Z,coinspot,108000.01,108250,107985,100,false,109332.5000
2026-05-25T14:27:49.201Z,independentreserve,108035,108095.99,108100,50,false,108636.4699
2026-05-25T14:27:49.201Z,kraken,108080.2,108109.8,108078.9,80,false,108974.6784
2026-05-25T14:27:49.201Z,okx,108070.6,108139.4,107872.5,70,false,108896.3758
2026-05-25T14:27:49.201Z,pepperstone,107969.6,108166.1,108067.85,10,false,108274.2661
2026-05-25T14:27:49.201Z,swyftx,107503.2061909,108616.83874629,108060.02246859501,0,true,108616.8387
2026-05-25T17:26:37.430Z,coinspot,108000,108322.99,108000,100,false,109406.2199
2026-05-25T17:26:37.430Z,independentreserve,108092.01,108139,108124.01,50,false,108679.6950
2026-05-25T17:26:37.430Z,kraken,108152.3,108182.2,108296,80,false,109047.6576
2026-05-25T17:26:37.430Z,okx,108097.1,108149.6,108179.6,70,false,108906.6472
2026-05-25T17:26:37.430Z,pepperstone,107983.5,108175.9,108079.7,10,false,108284.0759
2026-05-25T17:26:37.430Z,swyftx,107513.28391244,108627.09595392,108070.18993318,0,true,108627.0960
2026-05-25T20:55:49.675Z,coinspot,107750.02,107865.99,107800,100,false,108944.6499
2026-05-25T20:55:49.675Z,independentreserve,107701.01,107773.53,107658.02,50,false,108312.3976
2026-05-25T20:55:49.675Z,kraken,107738,107756.4,107684.7,80,false,108618.4512
2026-05-25T20:55:49.675Z,okx,107700.2,107750.6,107709.3,70,false,108504.8542
2026-05-25T20:55:49.675Z,pepperstone,107607.3,107778.4,107692.85,10,false,107886.1784
2026-05-25T20:55:49.675Z,swyftx,107081.44852424,108190.78691005,107636.117717145,0,true,108190.7869
2026-05-26T01:54:52.736Z,coinspot,107110,107267.81,107279.99,100,false,108340.4881
2026-05-26T01:54:52.736Z,independentreserve,106945,107018.95,107011.99,50,false,107554.0447
2026-05-26T01:54:52.736Z,kraken,107083,107121.1,107081.3,80,false,107978.0688
2026-05-26T01:54:52.736Z,okx,107066.9,107111.7,106959.5,70,false,107861.4819
2026-05-26T01:54:52.736Z,pepperstone,106942.9,107140.6,107041.75,10,false,107247.7406
2026-05-26T01:54:52.736Z,swyftx,106520.13914944,107623.30541305,107071.72228124499,0,true,107623.3054
2026-05-26T07:34:01.986Z,coinspot,107000,107132,107126,100,false,108203.3200
2026-05-26T07:34:01.986Z,independentreserve,106922.04,106973,106901,50,false,107507.8650
2026-05-26T07:34:01.986Z,kraken,107002.6,107043.6,107067.6,80,false,107899.9488
2026-05-26T07:34:01.986Z,okx,106972,107034.4,107290.3,70,false,107783.6408
2026-05-26T07:34:01.986Z,pepperstone,106880.1,107063.7,106971.9,10,false,107170.7637
2026-05-26T07:34:01.986Z,swyftx,106368.34895389,107469.73609954,106919.042526715,0,true,107469.7361
2026-05-26T14:32:04.676Z,coinspot,108500,108664.99,108507.08,100,false,109751.6399
2026-05-26T14:32:04.676Z,independentreserve,108278.51,108303,108374.13,50,false,108844.5150
2026-05-26T14:32:04.676Z,kraken,108393.4,108437.1,108465.1,80,false,109304.5968
2026-05-26T14:32:04.676Z,okx,108332.7,108399.7,107074.3,70,false,109158.4979
2026-05-26T14:32:04.676Z,pepperstone,108229.6,108417.6,108323.6,10,false,108526.0176
2026-05-26T14:32:04.676Z,swyftx,107900.96264476,109018.5630235,108459.76283413,0,true,109018.5630
2026-05-26T18:14:39.228Z,coinspot,105861.8,106148,105997.50525,100,false,107209.4800
2026-05-26T18:14:39.228Z,independentreserve,105920.01,105981.97,105916,50,false,106511.8798
2026-05-26T18:14:39.228Z,kraken,106008.5,106038.7,106048.2,80,false,106887.0096
2026-05-26T18:14:39.228Z,okx,105958.2,106011.3,106000,70,false,106753.3791
2026-05-26T18:14:39.228Z,pepperstone,105838.2,106028.1,105933.15,10,false,106134.1281
2026-05-26T18:14:39.228Z,swyftx,105366.55439631,106457.9230397,105912.23871800501,0,true,106457.9230
2026-05-26T21:25:14.653Z,coinspot,105824.95,106162,105860.97,100,false,107223.6200
2026-05-26T21:25:14.653Z,independentreserve,105873.01,106010.95,105847.95,50,false,106541.0047
2026-05-26T21:25:14.653Z,kraken,105975.2,106044.4,105946.7,80,false,106892.7552
2026-05-26T21:25:14.653Z,okx,105929.9,105973.6,105783.7,70,false,106715.4152
2026-05-26T21:25:14.653Z,pepperstone,105782.3,106049.3,105915.8,10,false,106155.3493
2026-05-26T21:25:14.653Z,swyftx,105357.50748765,106448.89448272,105903.200985185,0,true,106448.8945
2026-05-27T02:03:28.483Z,coinspot,105800,106049.79,106290,100,false,107110.2879
2026-05-27T02:03:28.483Z,independentreserve,105711,105788.77,105887.99,50,false,106317.7139
2026-05-27T02:03:28.483Z,kraken,105819.5,105840,106016.9,80,false,106686.7200
2026-05-27T02:03:28.483Z,okx,105775.2,105841.9,105883.6,70,false,106582.7933
2026-05-27T02:03:28.483Z,pepperstone,105670.5,105861.3,105765.9,10,false,105967.1613
2026-05-27T02:03:28.483Z,swyftx,105193.4558408,106282.73328169,105738.094561245,0,true,106282.7333
2026-05-27T07:53:59.301Z,coinspot,106510.41,106565.96,106491.1554,100,false,107631.6196
2026-05-27T07:53:59.301Z,independentreserve,106257.06,106325.97,106297.38,50,false,106857.5998
2026-05-27T07:53:59.301Z,kraken,106303.5,106303.6,106283.2,80,false,107154.0288
2026-05-27T07:53:59.301Z,okx,106254.8,106322,105500,70,false,107066.2540
2026-05-27T07:53:59.301Z,pepperstone,106136.1,106328.1,106232.1,10,false,106434.4281
2026-05-27T07:53:59.301Z,swyftx,105683.8499588,106777.51845599,106230.684207395,0,true,106777.5185
2026-05-27T11:25:54.716Z,coinspot,106600,106618.99,106500,100,false,107685.1799
2026-05-27T11:25:54.716Z,independentreserve,106358.25,106455.94,106461.99,50,false,106988.2197
2026-05-27T11:25:54.716Z,kraken,106502.1,106533.5,106544.5,80,false,107385.7680
2026-05-27T11:25:54.716Z,okx,106431.1,106483.4,106325.4,70,false,107228.7838
2026-05-27T11:25:54.716Z,pepperstone,106316.1,106503.7,106409.9,10,false,106610.2037
2026-05-27T11:25:54.716Z,swyftx,105859.81927083,106962.75366437,106411.2864676,0,true,106962.7537
2026-05-27T14:49:40.905Z,coinspot,104904.59,104968,104968,100,false,106017.6800
2026-05-27T14:49:40.905Z,independentreserve,104991.01,105090.47,105046.64,50,false,105615.9223
2026-05-27T14:49:40.905Z,kraken,105029,105042.9,105115.5,80,false,105883.2432
2026-05-27T14:49:40.905Z,okx,105012.5,105077.9,104743.5,70,false,105813.4453
2026-05-27T14:49:40.905Z,pepperstone,104882,105069,104975.5,10,false,105174.0690
2026-05-27T14:49:40.905Z,swyftx,104424.07573801,105512.22144394,104968.148590975,0,true,105512.2214
2026-05-27T18:15:46.525Z,coinspot,104900,105027.28,105101,100,false,106077.5528
2026-05-27T18:15:46.525Z,independentreserve,104546.01,104645.97,104160.57,50,false,105169.1998
2026-05-27T18:15:46.525Z,kraken,104612.1,104612.2,104619.2,80,false,105449.0976
2026-05-27T18:15:46.525Z,okx,104500,104821.2,104606.2,70,false,105554.9484
2026-05-27T18:15:46.525Z,pepperstone,104451.9,104633.7,104542.79999999999,10,false,104738.3337
2026-05-27T18:15:46.525Z,swyftx,104030.05776302,105106.52117701,104568.289470015,0,true,105106.5212
2026-05-27T21:42:34.218Z,coinspot,104880,104900,104880,100,false,105949.0000
2026-05-27T21:42:34.218Z,independentreserve,104549.09,104692.99,104924.27,50,false,105216.4549
2026-05-27T21:42:34.218Z,kraken,104511.5,104628.4,104479.3,80,false,105465.4272
2026-05-27T21:42:34.218Z,okx,104601,104679.3,104632.1,70,false,105412.0551
2026-05-27T21:42:34.218Z,pepperstone,104383.5,104710.4,104546.95,10,false,104815.1104
2026-05-27T21:42:34.218Z,swyftx,104052.10720217,105128.90686134,104590.507031755,0,true,105128.9069
2026-05-28T01:47:12.308Z,coinspot,104250,104300,104300,100,false,105343.0000
2026-05-28T01:47:12.308Z,independentreserve,104221.01,104348.99,104196,50,false,104870.7349
2026-05-28T01:47:12.308Z,kraken,104271.6,104292.2,104317.3,80,false,105126.5376
2026-05-28T01:47:12.308Z,okx,104276.1,104354.2,104000,70,false,105084.6794
2026-05-28T01:47:12.308Z,pepperstone,104133.9,104322.3,104228.1,10,false,104426.6223
2026-05-28T01:47:12.308Z,swyftx,103677.17658824,104749.46001836,104213.31830330001,0,true,104749.4600
2026-05-28T07:45:17.719Z,coinspot,103009.32,103248,102966.25,100,false,104280.4800
2026-05-28T07:45:17.719Z,independentreserve,102974.5,103047,103013,50,false,103562.2350
2026-05-28T07:45:17.719Z,kraken,103101.4,103141.2,103130.9,80,false,103966.3296
2026-05-28T07:45:17.719Z,okx,103056.1,103120,102526.2,70,false,103841.8400
2026-05-28T07:45:17.719Z,pepperstone,102898.8,103087.8,102993.3,10,false,103190.8878
2026-05-28T07:45:17.719Z,swyftx,102492.58910839,103552.65785118,103022.623479785,0,true,103552.6579
2026-05-28T11:26:58.599Z,coinspot,103000,103023.6,103023.6,100,false,104053.8360
2026-05-28T11:26:58.599Z,independentreserve,102920,103005.99,103005.98,50,false,103521.0199
2026-05-28T11:26:58.599Z,kraken,103015.5,103029.1,103063.8,80,false,103853.3328
2026-05-28T11:26:58.599Z,okx,102983.8,103036.7,102950.6,70,false,103757.9569
2026-05-28T11:26:58.599Z,pepperstone,102822.9,103024.8,102923.85,10,false,103127.8248
2026-05-28T11:26:58.599Z,swyftx,102433.28028296,103499.92417423,102966.602228595,0,true,103499.9242
2026-05-28T15:00:51.880Z,coinspot,101822.58,102000,101845,100,false,103020.0000
2026-05-28T15:00:51.880Z,independentreserve,101912.57,101995,102013,50,false,102504.9750
2026-05-28T15:00:51.880Z,kraken,101942.6,101962.8,101973.6,80,false,102778.5024
2026-05-28T15:00:51.880Z,okx,101954.4,101999.3,101818.1,70,false,102713.2951
2026-05-28T15:00:51.880Z,pepperstone,101790.3,101981.8,101886.05,10,false,102083.7818
2026-05-28T15:00:51.880Z,swyftx,101469.8030711,102527.60482341,101998.70394725501,0,true,102527.6048
2026-05-28T18:28:40.829Z,coinspot,102538.97,102749.99,102749.99,100,false,103777.4899
2026-05-28T18:28:40.829Z,independentreserve,102607,102656,103134.53,50,false,103169.2800
2026-05-28T18:28:40.829Z,kraken,102657.8,102671.7,102654.2,80,false,103493.0736
2026-05-28T18:28:40.829Z,okx,102651.4,102714,101818.1,70,false,103432.9980
2026-05-28T18:28:40.829Z,pepperstone,102516.2,102715.8,102616,10,false,102818.5158
2026-05-28T18:28:40.829Z,swyftx,102137.96150748,103203.15586208,102670.55868478,0,true,103203.1559
2026-05-28T21:47:44.994Z,coinspot,102923.97,103000,103000,100,false,104030.0000
2026-05-28T21:47:44.994Z,independentreserve,102963,103090.85,103129.57,50,false,103606.3043
2026-05-28T21:47:44.994Z,kraken,102984.5,102990,102989.9,80,false,103813.9200
2026-05-28T21:47:44.994Z,okx,102975.6,103045.6,101818.1,70,false,103766.9192
2026-05-28T21:47:44.994Z,pepperstone,102789,103088,102938.5,10,false,103191.0880
2026-05-28T21:47:44.994Z,swyftx,102497.63395318,103558.97850821,103028.306230695,0,true,103558.9785
2026-05-29T01:57:00.816Z,coinspot,103000.12,103165.12,103102.81,100,false,104196.7712
2026-05-29T01:57:00.816Z,independentreserve,102623.14,102721.03,102727.66,50,false,103234.6351
2026-05-29T01:57:00.816Z,kraken,102704.1,102723,102703.8,80,false,103544.7840
2026-05-29T01:57:00.816Z,okx,102687.1,102747.5,102663.4,70,false,103466.7325
2026-05-29T01:57:00.816Z,pepperstone,102534.2,102724.6,102629.4,10,false,102827.3246
2026-05-29T01:57:00.816Z,swyftx,102141.14830851,103198.91073128,102670.029519895,0,true,103198.9107
2026-05-29T07:43:21.563Z,coinspot,102900,102959.25,103000,100,false,103988.8425
2026-05-29T07:43:21.563Z,independentreserve,102449.68,102518.99,102556.95,50,false,103031.5849
2026-05-29T07:43:21.563Z,kraken,102600,102600.1,102600,80,false,103420.9008
2026-05-29T07:43:21.563Z,okx,102439.6,102774,102618.9,70,false,103493.4180
2026-05-29T07:43:21.563Z,pepperstone,102399.5,102591.4,102495.45,10,false,102693.9914
2026-05-29T07:43:21.563Z,swyftx,101974.49976562,103030.33910496,102502.41943529001,0,true,103030.3391
2026-05-29T11:16:27.619Z,coinspot,102900,102917.99,102917.99,100,false,103947.1699
2026-05-29T11:16:27.619Z,independentreserve,102765,102848.99,102804.96,50,false,103363.2349
2026-05-29T11:16:27.619Z,kraken,102828.5,102839,102845,80,false,103661.7120
2026-05-29T11:16:27.619Z,okx,102786.5,102844.9,102618.9,70,false,103564.8143
2026-05-29T11:16:27.619Z,pepperstone,102639.9,102824,102731.95,10,false,102926.8240
2026-05-29T11:16:27.619Z,swyftx,102217.99696399,103276.53725864,102747.267111315,0,true,103276.5373
2026-05-29T14:32:48.054Z,coinspot,101200,101399.99,101000,100,false,102413.9899
2026-05-29T14:32:48.054Z,independentreserve,101102,101184.99,101751.29,50,false,101690.9149
2026-05-29T14:32:48.054Z,kraken,101239.2,101253,101233.2,80,false,102063.0240
2026-05-29T14:32:48.054Z,okx,101232.8,101280.2,101000,70,false,101989.1614
2026-05-29T14:32:48.054Z,pepperstone,101056.2,101266.7,101161.45,10,false,101367.9667
2026-05-29T14:32:48.054Z,swyftx,100632.0817155,101674.92938706,101153.50555127999,0,true,101674.9294
2026-05-29T18:24:42.067Z,coinspot,102500,102857.23,102950,100,false,103885.8023
2026-05-29T18:24:42.067Z,independentreserve,102570,102644.99,102931.97,50,false,103158.2149
2026-05-29T18:24:42.067Z,kraken,102718.3,102732.5,102741.9,80,false,103554.3600
2026-05-29T18:24:42.067Z,okx,102680,102750.4,101000,70,false,103469.6528
2026-05-29T18:24:42.067Z,pepperstone,102548.5,102730.6,102639.55,10,false,102833.3306
2026-05-29T18:24:42.067Z,swyftx,102100.59428403,103158.80440705,102629.69934554,0,true,103158.8044
2026-05-29T21:30:29.787Z,coinspot,102250.01,102468.14,102514.9,100,false,103492.8214
2026-05-29T21:30:29.787Z,independentreserve,102082.52,102264.91,102345.75,50,false,102776.2345
2026-05-29T21:30:29.787Z,kraken,102229.7,102281.2,102309.2,80,false,103099.4496
2026-05-29T21:30:29.787Z,okx,102031.1,102440,102121.8,70,false,103157.0800
2026-05-29T21:30:29.787Z,pepperstone,102047.3,102250.3,102148.8,10,false,102352.5503
2026-05-29T21:30:29.787Z,swyftx,101593.47627939,102853.27519548,102223.37573743501,0,true,102853.2752
2026-05-30T01:51:34.890Z,coinspot,102250,102449.73,102449.73,100,false,103474.2273
2026-05-30T01:51:34.890Z,independentreserve,102211.93,102396.38,102396.73,50,false,102908.3619
2026-05-30T01:51:34.890Z,kraken,102340.3,102340.4,102340.4,80,false,103159.1232
2026-05-30T01:51:34.890Z,okx,102198.7,102608.3,102356.2,70,false,103326.5581
2026-05-30T01:51:34.890Z,pepperstone,102265,102457.3,102361.15,10,false,102559.7573
2026-05-30T01:51:34.890Z,swyftx,101728.49217401,102997.28893127,102362.89055263999,0,true,102997.2889
2026-05-30T06:38:39.473Z,coinspot,102500,102707.14,102526.15,100,false,103734.2114
2026-05-30T06:38:39.473Z,independentreserve,102265.87,102393.49,102346.43,50,false,102905.4574
2026-05-30T06:38:39.473Z,kraken,102416.7,102426.6,102445.4,80,false,103246.0128
2026-05-30T06:38:39.473Z,okx,102270,102675.1,102228.8,70,false,103393.8257
2026-05-30T06:38:39.473Z,pepperstone,102367.4,102542.7,102455.04999999999,10,false,102645.2427
2026-05-30T06:38:39.473Z,swyftx,101833.3551919,103095.96279697,102464.658994435,0,true,103095.9628
2026-05-30T09:48:04.050Z,coinspot,102255.01,102300,102210.01,100,false,103323.0000
2026-05-30T09:48:04.050Z,independentreserve,102130.09,102207.59,102200.54,50,false,102718.6279
2026-05-30T09:48:04.050Z,kraken,102263.3,102278.3,102266.2,80,false,103096.5264
2026-05-30T09:48:04.050Z,okx,102134.8,102533.6,102108.6,70,false,103251.3352
2026-05-30T09:48:04.050Z,pepperstone,102224.3,102411.8,102318.05,10,false,102514.2118
2026-05-30T09:48:04.050Z,swyftx,101695.18509049,102963.46515526,102329.325122875,0,true,102963.4652
2026-05-30T12:57:28.453Z,coinspot,102739.69,102764.57,102779.96,100,false,103792.2157
2026-05-30T12:57:28.453Z,independentreserve,102307.01,102427.99,102379.44,50,false,102940.1299
2026-05-30T12:57:28.453Z,kraken,102428.6,102428.7,102428.7,80,false,103248.1296
2026-05-30T12:57:28.453Z,okx,102296.7,102703.4,102108.6,70,false,103422.3238
2026-05-30T12:57:28.453Z,pepperstone,102400.2,102578.1,102489.15,10,false,102680.6781
2026-05-30T12:57:28.453Z,swyftx,101831.75321747,103094.37386747,102463.06354247,0,true,103094.3739
2026-05-30T16:49:42.972Z,coinspot,102750,103128.34,102829.566667,100,false,104159.6234
2026-05-30T16:49:42.972Z,independentreserve,102638.61,102778.87,102779.33,50,false,103292.7643
2026-05-30T16:49:42.972Z,kraken,102822.1,102834.1,102887.9,80,false,103656.7728
2026-05-30T16:49:42.972Z,okx,102622.2,103033.5,102108.6,70,false,103754.7345
2026-05-30T16:49:42.972Z,pepperstone,102716.4,102900.3,102808.35,10,false,103003.2003
2026-05-30T16:49:42.972Z,swyftx,102176.2137154,103443.10531336,102809.65951438001,0,true,103443.1053
2026-05-30T20:42:00.924Z,coinspot,102750,103163.42,103313.55,100,false,104195.0542
2026-05-30T20:42:00.924Z,independentreserve,102658.03,102905.6,102912.32,50,false,103420.1280
2026-05-30T20:42:00.924Z,kraken,102846.6,102857.4,102889.3,80,false,103680.2592
2026-05-30T20:42:00.924Z,okx,102631.9,103040.6,102108.6,70,false,103761.8842
2026-05-30T20:42:00.924Z,pepperstone,102719.4,102918.7,102819.04999999999,10,false,103021.6187
2026-05-30T20:42:00.924Z,swyftx,102188.1969933,103455.2371713,102821.71708229999,0,true,103455.2372
2026-05-31T02:04:53.738Z,coinspot,103300,103333.88,103336.36,100,false,104367.2188
2026-05-31T02:04:53.738Z,independentreserve,102885.95,103140.43,102885.76,50,false,103656.1321
2026-05-31T02:04:53.738Z,kraken,103039.8,103065.2,103150.6,80,false,103889.7216
2026-05-31T02:04:53.738Z,okx,102834.5,103243.8,102901,70,false,103966.5066
2026-05-31T02:04:53.738Z,pepperstone,102951.7,103136.3,103044,10,false,103239.4363
2026-05-31T02:04:53.738Z,swyftx,102400.09311991,103677.1642689,103038.628694405,0,true,103677.1643
2026-05-31T07:36:12.174Z,coinspot,102875.01,102956.19,102999,100,false,103985.7519
2026-05-31T07:36:12.174Z,independentreserve,102598.03,102874.33,102885.06,50,false,103388.7016
2026-05-31T07:36:12.174Z,kraken,102761.8,102761.9,102761.9,80,false,103583.9952
2026-05-31T07:36:12.174Z,okx,102687.1,102941.4,102901,70,false,103661.9898
2026-05-31T07:36:12.174Z,pepperstone,102655.8,102840.7,102748.25,10,false,102943.5407
2026-05-31T07:36:12.174Z,swyftx,102084.03002479,103357.05915807,102720.54459142999,0,true,103357.0592
2026-05-31T10:05:11.063Z,coinspot,102600,103029.29,102957,100,false,104059.5829
2026-05-31T10:05:11.063Z,independentreserve,102722.53,102765.3,102781.19,50,false,103279.1265
2026-05-31T10:05:11.063Z,kraken,102708.2,102739,102704.4,80,false,103560.9120
2026-05-31T10:05:11.063Z,okx,102574.1,102920.1,102640.5,70,false,103640.5407
2026-05-31T10:05:11.063Z,pepperstone,102632.8,102823.9,102728.35,10,false,102926.7239
2026-05-31T10:05:11.063Z,swyftx,102071.29671412,103344.16705961,102707.731886865,0,true,103344.1671
2026-05-31T13:06:34.460Z,coinspot,102750,103019.63,102750,100,false,104049.8263
2026-05-31T13:06:34.460Z,independentreserve,102606.29,102882.73,102925.2,50,false,103397.1436
2026-05-31T13:06:34.460Z,kraken,102758,102758.1,102758.1,80,false,103580.1648
2026-05-31T13:06:34.460Z,okx,102576.7,102987.7,102640.5,70,false,103708.6139
2026-05-31T13:06:34.460Z,pepperstone,102694.9,102921.2,102808.04999999999,10,false,103024.1212
2026-05-31T13:06:34.460Z,swyftx,102156.1354291,103430.02977978,102793.08260444,0,true,103430.0298
2026-05-31T16:53:06.595Z,coinspot,102347.39,102472.52,102397.5,100,false,103497.2452
2026-05-31T16:53:06.595Z,independentreserve,102263.26,102389.95,102263.1,50,false,102901.8997
2026-05-31T16:53:06.595Z,kraken,102239.6,102261.6,102247.7,80,false,103079.6928
2026-05-31T16:53:06.595Z,okx,102169,102443.6,102640.5,70,false,103160.7052
2026-05-31T16:53:06.595Z,pepperstone,102154.2,102341.7,102247.95,10,false,102444.0417
2026-05-31T16:53:06.595Z,swyftx,101632.84162825,102892.76589482,102262.803761535,0,true,102892.7659
2026-05-31T20:45:09.309Z,coinspot,102500,102901.09,102771.01,100,false,103930.1009
2026-05-31T20:45:09.309Z,independentreserve,102420.05,102611.94,102612.04,50,false,103124.9997
2026-05-31T20:45:09.309Z,kraken,102560.1,102560.2,102560.2,80,false,103380.6816
2026-05-31T20:45:09.309Z,okx,102169,103194.7,102640.5,70,false,103917.0629
2026-05-31T20:45:09.309Z,pepperstone,102080.2,103199.5,102639.85,10,false,103302.6995
2026-05-31T20:45:09.309Z,swyftx,101970.40921774,103345.11087008,102657.76004391,0,true,103345.1109
2026-06-01T02:13:25.894Z,coinspot,102091.28,102250,102250,100,false,103272.5000
2026-06-01T02:13:25.894Z,independentreserve,102151,102248.78,102223.57,50,false,102760.0239
2026-06-01T02:13:25.894Z,kraken,102229.6,102229.7,102082.1,80,false,103047.5376
2026-06-01T02:13:25.894Z,okx,102225.7,102270.5,102000,70,false,102986.3935
2026-06-01T02:13:25.894Z,pepperstone,102085.6,102286.4,102186,10,false,102388.6864
2026-06-01T02:13:25.894Z,swyftx,101706.17339106,102656.83331083,102181.503350945,0,true,102656.8333
2026-06-01T09:07:52.914Z,coinspot,101424.16,101903.93,101851.22,100,false,102922.9693
2026-06-01T09:07:52.914Z,independentreserve,101493,101577.89,102093.71,50,false,102085.7794
2026-06-01T09:07:52.914Z,kraken,101580,101594.3,101594.8,80,false,102407.0544
2026-06-01T09:07:52.914Z,okx,101544.2,101603.6,101370.6,70,false,102314.8252
2026-06-01T09:07:52.914Z,pepperstone,101430.5,101606.4,101518.45,10,false,101708.0064
2026-06-01T09:07:52.914Z,swyftx,101011.44865797,101955.54146173,101483.49505985,0,true,101955.5415
2026-06-01T17:11:05.611Z,coinspot,99816.13,100103.9,99630.97,100,false,101104.9390
2026-06-01T17:11:05.611Z,independentreserve,99860,99944.91,100451.79,50,false,100444.6345
2026-06-01T17:11:05.611Z,kraken,99939.3,99950.3,99883.4,80,false,100749.9024
2026-06-01T17:11:05.611Z,okx,99918.2,99957.4,99095.4,70,false,100657.1018
2026-06-01T17:11:05.611Z,pepperstone,99790.9,99979.7,99885.29999999999,10,false,100079.6797
2026-06-01T17:11:05.611Z,swyftx,99418.7035215,100347.44496514,99883.07424332,0,true,100347.4450
2026-06-01T22:27:54.058Z,coinspot,99304.62,100100.46,99690.56,100,false,101101.4646
2026-06-01T22:27:54.058Z,independentreserve,99449.05,99534.99,99569.99,50,false,100032.6649
2026-06-01T22:27:54.058Z,kraken,99504.6,99525.5,99319.5,80,false,100321.7040
2026-06-01T22:27:54.058Z,okx,99495.1,99545.1,99000,70,false,100241.9157
2026-06-01T22:27:54.058Z,pepperstone,99325.6,99522.9,99424.25,10,false,99622.4229
2026-06-01T22:27:54.058Z,swyftx,98999.53884712,99924.39514109,99461.966994105,0,true,99924.3951
2026-06-02T02:13:57.382Z,coinspot,98379.14,98500,98500,100,false,99485.0000
2026-06-02T02:13:57.382Z,independentreserve,98014,98081,98091.99,50,false,98571.4050
2026-06-02T02:13:57.382Z,kraken,98064.6,98093.6,98094.4,80,false,98878.3488
2026-06-02T02:13:57.382Z,okx,98044.2,98098,98000,70,false,98784.6860
2026-06-02T02:13:57.382Z,pepperstone,97893.7,98081.9,97987.79999999999,10,false,98179.9819
2026-06-02T02:13:57.382Z,swyftx,97567.6764227,98486.12673505,98026.901578875,0,true,98486.1267
2026-06-02T08:17:54.984Z,coinspot,97530,97769.04,97591.44,100,false,98746.7304
2026-06-02T08:17:54.984Z,independentreserve,97248.2,97311.99,97360.9,50,false,97798.5500
2026-06-02T08:17:54.984Z,kraken,97332.5,97335.9,97417.2,80,false,98114.5872
2026-06-02T08:17:54.984Z,okx,97280.1,97324.2,97663,70,false,98005.4694
2026-06-02T08:17:54.984Z,pepperstone,97130.6,97329.7,97230.15,10,false,97427.0297
2026-06-02T08:17:54.984Z,swyftx,96831.90547624,97736.96601066,97284.43574345001,0,true,97736.9660
2026-06-02T15:52:55.083Z,coinspot,93600,93750,93600,100,false,94687.5000
2026-06-02T15:52:55.083Z,independentreserve,93327.02,93493.99,93459.9,50,false,93961.4599
2026-06-02T15:52:55.083Z,kraken,93364.2,93390,93360.6,80,false,94137.1200
2026-06-02T15:52:55.083Z,okx,93442,93500.4,93862.9,70,false,94154.9028
2026-06-02T15:52:55.083Z,pepperstone,93255.7,93445,93350.35,10,false,93538.4450
2026-06-02T15:52:55.083Z,swyftx,92895.37883683,93763.75189128,93329.565364055,0,true,93763.7519
2026-06-02T19:34:10.813Z,coinspot,92955.15,93178.48,92999,100,false,94110.2648
2026-06-02T19:34:10.813Z,independentreserve,92674,92752.99,92759,50,false,93216.7550
2026-06-02T19:34:10.813Z,kraken,92681,92712.7,92520.9,80,false,93454.4016
2026-06-02T19:34:10.813Z,okx,92681.1,92775.9,92727.2,70,false,93425.3313
2026-06-02T19:34:10.813Z,pepperstone,92543.5,92768.6,92656.05,10,false,92861.3686
2026-06-02T19:34:10.813Z,swyftx,91974.06559568,92840.36394152,92407.21476860001,0,true,92840.3639
2026-06-02T22:15:05.026Z,coinspot,93950,94062.59,94048.4,100,false,95003.2159
2026-06-02T22:15:05.026Z,independentreserve,93700,93756.94,93105.34,50,false,94225.7247
2026-06-02T22:15:05.026Z,kraken,93551.4,93558.6,93616,80,false,94307.0688
2026-06-02T22:15:05.026Z,okx,93564.9,93617.3,93663.8,70,false,94272.6211
2026-06-02T22:15:05.026Z,pepperstone,93397.9,93599.2,93498.54999999999,10,false,93692.7992
2026-06-02T22:15:05.026Z,swyftx,93063.48651917,93933.24753462,93498.367026895,0,true,93933.2475
2026-06-03T02:31:52.207Z,coinspot,92999,93187.44,93205.4,100,false,94119.3144
2026-06-03T02:31:52.207Z,independentreserve,92858,92918.99,92939,50,false,93383.5849
2026-06-03T02:31:52.207Z,kraken,92823.3,92829.9,92854.9,80,false,93572.5392
2026-06-03T02:31:52.207Z,okx,92819.2,93085.1,93000,70,false,93736.6957
2026-06-03T02:31:52.207Z,swyftx,92437.76491067,93301.62894843,92869.69692955,0,true,93301.6289
2026-06-03T08:45:31.066Z,coinspot,93520.31,93781.8,93834.5,100,false,94719.6180
2026-06-03T08:45:31.066Z,kraken,93624.6,93624.7,93631.6,80,false,94373.6976
2026-06-03T08:45:31.066Z,okx,93631,93684.6,93621.2,70,false,94340.3922
2026-06-03T08:45:31.066Z,swyftx,93136.38653634,94006.441235,93571.41388567,0,true,94006.4412
2026-06-03T16:10:49.858Z,coinspot,92507.27,92847.69,92500,100,false,93776.1669
2026-06-03T16:10:49.858Z,independentreserve,92758,92848,91784.85,50,false,93312.2400
2026-06-03T16:10:49.858Z,kraken,92693.3,92693.4,92693.4,80,false,93434.9472
2026-06-03T16:10:49.858Z,okx,92792,92866.9,93122.2,70,false,93516.9683
2026-06-03T16:10:49.858Z,pepperstone,92622.3,92804.5,92713.4,10,false,92897.3045
2026-06-03T16:10:49.858Z,swyftx,92238.89644982,93106.76631509,92672.831382455,0,true,93106.7663
2026-06-03T22:21:41.044Z,coinspot,91501,91629.27,91807.81,100,false,92545.5627
2026-06-03T22:21:41.044Z,independentreserve,91203,91291,91346,50,false,91747.4550
2026-06-03T22:21:41.044Z,kraken,91133.3,91165.9,91186.5,80,false,91895.2272
2026-06-03T22:21:41.044Z,okx,91201.7,91259.9,91500,70,false,91898.7193
2026-06-03T22:21:41.044Z,pepperstone,91001.7,91206.6,91104.15,10,false,91297.8066
2026-06-03T22:21:41.044Z,swyftx,90971.04985115,91826.87223416,91398.96104265499,0,true,91826.8722
2026-06-04T02:28:13.158Z,coinspot,88500,88777.51,88779.79,100,false,89665.2851
2026-06-04T02:28:13.158Z,independentreserve,88515.05,88856.01,88547.7,50,false,89300.2900
2026-06-04T02:28:13.158Z,kraken,88339.7,88412,88531.8,80,false,89119.2960
2026-06-04T02:28:13.158Z,okx,88366.5,88421.1,88548.2,70,false,89040.0477
2026-06-04T02:28:13.158Z,pepperstone,88106.3,88323.7,88215,10,false,88412.0237
2026-06-04T02:28:13.158Z,swyftx,87970.02091825,88797.55369812,88383.787308185,0,true,88797.5537
2026-06-04T08:10:09.171Z,coinspot,89100,89256.87,89400,100,false,90149.4387
2026-06-04T08:10:09.171Z,independentreserve,89245,89271.15,89611.04,50,false,89717.5057
2026-06-04T08:10:09.171Z,kraken,89176.4,89204.1,89000,80,false,89917.7328
2026-06-04T08:10:09.171Z,okx,89284,89332.9,89200,70,false,89958.2303
2026-06-04T08:10:09.171Z,pepperstone,89018.6,89210.3,89114.45000000001,10,false,89299.5103
2026-06-04T08:10:09.171Z,swyftx,88522.64333637,89488.9788894,89005.811112885,0,true,89488.9789
2026-06-04T14:27:58.468Z,coinspot,89581.13,89903.49,89963.15,100,false,90802.5249
2026-06-04T14:27:58.468Z,independentreserve,89752.42,89838.99,89719.85,50,false,90288.1849
2026-06-04T14:27:58.468Z,kraken,89766.5,89793.2,89809.6,80,false,90511.5456
2026-06-04T14:27:58.468Z,okx,89881.6,89931.5,88513.5,70,false,90561.0205
2026-06-04T14:27:58.468Z,pepperstone,89637,89826.3,89731.65,10,false,89916.1263
2026-06-04T14:27:58.468Z,swyftx,89240.90724064,90208.84241401,89724.874827325,0,true,90208.8424
2026-06-04T18:05:52.291Z,coinspot,88583.89,88838.1,89140.5,100,false,89726.4810
2026-06-04T18:05:52.291Z,independentreserve,88612.01,88692.99,89023,50,false,89136.4549
2026-06-04T18:05:52.291Z,kraken,88642.3,88714.4,88688.6,80,false,89424.1152
2026-06-04T18:05:52.291Z,okx,88768.5,88822.4,88513.5,70,false,89444.1568
2026-06-04T18:05:52.291Z,swyftx,88123.9656196,89086.15943581,88605.062527705,0,true,89086.1594
2026-06-04T21:20:55.862Z,coinspot,89190.66,89336.3,89196.5,100,false,90229.6630
2026-06-04T21:20:55.862Z,independentreserve,89059.09,89180.95,89184.99,50,false,89626.8547
2026-06-04T21:20:55.862Z,kraken,89136.3,89202.2,89220.8,80,false,89915.8176
2026-06-04T21:20:55.862Z,okx,89222.8,89288.5,88805.6,70,false,89913.5195
2026-06-04T21:20:55.862Z,pepperstone,88937.8,89249,89093.4,10,false,89338.2490
2026-06-04T21:20:55.862Z,swyftx,88575.98231355,89543.07222611,89059.52726983,0,true,89543.0722
2026-06-05T02:03:03.851Z,coinspot,89000.13,89071.7,89100,100,false,89962.4170
2026-06-05T02:03:03.851Z,independentreserve,88897,88943.95,88880.99,50,false,89388.6697
2026-06-05T02:03:03.851Z,kraken,88814.6,88840.1,88905.4,80,false,89550.8208
2026-06-05T02:03:03.851Z,okx,88988.1,89040.5,88750,70,false,89663.7835
2026-06-05T02:03:03.851Z,pepperstone,88709.6,88902.8,88806.20000000001,10,false,88991.7028
2026-06-05T02:03:03.851Z,swyftx,88307.91971253,89271.71106543,88789.81538898,0,true,89271.7111
2026-06-05T07:57:23.913Z,coinspot,88350,88527.7,88560.96,100,false,89412.9770
2026-06-05T07:57:23.913Z,independentreserve,88257,88342,88233,50,false,88783.7100
2026-06-05T07:57:23.913Z,kraken,88178.1,88221.9,88203.7,80,false,88927.6752
2026-06-05T07:57:23.913Z,okx,88328.8,88396.3,86599.7,70,false,89015.0741
2026-06-05T07:57:23.913Z,pepperstone,88065.8,88238.8,88152.3,10,false,88327.0388
2026-06-05T07:57:23.913Z,swyftx,87598.14414992,88567.08237462,88082.61326227,0,true,88567.0824
2026-06-05T11:21:02.340Z,coinspot,87599.8,87736.7,87773.8,100,false,88614.0670
2026-06-05T11:21:02.340Z,independentreserve,87639,87724,87015.61,50,false,88162.6200
2026-06-05T11:21:02.340Z,kraken,87536.5,87559.5,87534.4,80,false,88259.9760
2026-06-05T11:21:02.340Z,okx,87671.7,87732.2,88400,70,false,88346.3254
2026-06-05T11:21:02.340Z,pepperstone,87383.4,87594.3,87488.85,10,false,87681.8943
2026-06-05T11:21:02.340Z,swyftx,86951.38493234,87907.01533657,87429.200134455,0,true,87907.0153
2026-06-05T14:18:14.454Z,coinspot,86100,86178.2,85828.3,100,false,87039.9820
2026-06-05T14:18:14.454Z,independentreserve,85980.87,86067.89,86420.41,50,false,86498.2294
2026-06-05T14:18:14.454Z,kraken,85883.3,85915.4,86103.8,80,false,86602.7232
2026-06-05T14:18:14.454Z,okx,85882.9,86218.4,86060.9,70,false,86821.9288
2026-06-05T14:18:14.454Z,pepperstone,85780.5,85963.7,85872.1,10,false,86049.6637
2026-06-05T14:18:14.454Z,swyftx,85404.10594686,86372.00288315,85888.054415005,0,true,86372.0029
2026-06-05T17:44:20.198Z,coinspot,86203.08,86562.8,86385.9,100,false,87428.4280
2026-06-05T17:44:20.198Z,independentreserve,86340,86410,86846.16,50,false,86842.0500
2026-06-05T17:44:20.198Z,kraken,86367.8,86393.3,86511,80,false,87084.4464
2026-06-05T17:44:20.198Z,okx,86448.5,86499.4,86806.2,70,false,87104.8958
2026-06-05T17:44:20.198Z,swyftx,85839.01470441,86805.2840269,86322.149365655,0,true,86805.2840
2026-06-05T21:14:28.555Z,coinspot,88165.83,88218.85,88000,100,false,89101.0385
2026-06-05T21:14:28.555Z,independentreserve,87787.02,88069.59,88069.9,50,false,88509.9379
2026-06-05T21:14:28.555Z,kraken,87780.3,87802.4,87766.5,80,false,88504.8192
2026-06-05T21:14:28.555Z,okx,87777,88128.7,87647.6,70,false,88745.6009
2026-06-05T21:14:28.555Z,pepperstone,87720.6,87915.3,87817.95000000001,10,false,88003.2153
2026-06-05T21:14:28.555Z,swyftx,87114.63291528,88343.38559897,87729.009257125,0,true,88343.3856
2026-06-06T01:54:27.403Z,coinspot,86980,87237.22,87118.53749232,100,false,88109.5922
2026-06-06T01:54:27.403Z,independentreserve,86864.01,86991.03,86839.01,50,false,87425.9851
2026-06-06T01:54:27.403Z,kraken,86846.6,86869.4,86777.9,80,false,87564.3552
2026-06-06T01:54:27.403Z,okx,86925.1,87124.9,86925.1,70,false,87734.7743
2026-06-06T01:54:27.403Z,pepperstone,86788.6,86988.1,86888.35,10,false,87075.0881
2026-06-06T01:54:27.403Z,swyftx,86265.68679458,87432.88728175,86849.287038165,0,true,87432.8873
2026-06-06T06:44:57.037Z,coinspot,86721,86863.65,87000,100,false,87732.2865
2026-06-06T06:44:57.037Z,independentreserve,86500.68,86689.12,86584.22,50,false,87122.5656
2026-06-06T06:44:57.037Z,kraken,86397.1,86414.8,86490.7,80,false,87106.1184
2026-06-06T06:44:57.037Z,okx,86338.4,86684.5,87212.8,70,false,87291.2915
2026-06-06T06:44:57.037Z,pepperstone,86357.8,86552.6,86455.20000000001,10,false,86639.1526
2026-06-06T06:44:57.037Z,swyftx,85886.18756536,87042.01811483,86464.102840095,0,true,87042.0181
2026-06-06T09:51:04.354Z,coinspot,86900,87005,87000,100,false,87875.0500
2026-06-06T09:51:04.354Z,independentreserve,86759.78,86884.51,86806.62,50,false,87318.9325
2026-06-06T09:51:04.354Z,kraken,86632.5,86645.4,86564.3,80,false,87338.5632
2026-06-06T09:51:04.354Z,okx,86570.7,86907.1,87212.8,70,false,87515.4497
2026-06-06T09:51:04.354Z,pepperstone,86610.6,86797.3,86703.95000000001,10,false,86884.0973
2026-06-06T09:51:04.354Z,swyftx,86111.18111556,87276.04035879,86693.610737175,0,true,87276.0404
2026-06-06T13:01:57.735Z,coinspot,86554.33,87061.04,87108.46,100,false,87931.6504
2026-06-06T13:01:57.735Z,independentreserve,86738.01,86923.22,86946.45,50,false,87357.8361
2026-06-06T13:01:57.735Z,kraken,86648.4,86648.5,86652.1,80,false,87341.6880
2026-06-06T13:01:57.735Z,okx,86576.1,86912.6,86500,70,false,87520.9882
2026-06-06T13:01:57.735Z,pepperstone,86672.2,86868.3,86770.25,10,false,86955.1683
2026-06-06T13:01:57.735Z,swyftx,86201.77330794,87361.45691097,86781.615109455,0,true,87361.4569
2026-06-06T16:55:48.092Z,coinspot,86274.05,86795.62,86813.60406,100,false,87663.5762
2026-06-06T16:55:48.092Z,independentreserve,86480.33,86614.88,86641.09,50,false,87047.9544
2026-06-06T16:55:48.092Z,kraken,86308.1,86369,86398.5,80,false,87059.9520
2026-06-06T16:55:48.092Z,okx,86338.8,86622.5,86400,70,false,87228.8575
2026-06-06T16:55:48.092Z,pepperstone,86420.2,86608.5,86514.35,10,false,86695.1085
2026-06-06T16:55:48.092Z,swyftx,85927.41823673,87089.31877996,86508.368508345,0,true,87089.3188
2026-06-06T20:51:55.476Z,coinspot,86250,86633.6,86584.84,100,false,87499.9360
2026-06-06T20:51:55.476Z,independentreserve,86302.53,86378.26,86378.26,50,false,86810.1513
2026-06-06T20:51:55.476Z,kraken,86229.9,86247.9,86292.2,80,false,86937.8832
2026-06-06T20:51:55.476Z,okx,86236.1,86579.1,86022,70,false,87185.1537
2026-06-06T20:51:55.476Z,pepperstone,86286,86476.6,86381.3,10,false,86563.0766
2026-06-06T20:51:55.476Z,swyftx,85759.84713846,87017.58182657,86388.714482515,0,true,87017.5818
2026-06-07T02:09:52.716Z,coinspot,87842.83,87894.96,87789.87,100,false,88773.9096
2026-06-07T02:09:52.716Z,independentreserve,87507.53,87699.97,87699.99,50,false,88138.4698
2026-06-07T02:09:52.716Z,kraken,87463.9,87486.6,87449.3,80,false,88186.4928
2026-06-07T02:09:52.716Z,okx,87483.3,87727.9,87342,70,false,88341.9953
2026-06-07T02:09:52.716Z,pepperstone,87508.8,87682.1,87595.45000000001,10,false,87769.7821
2026-06-07T02:09:52.716Z,swyftx,86928.4133017,88203.18789623,87565.800598965,0,true,88203.1879
2026-06-07T07:44:49.941Z,coinspot,88550,88887.4,88800,100,false,89776.2740
2026-06-07T07:44:49.941Z,independentreserve,88510.25,88725.75,88720,50,false,89169.3787
2026-06-07T07:44:49.941Z,kraken,88464.8,88467.7,88458.7,80,false,89175.4416
2026-06-07T07:44:49.941Z,okx,88400,88714,88326.5,70,false,89334.9980
2026-06-07T07:44:49.941Z,pepperstone,88507.5,88702.7,88605.1,10,false,88791.4027
2026-06-07T07:44:49.941Z,swyftx,87924.70942086,89220.18209427,88572.445757565,0,true,89220.1821
2026-06-07T10:19:23.582Z,coinspot,89150,89256.91,89292.09,100,false,90149.4791
2026-06-07T10:19:23.582Z,independentreserve,88833.08,89044.37,89077.97,50,false,89489.5918
2026-06-07T10:19:23.582Z,kraken,88800,88800.1,88831.1,80,false,89510.5008
2026-06-07T10:19:23.582Z,okx,88678.2,88999.1,88854.6,70,false,89622.0937
2026-06-07T10:19:23.582Z,pepperstone,88814.3,89005.3,88909.8,10,false,89094.3053
2026-06-07T10:19:23.582Z,swyftx,88302.58572928,89622.31903816,88962.45238372,0,true,89622.3190
2026-06-07T13:14:27.268Z,coinspot,87900,88131.54,88151.41,100,false,89012.8554
2026-06-07T13:14:27.268Z,independentreserve,87800.01,88008.49,88070.2,50,false,88448.5324
2026-06-07T13:14:27.268Z,kraken,87694,87714.9,87715.5,80,false,88416.6192
2026-06-07T13:14:27.268Z,okx,87668.6,87997.5,88886.6,70,false,88613.4825
2026-06-07T13:14:27.268Z,pepperstone,87799.3,87987,87893.15,10,false,88074.9870
2026-06-07T13:14:27.268Z,swyftx,87219.82294905,88523.30708713,87871.56501809,0,true,88523.3071
2026-06-07T17:01:49.541Z,coinspot,88300,88619.63,88400.81,100,false,89505.8263
2026-06-07T17:01:49.541Z,independentreserve,88296.43,88480.6,88480.6,50,false,88923.0030
2026-06-07T17:01:49.541Z,kraken,88230.5,88262.1,88166.9,80,false,88968.1968
2026-06-07T17:01:49.541Z,okx,88184.5,88485.8,88407.6,70,false,89105.2006
2026-06-07T17:01:49.541Z,pepperstone,88341.1,88529.4,88435.25,10,false,88617.9294
2026-06-07T17:01:49.541Z,swyftx,87728.29656029,89095.63700947,88411.96678488,0,true,89095.6370
2026-06-07T20:57:39.568Z,coinspot,88386.05,88508.28,88426.45,100,false,89393.3628
2026-06-07T20:57:39.568Z,independentreserve,88182.15,88372.31,88534.61,50,false,88814.1715
2026-06-07T20:57:39.568Z,kraken,88121.8,88147.4,88042.4,80,false,88852.5792
2026-06-07T20:57:39.568Z,okx,87984,88913.3,87402.2,70,false,89535.6931
2026-06-07T20:57:39.568Z,pepperstone,88170.7,88369.5,88270.1,10,false,88457.8695
2026-06-07T20:57:39.568Z,swyftx,87581.36802171,88815.11032699,88198.23917435,0,true,88815.1103
2026-06-08T02:14:35.322Z,coinspot,89479.84,89747.7,89697.3,100,false,90645.1770
2026-06-08T02:14:35.322Z,independentreserve,89632,89701.99,89733,50,false,90150.4999
2026-06-08T02:14:35.322Z,kraken,89638.3,89655,89706.1,80,false,90372.2400
2026-06-08T02:14:35.322Z,okx,89789.7,89844,89787.7,70,false,90472.9080
2026-06-08T02:14:35.322Z,pepperstone,89458.2,89666.9,89562.54999999999,10,false,89756.5669
2026-06-08T02:14:35.322Z,swyftx,89077.8320018,90048.52699025,89563.179496025,0,true,90048.5270
2026-06-08T08:42:15.561Z,coinspot,89454.99,89690.4,89539.8,100,false,90587.3040
2026-06-08T08:42:15.561Z,independentreserve,89589,89665.99,89625.98,50,false,90114.3199
2026-06-08T08:42:15.561Z,kraken,89582.5,89604.2,89595.8,80,false,90321.0336
2026-06-08T08:42:15.561Z,okx,89738.7,89776.3,89914.5,70,false,90404.7341
2026-06-08T08:42:15.561Z,pepperstone,89457.1,89625.9,89541.5,10,false,89715.5259
2026-06-08T08:42:15.561Z,swyftx,89047.60576748,90018.07357932,89532.8396734,0,true,90018.0736
2026-06-08T15:21:47.798Z,coinspot,90606.28,90999.99,90999.97,100,false,91909.9899
2026-06-08T15:21:47.798Z,independentreserve,90836.01,90905.99,91227.17,50,false,91360.5200
2026-06-08T15:21:47.798Z,kraken,90848.1,90875.1,90799.6,80,false,91602.1008
2026-06-08T15:21:47.798Z,okx,90982.9,91055.2,90909,70,false,91692.5864
2026-06-08T15:21:47.798Z,pepperstone,90718.2,90912.4,90815.29999999999,10,false,91003.3124
2026-06-08T15:21:47.798Z,swyftx,90253.08743685,91236.83665899,90744.96204792,0,true,91236.8367
2026-06-08T18:15:39.159Z,coinspot,90002.01,90412.66,90287.77429896,100,false,91316.7866
2026-06-08T18:15:39.159Z,independentreserve,90265,90340.97,90292.63,50,false,90792.6748
2026-06-08T18:15:39.159Z,kraken,90202.2,90221.3,90205.3,80,false,90943.0704
2026-06-08T18:15:39.159Z,okx,90355.8,90408.5,90000,70,false,91041.3595
2026-06-08T18:15:39.159Z,pepperstone,90078.8,90258.6,90168.70000000001,10,false,90348.8586
2026-06-08T18:15:39.159Z,swyftx,89688.57711412,90666.05974229,90177.318428205,0,true,90666.0597
2026-06-08T21:30:42.525Z,coinspot,90233.74,90898.97,90872.89,100,false,91807.9597
2026-06-08T21:30:42.525Z,independentreserve,90398,90538.99,90561.91,50,false,90991.6849
2026-06-08T21:30:42.525Z,kraken,90397.6,90508.2,90498.9,80,false,91232.2656
2026-06-08T21:30:42.525Z,okx,90556.2,90615,90000,70,false,91249.3050
2026-06-08T21:30:42.525Z,pepperstone,90248.1,90535.4,90391.75,10,false,90625.9354
2026-06-08T21:30:42.525Z,swyftx,89897.90980611,90877.54975084,90387.729778475,0,true,90877.5498
2026-06-09T01:51:47.674Z,coinspot,89110.13,89127.94,89127.95,100,false,90019.2194
2026-06-09T01:51:47.674Z,independentreserve,88959,88995.97,89064.99,50,false,89440.9498
2026-06-09T01:51:47.674Z,kraken,88902,88906.6,89009.2,80,false,89617.8528
2026-06-09T01:51:47.674Z,okx,89061.9,89117.2,89159.1,70,false,89741.0204
2026-06-09T01:51:47.674Z,pepperstone,88772.2,88964.5,88868.35,10,false,89053.4645
2026-06-09T01:51:47.674Z,swyftx,88393.13281308,89362.87247311,88878.002643095,0,true,89362.8725
2026-06-09T07:35:20.040Z,coinspot,89609.5,89748.2,89609.5,100,false,90645.6820
2026-06-09T07:35:20.040Z,independentreserve,89496.41,89577,89540.01,50,false,90024.8850
2026-06-09T07:35:20.040Z,kraken,89511.3,89534.1,89553.2,80,false,90250.3728
2026-06-09T07:35:20.040Z,okx,89652.7,89700.9,89737.2,70,false,90328.8063
2026-06-09T07:35:20.040Z,pepperstone,89354.9,89537,89445.95,10,false,89626.5370
2026-06-09T07:35:20.040Z,swyftx,89031.19283651,90001.52916072,89516.36099861501,0,true,90001.5292
2026-06-09T10:49:28.087Z,coinspot,88999,89038.6,89038.6,100,false,89928.9860
2026-06-09T10:49:28.087Z,independentreserve,88884,88937,88940,50,false,89381.6850
2026-06-09T10:49:28.087Z,kraken,88841.4,88845.2,88873.4,80,false,89555.9616
2026-06-09T10:49:28.087Z,okx,88953.9,89014.8,89000,70,false,89637.9036
2026-06-09T10:49:28.087Z,pepperstone,88691.1,88870.7,88780.9,10,false,88959.5707
2026-06-09T10:49:28.087Z,swyftx,88294.06002617,89256.45636334,88775.258194755,0,true,89256.4564
2026-06-09T14:14:57.389Z,coinspot,88050,88160.9,88188.01,100,false,89042.5090
2026-06-09T14:14:57.389Z,independentreserve,88057,88100.09,88117,50,false,88540.5904
2026-06-09T14:14:57.389Z,kraken,87983.6,87999.2,88014.8,80,false,88703.1936
2026-06-09T14:14:57.389Z,okx,88108.8,88176.6,88288.8,70,false,88793.8362
2026-06-09T14:14:57.389Z,pepperstone,87838.3,88031.9,87935.1,10,false,88119.9319
2026-06-09T14:14:57.389Z,swyftx,87478.8518696,88425.97243359,87952.412151595,0,true,88425.9724
2026-06-09T17:49:50.532Z,coinspot,87777,87841.5,88040.3,100,false,88719.9150
2026-06-09T17:49:50.532Z,independentreserve,87721,87788.99,88529.66,50,false,88227.9349
2026-06-09T17:49:50.532Z,kraken,87675.8,87687.1,87841.1,80,false,88388.5968
2026-06-09T17:49:50.532Z,okx,87805.5,87843.3,86953.1,70,false,88458.2031
2026-06-09T17:49:50.532Z,pepperstone,87537.1,87709.3,87623.20000000001,10,false,87797.0093
2026-06-09T17:49:50.532Z,swyftx,87117.06268635,88078.50270014,87597.782693245,0,true,88078.5027
2026-06-09T21:27:02.715Z,coinspot,88001.3,88174.4,88157.2,100,false,89056.1440
2026-06-09T21:27:02.715Z,independentreserve,88087.01,88175.99,88121,50,false,88616.8699
2026-06-09T21:27:02.715Z,kraken,88024.2,88190.6,88000,80,false,88896.1248
2026-06-09T21:27:02.715Z,okx,88148.9,88195.8,88400,70,false,88813.1706
2026-06-09T21:27:02.715Z,pepperstone,87810.5,88129.7,87970.1,10,false,88217.8297
2026-06-09T21:27:02.715Z,swyftx,87530.14504604,88489.83834477,88009.991695405,0,true,88489.8383
2026-06-10T02:02:56.778Z,coinspot,87993,88106.33,87993,100,false,88987.3933
2026-06-10T02:02:56.778Z,independentreserve,88001,88051.99,88430,50,false,88492.2499
2026-06-10T02:02:56.778Z,kraken,87974.7,87988.3,87882.9,80,false,88692.2064
2026-06-10T02:02:56.778Z,okx,88106.3,88158.3,88049.6,70,false,88775.4081
2026-06-10T02:02:56.778Z,pepperstone,87836.8,88017.1,87926.95000000001,10,false,88105.1171
2026-06-10T02:02:56.778Z,swyftx,87440.42876988,88392.96710746,87916.69793867,0,true,88392.9671
2026-06-10T07:57:53.594Z,coinspot,87754.67,87995.6,88000,100,false,88875.5560
2026-06-10T07:57:53.594Z,independentreserve,87898.01,87968.23,87944.97,50,false,88408.0711
2026-06-10T07:57:53.594Z,kraken,87898.1,87905.7,87905.7,80,false,88608.9456
2026-06-10T07:57:53.594Z,okx,88029.6,88085.7,87900,70,false,88702.2999
2026-06-10T07:57:53.594Z,pepperstone,87754.4,87940.1,87847.25,10,false,88028.0401
2026-06-10T07:57:53.594Z,swyftx,87362.90995439,88308.28661105,87835.59828271999,0,true,88308.2866
2026-06-10T11:35:12.589Z,coinspot,87000.02,87001,87001,100,false,87871.0100
2026-06-10T11:35:12.589Z,independentreserve,87140,87196.53,87115.71,50,false,87632.5126
2026-06-10T11:35:12.589Z,kraken,87089,87089.1,87005.2,80,false,87785.8128
2026-06-10T11:35:12.589Z,okx,87261.4,87313,87302,70,false,87924.1910
2026-06-10T11:35:12.589Z,pepperstone,86975,87170.2,87072.6,10,false,87257.3702
2026-06-10T11:35:12.589Z,swyftx,86567.00490132,87515.77014661,87041.38752396501,0,true,87515.7701
2026-06-10T14:45:58.072Z,coinspot,88000.61,88311.2,88364.3,100,false,89194.3120
2026-06-10T14:45:58.072Z,independentreserve,88120.12,88188,87743.35,50,false,88628.9400
2026-06-10T14:45:58.072Z,kraken,88103.5,88128.3,88285.9,80,false,88833.3264
2026-06-10T14:45:58.072Z,okx,88262.9,88319.8,88266.1,70,false,88938.0386
2026-06-10T14:45:58.072Z,pepperstone,87984.8,88171.2,88078,10,false,88259.3712
2026-06-10T14:45:58.072Z,swyftx,87596.56022858,88557.0107737,88076.78550114,0,true,88557.0108
2026-06-10T18:22:08.811Z,coinspot,88101.3,88422.9,88397.75,100,false,89307.1290
2026-06-10T18:22:08.811Z,independentreserve,88187.01,88269,88507.02,50,false,88710.3450
2026-06-10T18:22:08.811Z,kraken,88187.5,88187.6,88187.6,80,false,88893.1008
2026-06-10T18:22:08.811Z,okx,88297.7,88345.8,89090.9,70,false,88964.2206
2026-06-10T18:22:08.811Z,pepperstone,88023.9,88223.7,88123.79999999999,10,false,88311.9237
2026-06-10T18:22:08.811Z,swyftx,87698.4405954,88659.88230739,88179.16145139499,0,true,88659.8823
2026-06-10T21:48:54.164Z,coinspot,88005.06,88354.29,88208.68,100,false,89237.8329
2026-06-10T21:48:54.164Z,independentreserve,88115.01,88184.99,88159.35,50,false,88625.9149
2026-06-10T21:48:54.164Z,kraken,88047.6,88047.7,88047.7,80,false,88752.0816
2026-06-10T21:48:54.164Z,okx,88249,88295.6,88155.2,70,false,88913.6692
2026-06-10T21:48:54.164Z,pepperstone,87964.1,88174.6,88069.35,10,false,88262.7746
2026-06-10T21:48:54.164Z,swyftx,87581.45519803,88535.05350107,88058.25434955,0,true,88535.0535
2026-06-11T02:13:50.240Z,coinspot,88751,88956.46,88905.09,100,false,89846.0246
2026-06-11T02:13:50.240Z,independentreserve,88695.01,88755.41,88704,50,false,89199.1870
2026-06-11T02:13:50.240Z,kraken,88678.1,88694,88658,80,false,89403.5520
2026-06-11T02:13:50.240Z,okx,88825,88877.5,89000,70,false,89499.6425
2026-06-11T02:13:50.240Z,pepperstone,88563.4,88751.3,88657.35,10,false,88840.0513
2026-06-11T02:13:50.240Z,swyftx,88140.83755838,89106.89746488,88623.86751163,0,true,89106.8975
2026-06-11T08:25:49.737Z,coinspot,89615.21,89895.1,89895.1,100,false,90794.0510
2026-06-11T08:25:49.737Z,independentreserve,89808.22,89893.71,89898.92,50,false,90343.1785
2026-06-11T08:25:49.737Z,kraken,89793.6,89816.8,89735.7,80,false,90535.3344
2026-06-11T08:25:49.737Z,okx,89956.9,90006.7,89536,70,false,90636.7469
2026-06-11T08:25:49.737Z,pepperstone,89695,89875.6,89785.3,10,false,89965.4756
2026-06-11T08:25:49.737Z,swyftx,89291.46943699,90270.04495074,89780.75719386499,0,true,90270.0450
2026-06-11T15:28:04.226Z,coinspot,89546.89,89750,89750,100,false,90647.5000
2026-06-11T15:28:04.226Z,independentreserve,89617.09,89742.84,89743.75,50,false,90191.5542
2026-06-11T15:28:04.226Z,kraken,89623,89656.7,89631.5,80,false,90373.9536
2026-06-11T15:28:04.226Z,okx,89767.7,89814.6,89790,70,false,90443.3022
2026-06-11T15:28:04.226Z,pepperstone,89499.8,89684.3,89592.05,10,false,89773.9843
2026-06-11T15:28:04.226Z,swyftx,89117.19580916,90087.49647222,89602.34614069,0,true,90087.4965
2026-06-11T18:38:23.312Z,coinspot,90178.17,90438.56,90311.1,100,false,91342.9456
2026-06-11T18:38:23.312Z,independentreserve,90286.2,90390.37,90242.99,50,false,90842.3218
2026-06-11T18:38:23.312Z,kraken,90278.9,90296.2,90169.8,80,false,91018.5696
2026-06-11T18:38:23.312Z,okx,90445.2,90508.9,89390,70,false,91142.4623
2026-06-11T18:38:23.312Z,pepperstone,90192.9,90376.2,90284.54999999999,10,false,90466.5762
2026-06-11T18:38:23.312Z,swyftx,89768.03835287,90746.02639317,90257.03237302,0,true,90746.0264
2026-06-11T21:52:35.804Z,coinspot,90100,90199,90100,100,false,91100.9900
2026-06-11T21:52:35.804Z,independentreserve,90003.78,90091.49,90091.77,50,false,90541.9474
2026-06-11T21:52:35.804Z,kraken,90105.9,90148,90164.4,80,false,90869.1840
2026-06-11T21:52:35.804Z,okx,90215.5,90263.3,90034,70,false,90895.1431
2026-06-11T21:52:35.804Z,pepperstone,89909.5,90170.4,90039.95,10,false,90260.5704
2026-06-11T21:52:35.804Z,swyftx,89540.3586404,90509.91610179,90025.137371095,0,true,90509.9161
2026-06-12T02:09:40.182Z,coinspot,90074.95,90369.34,90369.53,100,false,91273.0334
2026-06-12T02:09:40.182Z,independentreserve,90120.98,90158.97,90088.98,50,false,90609.7648
2026-06-12T02:09:40.182Z,kraken,90250.9,90264.5,90214.4,80,false,90986.6160
2026-06-12T02:09:40.182Z,okx,90370.8,90414,90520.1,70,false,91046.8980
2026-06-12T02:09:40.182Z,pepperstone,90106.8,90291.5,90199.15,10,false,90381.7915
2026-06-12T02:09:40.182Z,swyftx,89734.06359161,90711.90953265,90222.98656213,0,true,90711.9095
2026-06-12T08:13:45.690Z,coinspot,89726.9,89800,89800,100,false,90698.0000
2026-06-12T08:13:45.690Z,independentreserve,89820.33,89881.99,89886.99,50,false,90331.3999
2026-06-12T08:13:45.690Z,kraken,89925.1,89949.5,89900.3,80,false,90669.0960
2026-06-12T08:13:45.690Z,okx,90058.9,90106.7,89965,70,false,90737.4469
2026-06-12T08:13:45.690Z,pepperstone,89771.4,89985.3,89878.35,10,false,90075.2853
2026-06-12T08:13:45.690Z,swyftx,89456.3993166,90431.12383891,89943.76157775501,0,true,90431.1238
2026-06-12T14:27:29.902Z,coinspot,90345.29,90454.13,89999,100,false,91358.6713
2026-06-12T14:27:29.902Z,independentreserve,90159.64,90265.71,90642.22,50,false,90717.0385
2026-06-12T14:27:29.902Z,kraken,90217.8,90217.9,90160.3,80,false,90939.6432
2026-06-12T14:27:29.902Z,okx,90360.1,90430.7,90000,70,false,91063.7149
2026-06-12T14:27:29.902Z,pepperstone,90111.7,90295.9,90203.79999999999,10,false,90386.1959
2026-06-12T14:27:29.902Z,swyftx,89664.41996785,90660.69846726,90162.559217555,0,true,90660.6985
2026-06-12T17:56:54.825Z,coinspot,90500,90728.46,90690.39,100,false,91635.7446
2026-06-12T17:56:54.825Z,independentreserve,90495.01,90586.99,90560.03,50,false,91039.9250
2026-06-12T17:56:54.825Z,kraken,90525.4,90543,90551.4,80,false,91267.3440
2026-06-12T17:56:54.825Z,okx,90675.7,90733.3,90909,70,false,91368.4331
2026-06-12T17:56:54.825Z,pepperstone,90409.7,90589.6,90499.65,10,false,90680.1896
2026-06-12T17:56:54.825Z,swyftx,90018.52583098,90993.15295614,90505.83939355999,0,true,90993.1530
2026-06-12T21:21:59.204Z,coinspot,90040.59,90399,90344.982525,100,false,91302.9900
2026-06-12T21:21:59.204Z,independentreserve,90185.69,90303.08,90308.81,50,false,90754.5954
2026-06-12T21:21:59.204Z,kraken,90191.9,90229.5,90229.6,80,false,90951.3360
2026-06-12T21:21:59.204Z,okx,90193.5,90555,90909,70,false,91188.8850
2026-06-12T21:21:59.204Z,pepperstone,90153.8,90338.1,90245.95000000001,10,false,90428.4381
2026-06-12T21:21:59.204Z,swyftx,89691.9675914,90790.76147269,90241.364532045,0,true,90790.7615
2026-06-13T02:02:50.449Z,coinspot,90423.8,90526,90526,100,false,91431.2600
2026-06-13T02:02:50.449Z,independentreserve,90536.21,90655.32,91117.07,50,false,91108.5966
2026-06-13T02:02:50.449Z,kraken,90539.7,90539.8,90539.8,80,false,91264.1184
2026-06-13T02:02:50.449Z,okx,90509.4,90872.2,90442.3,70,false,91508.3054
2026-06-13T02:02:50.449Z,pepperstone,90360.2,90862.2,90611.2,10,false,90953.0622
2026-06-13T02:02:50.449Z,swyftx,90067.24032038,91176.89726819,90622.068794285,0,true,91176.8973
2026-06-13T07:37:35.640Z,coinspot,90500.01,90799.99,90799.89,100,false,91707.9899
2026-06-13T07:37:35.640Z,independentreserve,90531.09,90699.37,90531.03,50,false,91152.8668
2026-06-13T07:37:35.640Z,kraken,90570,90570.1,90570.1,80,false,91294.6608
2026-06-13T07:37:35.640Z,okx,90507.2,90870.1,90442.3,70,false,91506.1907
2026-06-13T07:37:35.640Z,pepperstone,90533.1,90716.4,90624.75,10,false,90807.1164
2026-06-13T07:37:35.640Z,swyftx,90087.90379416,91191.36780658,90639.63580037,0,true,91191.3678
2026-06-13T10:18:56.814Z,coinspot,90500.02,90672.8,90680.1223,100,false,91579.5280
2026-06-13T10:18:56.814Z,independentreserve,90608.94,90691.24,90606.15,50,false,91144.6962
2026-06-13T10:18:56.814Z,kraken,90529.4,90546.5,90520.1,80,false,91270.8720
2026-06-13T10:18:56.814Z,okx,90550,90832.7,90455.6,70,false,91468.5289
2026-06-13T10:18:56.814Z,pepperstone,90530.8,90713.8,90622.3,10,false,90804.5138
2026-06-13T10:18:56.814Z,swyftx,90069.32728592,91172.47278163,90620.90003377499,0,true,91172.4728
2026-06-13T13:18:48.140Z,coinspot,91250,91269.64,91245.10549896,100,false,92182.3364
2026-06-13T13:18:48.140Z,independentreserve,91086.52,91211.69,91211.69,50,false,91667.7484
2026-06-13T13:18:48.140Z,kraken,91061.5,91082.8,91082.9,80,false,91811.4624
2026-06-13T13:18:48.140Z,okx,90982.6,91347.2,90455.6,70,false,91986.6304
2026-06-13T13:18:48.140Z,pepperstone,91055.5,91246.6,91151.05,10,false,91337.8466
2026-06-13T13:18:48.140Z,swyftx,90584.71770453,91713.56631129,91149.14200791,0,true,91713.5663
2026-06-13T17:06:34.856Z,coinspot,90999,91102.39,90999,100,false,92013.4139
2026-06-13T17:06:34.856Z,independentreserve,90802.14,90956.81,91001.99,50,false,91411.5940
2026-06-13T17:06:34.856Z,kraken,90869,90891.4,90858.1,80,false,91618.5312
2026-06-13T17:06:34.856Z,okx,90795.4,91159.3,90455.6,70,false,91797.4151
2026-06-13T17:06:34.856Z,pepperstone,90863.8,91045,90954.4,10,false,91136.0450
2026-06-13T17:06:34.856Z,swyftx,90360.8350086,91486.8559493,90923.84547895001,0,true,91486.8559
2026-06-13T20:59:01.265Z,coinspot,91131,91497.59,91468.63,100,false,92412.5659
2026-06-13T20:59:01.265Z,independentreserve,91206.39,91402.86,91341.63,50,false,91859.8743
2026-06-13T20:59:01.265Z,kraken,91248.6,91257.5,91257.5,80,false,91987.5600
2026-06-13T20:59:01.265Z,okx,91265.7,91557.9,91416.3,70,false,92198.8053
2026-06-13T20:59:01.265Z,pepperstone,91267.8,91447.7,91357.75,10,false,91539.1477
2026-06-13T20:59:01.265Z,swyftx,90785.12481156,91916.39369869,91350.759255125,0,true,91916.3937
2026-06-14T02:13:09.712Z,coinspot,91700.01,92055.82,92000,100,false,92976.3782
2026-06-14T02:13:09.712Z,independentreserve,91770.16,91958.19,91801.08,50,false,92417.9809
2026-06-14T02:13:09.712Z,kraken,91686.7,91720.3,91650.7,80,false,92454.0624
2026-06-14T02:13:09.712Z,okx,91688.5,92056.1,91950.7,70,false,92700.4927
2026-06-14T02:13:09.712Z,swyftx,91287.27331085,92424.77963754,91856.02647419501,0,true,92424.7796
2026-06-14T08:05:56.437Z,coinspot,91402.3,91500,91500,100,false,92415.0000
2026-06-14T08:05:56.437Z,independentreserve,91375.68,91457.99,92215.46,50,false,91915.2799
2026-06-14T08:05:56.437Z,kraken,91383.2,91397.9,91428.8,80,false,92129.0832
2026-06-14T08:05:56.437Z,okx,91453,91723.8,91599.6,70,false,92365.8666
2026-06-14T08:05:56.437Z,pepperstone,91435.3,91617.7,91526.5,10,false,91709.3177
2026-06-14T08:05:56.437Z,swyftx,90949.35588664,92082.67122309,91516.013554865,0,true,92082.6712
2026-06-14T13:22:57.156Z,coinspot,91552,91699.63,91700,100,false,92616.6263
2026-06-14T13:22:57.156Z,independentreserve,91367.16,91523.3,91599.55,50,false,91980.9165
2026-06-14T13:22:57.156Z,kraken,91305.4,91321.8,91349.5,80,false,92052.3744
2026-06-14T13:22:57.156Z,okx,91461,91626.8,91461,70,false,92268.1876
2026-06-14T13:22:57.156Z,pepperstone,91331,91516.9,91423.95,10,false,91608.4169
2026-06-14T13:22:57.156Z,swyftx,90854.91030708,91987.04877678,91420.97954192999,0,true,91987.0488
2026-06-14T17:05:17.472Z,coinspot,90900.01,91146.09,91000,100,false,92057.5509
2026-06-14T17:05:17.472Z,independentreserve,90874.35,91024.67,90948.41,50,false,91479.7933
2026-06-14T17:05:17.472Z,kraken,90842.3,90858.1,90806.7,80,false,91584.9648
2026-06-14T17:05:17.472Z,okx,91000,91161.3,91000,70,false,91799.4291
2026-06-14T17:05:17.472Z,pepperstone,90878.6,91062.4,90970.5,10,false,91153.4624
2026-06-14T17:05:17.472Z,swyftx,90396.25240479,91548.44028883,90972.34634681,0,true,91548.4403
2026-06-14T20:56:42.395Z,coinspot,90790,90790.37,90790.37,100,false,91698.2737
2026-06-14T20:56:42.395Z,independentreserve,90861.3,91042.8,90824,50,false,91498.0140
2026-06-14T20:56:42.395Z,kraken,90904.7,90923.5,90908.9,80,false,91650.8880
2026-06-14T20:56:42.395Z,okx,91000,91596.1,91000,70,false,92237.2727
2026-06-14T20:56:42.395Z,pepperstone,90882.6,91064.7,90973.65,10,false,91155.7647
2026-06-14T20:56:42.395Z,swyftx,90399.84613462,91545.81479813,90972.830466375,0,true,91545.8148
2026-06-15T02:28:46.180Z,coinspot,93079.66,93253.37,93270.17,100,false,94185.9037
2026-06-15T02:28:46.180Z,independentreserve,92798,92875,92835,50,false,93339.3750
2026-06-15T02:28:46.180Z,kraken,92789.4,92806,92850,80,false,93548.4480
2026-06-15T02:28:46.180Z,okx,92912.3,92963.8,92700,70,false,93614.5466
2026-06-15T02:28:46.180Z,pepperstone,92663.4,92851.2,92757.29999999999,10,false,92944.0512
2026-06-15T02:28:46.180Z,swyftx,92239.60196869,93278.393299,92758.99763384499,0,true,93278.3933
2026-06-15T09:49:13.752Z,coinspot,92750,92836.5,92869.9,100,false,93764.8650
2026-06-15T09:49:13.752Z,independentreserve,92648.01,92712.9,92695.45,50,false,93176.4645
2026-06-15T09:49:13.752Z,kraken,92680,92680.1,92693.1,80,false,93421.5408
2026-06-15T09:49:13.752Z,okx,92634,93005.3,93144.5,70,false,93656.3371
2026-06-15T09:49:13.752Z,pepperstone,92514.5,92700.6,92607.55,10,false,92793.3006
2026-06-15T09:49:13.752Z,swyftx,92073.13432747,93110.00213317,92591.56823032,0,true,93110.0021
2026-06-15T16:49:10.530Z,coinspot,94800,94958.87,94900,100,false,95908.4587
2026-06-15T16:49:10.530Z,independentreserve,94729.09,94786,94811.02,50,false,95259.9300
2026-06-15T16:49:10.530Z,kraken,94791,94791.1,94791,80,false,95549.4288
2026-06-15T16:49:10.530Z,okx,94885.6,94941.1,95150.4,70,false,95605.6877
2026-06-15T16:49:10.530Z,pepperstone,94627.6,94807.1,94717.35,10,false,94901.9071
2026-06-15T16:49:10.530Z,swyftx,94216.75538475,95277.93615449,94747.34576962,0,true,95277.9362
2026-06-15T22:08:12.926Z,coinspot,94000,94148.29,94048.8,100,false,95089.7729
2026-06-15T22:08:12.926Z,independentreserve,93868.41,93940.99,93939,50,false,94410.6949
2026-06-15T22:08:12.926Z,kraken,93942.8,93955.7,93948.8,80,false,94707.3456
2026-06-15T22:08:12.926Z,okx,94105.7,94150.6,95150.4,70,false,94809.6542
2026-06-15T22:08:12.926Z,pepperstone,93836.6,94015.5,93926.05,10,false,94109.5155
2026-06-15T22:08:12.926Z,swyftx,93364.68183895,94416.06791018,93890.374874565,0,true,94416.0679
2026-06-16T02:32:10.974Z,coinspot,93300,93400.79,93358.3,100,false,94334.7979
2026-06-16T02:32:10.974Z,independentreserve,93221.01,93292.99,93217.99,50,false,93759.4549
2026-06-16T02:32:10.974Z,kraken,93176.1,93208,93161.9,80,false,93953.6640
2026-06-16T02:32:10.974Z,okx,93346.4,93415.5,93770.7,70,false,94069.4085
2026-06-16T02:32:10.974Z,pepperstone,93070.1,93270.4,93170.25,10,false,93363.6704
2026-06-16T02:32:10.974Z,swyftx,92619.82284516,93662.57861823,93141.200731695,0,true,93662.5786
2026-06-16T09:13:15.907Z,coinspot,94500,94751.93,94641.74,100,false,95699.4493
2026-06-16T09:13:15.907Z,independentreserve,94370.33,94465.52,94465.39,50,false,94937.8476
2026-06-16T09:13:15.907Z,kraken,94405.1,94419.9,94422.2,80,false,95175.2592
2026-06-16T09:13:15.907Z,okx,94567.5,94624.8,94241,70,false,95287.1736
2026-06-16T09:13:15.907Z,pepperstone,94279.6,94471.9,94375.75,10,false,94566.3719
2026-06-16T09:13:15.907Z,swyftx,93852.83581077,94916.34010261,94384.58795669,0,true,94916.3401
2026-06-16T16:18:06.631Z,coinspot,92759.31,93087.09,93162.6,100,false,94017.9609
2026-06-16T16:18:06.631Z,independentreserve,92915.02,92975.69,92975.69,50,false,93440.5684
2026-06-16T16:18:06.631Z,kraken,92892.9,92908.1,92914.5,80,false,93651.3648
2026-06-16T16:18:06.631Z,okx,93043.1,93105.7,93283.9,70,false,93757.4399
2026-06-16T16:18:06.631Z,pepperstone,92774.9,92945.3,92860.1,10,false,93038.2453
2026-06-16T16:18:06.631Z,swyftx,92287.45161127,93333.52121157,92810.48641141999,0,true,93333.5212
2026-06-16T22:04:05.438Z,coinspot,93040.67,93188.2,93183.5,100,false,94120.0820
2026-06-16T22:04:05.438Z,independentreserve,92941.05,93027.95,92920.69,50,false,93493.0897
2026-06-16T22:04:05.438Z,kraken,92937.2,92968,92945,80,false,93711.7440
2026-06-16T22:04:05.438Z,okx,93140.3,93189.7,93145.6,70,false,93842.0279
2026-06-16T22:04:05.438Z,pepperstone,92851.2,93041,92946.1,10,false,93134.0410
2026-06-16T22:04:05.438Z,swyftx,92432.79535695,93473.65138396,92953.223370455,0,true,93473.6514
2026-06-17T02:29:03.202Z,coinspot,93350.44,93621.49,93433.7,100,false,94557.7049
2026-06-17T02:29:03.202Z,independentreserve,93399.01,93477.19,93477.2,50,false,93944.5759
2026-06-17T02:29:03.202Z,kraken,93394.5,93420.4,93371.2,80,false,94167.7632
2026-06-17T02:29:03.202Z,okx,93565,93613.8,92800,70,false,94269.0966
2026-06-17T02:29:03.202Z,pepperstone,93288,93486.1,93387.05,10,false,93579.5861
2026-06-17T02:29:03.202Z,swyftx,92814.5245993,93866.33978222,93340.43219076001,0,true,93866.3398
2026-06-17T08:51:29.103Z,coinspot,91658.72,91700,91700,100,false,92617.0000
2026-06-17T08:51:29.103Z,independentreserve,91992,92067.93,92025,50,false,92528.2696
2026-06-17T08:51:29.103Z,kraken,91896,91916.6,91920.6,80,false,92651.9328
2026-06-17T08:51:29.103Z,okx,92038.9,92110.2,92060.7,70,false,92754.9714
2026-06-17T08:51:29.103Z,pepperstone,91915,91978,91946.5,10,false,92069.9780
2026-06-17T08:51:29.103Z,swyftx,91380.36335562,92409.1893024,91894.77632901,0,true,92409.1893
2026-06-17T14:45:00.634Z,coinspot,91999,92257.79,92000,100,false,93180.3679
2026-06-17T14:45:00.634Z,independentreserve,92000,92050.98,92132,50,false,92511.2349
2026-06-17T14:45:00.634Z,kraken,91990.1,92014.9,92138.1,80,false,92751.0192
2026-06-17T14:45:00.634Z,okx,92146.6,92207.5,92340.2,70,false,92852.9525
2026-06-17T14:45:00.634Z,pepperstone,91878.6,92066.8,91972.70000000001,10,false,92158.8668
2026-06-17T14:45:00.634Z,swyftx,91493.64043225,92530.57455084,92012.107491545,0,true,92530.5746
2026-06-17T18:06:56.481Z,coinspot,92140,92293.09,93292.74,100,false,93216.0209
2026-06-17T18:06:56.481Z,independentreserve,92442.03,92494.99,92415.01,50,false,92957.4649
2026-06-17T18:06:56.481Z,kraken,92422.2,92444.3,92392.3,80,false,93183.8544
2026-06-17T18:06:56.481Z,okx,92428.5,92799.1,93026.2,70,false,93448.6937
2026-06-17T18:06:56.481Z,pepperstone,92277.3,92484.1,92380.70000000001,10,false,92576.5841
2026-06-17T18:06:56.481Z,swyftx,91758.29214384,92791.02395982,92274.65805182999,0,true,92791.0240
2026-06-17T21:50:20.819Z,coinspot,91600,91661.26,91645.8,100,false,92577.8726
2026-06-17T21:50:20.819Z,independentreserve,91498.29,91578.99,91591.63,50,false,92036.8849
2026-06-17T21:50:20.819Z,kraken,91451.4,91488.4,91445.6,80,false,92220.3072
2026-06-17T21:50:20.819Z,okx,91590.2,91642.4,91991.6,70,false,92283.8968
2026-06-17T21:50:20.819Z,pepperstone,91332.8,91532.5,91432.65,10,false,91624.0325
2026-06-17T21:50:20.819Z,swyftx,90926.61219092,91949.2035304,91437.90786066,0,true,91949.2035
2026-06-18T02:14:34.475Z,coinspot,91805.58,91900.59,91891.49,100,false,92819.5959
2026-06-18T02:14:34.475Z,independentreserve,91658.01,91720,92214.08,50,false,92178.6000
2026-06-18T02:14:34.475Z,kraken,91717.5,91717.6,91717.5,80,false,92451.3408
2026-06-18T02:14:34.475Z,okx,91817,91874.3,91925.1,70,false,92517.4201
2026-06-18T02:14:34.475Z,pepperstone,91580.6,91768.8,91674.70000000001,10,false,91860.5688
2026-06-18T02:14:34.475Z,swyftx,91153.11638973,92185.21264568,91669.16451770501,0,true,92185.2126
2026-06-18T08:28:10.171Z,coinspot,91629,91750,91750,100,false,92667.5000
2026-06-18T08:28:10.171Z,independentreserve,91780.53,91859.82,91838.85,50,false,92319.1191
2026-06-18T08:28:10.171Z,kraken,91699.9,91700,91700,80,false,92433.6000
2026-06-18T08:28:10.171Z,okx,91956.1,92008.1,90909,70,false,92652.1567
2026-06-18T08:28:10.171Z,pepperstone,91713.5,91896.6,91805.05,10,false,91988.4966
2026-06-18T08:28:10.171Z,swyftx,91267.81126081,92301.08170632,91784.446483565,0,true,92301.0817
2026-06-18T14:39:17.723Z,coinspot,90848.22,91170.69,91045.1,100,false,92082.3969
2026-06-18T14:39:17.723Z,independentreserve,90938.47,91146.66,91042.51,50,false,91602.3933
2026-06-18T14:39:17.723Z,kraken,90950,90959.6,90986.4,80,false,91687.2768
2026-06-18T14:39:17.723Z,okx,91095.3,91154.9,90909,70,false,91792.9843
2026-06-18T14:39:17.723Z,pepperstone,90846.4,91035.3,90940.85,10,false,91126.3353
2026-06-18T14:39:17.723Z,swyftx,90413.38134965,91430.51746,90921.94940482499,0,true,91430.5175
2026-06-18T18:19:08.936Z,coinspot,89175.78,89504.5,89356.9,100,false,90399.5450
2026-06-18T18:19:08.936Z,independentreserve,89400,89486.99,89279,50,false,89934.4250
2026-06-18T18:19:08.936Z,kraken,89401.8,89424.7,89275.9,80,false,90140.0976
2026-06-18T18:19:08.936Z,okx,89518.6,89591,89000,70,false,90218.1370
2026-06-18T18:19:08.936Z,pepperstone,89287.6,89474.9,89381.25,10,false,89564.3749
2026-06-18T18:19:08.936Z,swyftx,88788.91465793,89793.9285342,89291.42159606499,0,true,89793.9285
2026-06-18T21:54:35.683Z,coinspot,89800.61,89973.42,89800.61,100,false,90873.1542
2026-06-18T21:54:35.683Z,independentreserve,89501.53,89617.19,89536.54,50,false,90065.2759
2026-06-18T21:54:35.683Z,kraken,89600,89600.1,89615.2,80,false,90316.9008
2026-06-18T21:54:35.683Z,okx,89700,89733.5,89888.8,70,false,90361.6345
2026-06-18T21:54:35.683Z,pepperstone,89407.7,89688.1,89547.9,10,false,89777.7881
2026-06-18T21:54:35.683Z,swyftx,89036.76710147,90044.51487706,89540.640989265,0,true,90044.5149
2026-06-19T02:43:02.989Z,coinspot,89999,90091.94,90090,100,false,90992.8594
2026-06-19T02:43:02.989Z,independentreserve,89665.39,89735,89735.99,50,false,90183.6750
2026-06-19T02:43:02.989Z,kraken,89716.5,89738.8,89739.4,80,false,90456.7104
2026-06-19T02:43:02.989Z,okx,89821.8,89875.5,89939.7,70,false,90504.6285
2026-06-19T02:43:02.989Z,pepperstone,89592.8,89774.2,89683.5,10,false,89863.9742
2026-06-19T02:43:02.989Z,swyftx,89188.7684425,90191.75781047,89690.26312648499,0,true,90191.7578
2026-06-19T08:55:48.232Z,coinspot,89200,89369.08,89400,100,false,90262.7708
2026-06-19T08:55:48.232Z,independentreserve,89153.52,89234.77,89290.92,50,false,89680.9438
2026-06-19T08:55:48.232Z,kraken,89200,89200.1,89254,80,false,89913.7008
2026-06-19T08:55:48.232Z,okx,89254.2,89306.8,89440.6,70,false,89931.9476
2026-06-19T08:55:48.232Z,pepperstone,89020.5,89199.5,89110,10,false,89288.6995
2026-06-19T08:55:48.232Z,swyftx,88621.81026743,89618.56047897,89120.1853732,0,true,89618.5605
2026-06-19T14:35:56.534Z,coinspot,90030.63,90411.59,90100,100,false,91315.7059
2026-06-19T14:35:56.534Z,independentreserve,90349,90413.97,90269.96,50,false,90866.0398
2026-06-19T14:35:56.534Z,kraken,90230.8,90256.9,90085.1,80,false,90978.9552
2026-06-19T14:35:56.534Z,okx,90355.9,90414.9,90186.6,70,false,91047.8043
2026-06-19T14:35:56.534Z,pepperstone,90124.9,90311,90217.95,10,false,90401.3110
2026-06-19T14:35:56.534Z,swyftx,89698.56362636,90707.23800056,90202.90081346,0,true,90707.2380
2026-06-19T17:45:46.024Z,coinspot,90000,90143.8,90029.6,100,false,91045.2380
2026-06-19T17:45:46.024Z,independentreserve,89955.03,90053.99,89932,50,false,90504.2599
2026-06-19T17:45:46.024Z,kraken,89923.4,89938.9,89920,80,false,90658.4112
2026-06-19T17:45:46.024Z,okx,90014.1,90066.4,90186.6,70,false,90696.8648
2026-06-19T17:45:46.024Z,pepperstone,89780.5,89972.7,89876.6,10,false,90062.6727
2026-06-19T17:45:46.024Z,swyftx,89379.26473151,90384.38472334,89881.824727425,0,true,90384.3847
2026-06-19T20:58:36.863Z,coinspot,90000.2,90368.38,89950,100,false,91272.0638
2026-06-19T20:58:36.863Z,independentreserve,90100.92,90232.06,90234.52,50,false,90683.2203
2026-06-19T20:58:36.863Z,kraken,90126.7,90147.1,90075.6,80,false,90868.2768
2026-06-19T20:58:36.863Z,okx,90119.9,90481.1,90186.6,70,false,91114.4677
2026-06-19T20:58:36.863Z,pepperstone,89902.3,90274.8,90088.55,10,false,90365.0748
2026-06-19T20:58:36.863Z,swyftx,89525.25933795,90716.46185258,90120.860595265,0,true,90716.4619
2026-06-20T02:03:25.929Z,coinspot,90700,90867.29,90890.01,100,false,91775.9629
2026-06-20T02:03:25.929Z,independentreserve,90528.72,90700.76,90775.14,50,false,91154.2638
2026-06-20T02:03:25.929Z,kraken,90572.9,90599.8,90663.6,80,false,91324.5984
2026-06-20T02:03:25.929Z,okx,90513,90875.8,90186.6,70,false,91511.9306
2026-06-20T02:03:25.929Z,pepperstone,90457.6,90647.7,90552.65,10,false,90738.3477
2026-06-20T02:03:25.929Z,swyftx,89942.58425357,91139.36419078,90540.974222175,0,true,91139.3642
2026-06-20T07:39:58.196Z,coinspot,90999,91000,91000,100,false,91910.0000
2026-06-20T07:39:58.196Z,independentreserve,90851.65,90980.44,90970,50,false,91435.3422
2026-06-20T07:39:58.196Z,kraken,90864.3,90897,90865.4,80,false,91624.1760
2026-06-20T07:39:58.196Z,okx,90828,91192,90909,70,false,91830.3440
2026-06-20T07:39:58.196Z,pepperstone,90771.6,90955.4,90863.5,10,false,91046.3554
2026-06-20T07:39:58.196Z,swyftx,90254.61740447,91455.49972386,90855.058564165,0,true,91455.4997
2026-06-20T10:23:34.286Z,coinspot,90999,91031.52,91084,100,false,91941.8352
2026-06-20T10:23:34.286Z,independentreserve,90692.82,90842.47,90841.05,50,false,91296.6823
2026-06-20T10:23:34.286Z,kraken,90803,90803.1,90843.3,80,false,91529.5248
2026-06-20T10:23:34.286Z,okx,90685.9,91029.2,90613.2,70,false,91666.4044
2026-06-20T10:23:34.286Z,pepperstone,90616.6,90800.1,90708.35,10,false,90890.9001
2026-06-20T10:23:34.286Z,swyftx,90119.31634071,91318.37240962,90718.844375165,0,true,91318.3724
2026-06-20T13:21:05.551Z,coinspot,90750,90872,90922,100,false,91780.7200
2026-06-20T13:21:05.551Z,independentreserve,90559.6,90727.69,90785.87,50,false,91181.3284
2026-06-20T13:21:05.551Z,kraken,90549.8,90569.6,90632.7,80,false,91294.1568
2026-06-20T13:21:05.551Z,okx,90500,90828.5,91113.5,70,false,91464.2995
2026-06-20T13:21:05.551Z,pepperstone,90449.7,90636.9,90543.29999999999,10,false,90727.5369
2026-06-20T13:21:05.551Z,swyftx,89963.7198601,91160.68232596,90562.20109303,0,true,91160.6823
2026-06-20T17:12:14.437Z,coinspot,91200,91362.03,91200.01,100,false,92275.6503
2026-06-20T17:12:14.437Z,independentreserve,91085.7,91225.64,91304.7,50,false,91681.7682
2026-06-20T17:12:14.437Z,kraken,91103.5,91116.4,91261.6,80,false,91845.3312
2026-06-20T17:12:14.437Z,okx,91039.5,91404.3,91005.3,70,false,92044.1301
2026-06-20T17:12:14.437Z,pepperstone,91093,91290.5,91191.75,10,false,91381.7905
2026-06-20T17:12:14.437Z,swyftx,90575.54037735,91780.32057255,91177.93047495,0,true,91780.3206
2026-06-20T21:00:46.045Z,coinspot,91200.96,91369.37,91370.53,100,false,92283.0637
2026-06-20T21:00:46.045Z,independentreserve,91039.19,91134.83,91073.75,50,false,91590.5041
2026-06-20T21:00:46.045Z,kraken,91080.5,91087.1,91074.9,80,false,91815.7968
2026-06-20T21:00:46.045Z,okx,91041.9,91394.1,91005.3,70,false,92033.8587
2026-06-20T21:00:46.045Z,pepperstone,91090,91276.8,91183.4,10,false,91368.0768
2026-06-20T21:00:46.045Z,swyftx,90580.92653339,91785.80200557,91183.36426948,0,true,91785.8020
2026-06-21T02:15:40.307Z,coinspot,91481.33,91847.42,91813.71,100,false,92765.8942
2026-06-21T02:15:40.307Z,independentreserve,91545.07,91664.1,91576.12,50,false,92122.4205
2026-06-21T02:15:40.307Z,kraken,91544.5,91570.7,91573.6,80,false,92303.2656
2026-06-21T02:15:40.307Z,okx,91500,91842.3,91812.2,70,false,92485.1961
2026-06-21T02:15:40.307Z,pepperstone,91581.3,91767.2,91674.25,10,false,91858.9672
2026-06-21T02:15:40.307Z,swyftx,91053.55272943,92264.63958802,91659.096158725,0,true,92264.6396
2026-06-21T08:18:45.573Z,coinspot,91465,91642.1,91644.37,100,false,92558.5210
2026-06-21T08:18:45.573Z,independentreserve,91069.57,91680.61,91169.32,50,false,92139.0130
2026-06-21T08:18:45.573Z,kraken,91339.7,91339.8,91378,80,false,92070.5184
2026-06-21T08:18:45.573Z,okx,91500,91650.8,91812.2,70,false,92292.3556
2026-06-21T08:18:45.573Z,pepperstone,91372.6,91555.7,91464.15,10,false,91647.2557
2026-06-21T08:18:45.573Z,swyftx,90854.41191535,92062.87510314,91458.64350924501,0,true,92062.8751
2026-06-21T13:30:14.353Z,coinspot,91491.38,91686.71,91701.38,100,false,92603.5771
2026-06-21T13:30:14.353Z,independentreserve,91359,91446.85,91493.5,50,false,91904.0842
2026-06-21T13:30:14.353Z,kraken,91347.8,91348.3,91348.3,80,false,92079.0864
2026-06-21T13:30:14.353Z,okx,91448.2,91749.5,91501,70,false,92391.7465
2026-06-21T13:30:14.353Z,pepperstone,91445.7,91631.6,91538.65,10,false,91723.2316
2026-06-21T13:30:14.353Z,swyftx,90930.22556533,92139.72350877,91534.97453705,0,true,92139.7235
2026-06-21T17:14:57.299Z,coinspot,91289.85,91771.62,91591.95,100,false,92689.3362
2026-06-21T17:14:57.299Z,independentreserve,91436.88,91512.73,91444.7,50,false,91970.2936
2026-06-21T17:14:57.299Z,kraken,91403.9,91429.6,91423.8,80,false,92161.0368
2026-06-21T17:14:57.299Z,okx,91418.9,91785.3,91501,70,false,92427.7971
2026-06-21T17:14:57.299Z,pepperstone,91486.6,91670.3,91578.45000000001,10,false,91761.9703
2026-06-21T17:14:57.299Z,swyftx,90989.26481739,92193.12070893,91591.19276316,0,true,92193.1207
2026-06-21T21:01:32.225Z,coinspot,91044,91249.93,91250.22,100,false,92162.4293
2026-06-21T21:01:32.225Z,independentreserve,90921.05,91094.66,91094.42,50,false,91550.1333
2026-06-21T21:01:32.225Z,kraken,90944.8,90944.9,90943.7,80,false,91672.4592
2026-06-21T21:01:32.225Z,okx,90651.1,91619.4,91501,70,false,92260.7358
2026-06-21T21:01:32.225Z,pepperstone,90739.9,91227.1,90983.5,10,false,91318.3271
2026-06-21T21:01:32.225Z,swyftx,90507.34716324,91672.60977692,91089.97847008001,0,true,91672.6098
2026-06-22T02:30:14.497Z,coinspot,92010,92181.42,92050,100,false,93103.2342
2026-06-22T02:30:14.497Z,independentreserve,91872.02,91938,91977.56,50,false,92397.6900
2026-06-22T02:30:14.497Z,kraken,92000,92000.1,92000.1,80,false,92736.1008
2026-06-22T02:30:14.497Z,okx,92146.2,92192.5,92281.9,70,false,92837.8475
2026-06-22T02:30:14.497Z,pepperstone,91900.4,92107.8,92004.1,10,false,92199.9078
2026-06-22T02:30:14.497Z,swyftx,91526.96267745,92595.12482312,92061.043750285,0,true,92595.1248
2026-06-22T09:35:56.935Z,coinspot,91650,91750,91650,100,false,92667.5000
2026-06-22T09:35:56.935Z,independentreserve,91375.98,91442.07,91478.98,50,false,91899.2804
2026-06-22T09:35:56.935Z,kraken,91500.5,91522.7,91573.8,80,false,92254.8816
2026-06-22T09:35:56.935Z,okx,91538.4,91596.4,91594,70,false,92237.5748
2026-06-22T09:35:56.935Z,pepperstone,91400.5,91594.1,91497.3,10,false,91685.6941
2026-06-22T09:35:56.935Z,swyftx,90994.86414898,92024.35825894,91509.61120396,0,true,92024.3583
2026-06-22T16:22:26.562Z,coinspot,92400,92619.94,92420,100,false,93546.1394
2026-06-22T16:22:26.562Z,independentreserve,92256.7,92416.35,92933.87,50,false,92878.4317
2026-06-22T16:22:26.562Z,kraken,92377.4,92400.5,92446.5,80,false,93139.7040
2026-06-22T16:22:26.562Z,okx,92411.5,92469.4,92500,70,false,93116.6858
2026-06-22T16:22:26.562Z,pepperstone,92279.4,92480.6,92380,10,false,92573.0806
2026-06-22T16:22:26.562Z,swyftx,91909.19410393,92942.56205563,92425.87807978,0,true,92942.5621
2026-06-22T21:53:15.448Z,coinspot,91658.25,91842.26,91831.03,100,false,92760.6826
2026-06-22T21:53:15.448Z,independentreserve,91501,91607.91,91619.64,50,false,92065.9495
2026-06-22T21:53:15.448Z,kraken,91621.6,91683.6,91695.2,80,false,92417.0688
2026-06-22T21:53:15.448Z,okx,91691,91745.5,92000,70,false,92387.7185
2026-06-22T21:53:15.448Z,pepperstone,91504.5,91780.2,91642.35,10,false,91871.9802
2026-06-22T21:53:15.448Z,swyftx,91138.18628161,92169.32609811,91653.75618986,0,true,92169.3261
2026-06-23T01:57:23.151Z,coinspot,91509.97,91883.62,91653.22,100,false,92802.4562
2026-06-23T01:57:23.151Z,independentreserve,91591.35,91638.84,91627.93,50,false,92097.0342
2026-06-23T01:57:23.151Z,kraken,91733,91756.4,91723.7,80,false,92490.4512
2026-06-23T01:57:23.151Z,okx,91754.5,91812.9,91720,70,false,92455.5903
2026-06-23T01:57:23.151Z,pepperstone,91651.9,91843.2,91747.54999999999,10,false,91935.0432
2026-06-23T01:57:23.151Z,swyftx,91217.49988375,92242.65614138,91730.078012565,0,true,92242.6561
2026-06-23T07:35:53.998Z,coinspot,90521.52,90590.86,90583.34,100,false,91496.7686
2026-06-23T07:35:53.998Z,independentreserve,90251.01,90326.96,90372.88,50,false,90778.5948
2026-06-23T07:35:53.998Z,kraken,90338.9,90360.3,90351.9,80,false,91083.1824
2026-06-23T07:35:53.998Z,okx,90325.2,90387.1,90494.4,70,false,91019.8097
2026-06-23T07:35:53.998Z,pepperstone,90226.6,90427.2,90326.9,10,false,90517.6272
2026-06-23T07:35:53.998Z,swyftx,89833.34069675,90854.92578389,90344.13324031999,0,true,90854.9258
2026-06-23T10:51:36.976Z,coinspot,89600,89756.88,89759.49,100,false,90654.4488
2026-06-23T10:51:36.976Z,independentreserve,89504.05,89591,89573.99,50,false,90038.9550
2026-06-23T10:51:36.976Z,kraken,89581.2,89581.3,89581.3,80,false,90297.9504
2026-06-23T10:51:36.976Z,okx,89542.4,89598.5,89500,70,false,90225.6895
2026-06-23T10:51:36.976Z,pepperstone,89433.3,89620.6,89526.95000000001,10,false,89710.2206
2026-06-23T10:51:36.976Z,swyftx,89027.34786796,90039.57194262,89533.45990528999,0,true,90039.5719
2026-06-23T14:15:24.456Z,coinspot,90100,90409.79,90276.9,100,false,91313.8879
2026-06-23T14:15:24.456Z,independentreserve,90253,90324,90353,50,false,90775.6200
2026-06-23T14:15:24.456Z,kraken,90281,90302.4,90173,80,false,91024.8192
2026-06-23T14:15:24.456Z,okx,90310.5,90378.7,89455.5,70,false,91011.3509
2026-06-23T14:15:24.456Z,pepperstone,90188.7,90381.8,90285.25,10,false,90472.1818
2026-06-23T14:15:24.456Z,swyftx,89799.18728108,90813.61595535,90306.401618215,0,true,90813.6160
2026-06-23T17:46:03.024Z,coinspot,90225.79,90551.6,90399.99,100,false,91457.1160
2026-06-23T17:46:03.024Z,independentreserve,90270.25,90336.99,90536.85,50,false,90788.6750
2026-06-23T17:46:03.024Z,kraken,90339.2,90365.3,90532.3,80,false,91088.2224
2026-06-23T17:46:03.024Z,okx,90336.7,90396.1,90390,70,false,91028.8727
2026-06-23T17:46:03.024Z,pepperstone,90240.1,90426.1,90333.1,10,false,90516.5261
2026-06-23T17:46:03.024Z,swyftx,89831.58615207,90839.6001324,90335.593142235,0,true,90839.6001
2026-06-23T21:21:07.012Z,coinspot,90348.51,90350,90350,100,false,91253.5000
2026-06-23T21:21:07.012Z,independentreserve,90240.02,90270,90298,50,false,90721.3500
2026-06-23T21:21:07.012Z,kraken,90254.4,90276.5,90237.1,80,false,90998.7120
2026-06-23T21:21:07.012Z,okx,90246.9,90303,90390,70,false,90935.1210
2026-06-23T21:21:07.012Z,pepperstone,90107.6,90353.6,90230.6,10,false,90443.9536
2026-06-23T21:21:07.012Z,swyftx,89705.70835182,90718.64462698,90212.17648940001,0,true,90718.6446
2026-06-24T01:57:17.032Z,coinspot,90800,90805.81,90800.01,100,false,91713.8681
2026-06-24T01:57:17.032Z,independentreserve,90848.33,90929,90950,50,false,91383.6450
2026-06-24T01:57:17.032Z,kraken,90958.7,90972.8,90964.8,80,false,91700.5824
2026-06-24T01:57:17.032Z,okx,90968.1,90980,91010.8,70,false,91616.8600
2026-06-24T01:57:17.032Z,pepperstone,90871.2,91062,90966.6,10,false,91153.0620
2026-06-24T01:57:17.032Z,swyftx,90434.22382133,91455.33851607,90944.78116869999,0,true,91455.3385
2026-06-24T07:29:47.287Z,coinspot,90881.1,90907.38,90881.1,100,false,91816.4538
2026-06-24T07:29:47.287Z,independentreserve,90537.02,90610,90658.44,50,false,91063.0500
2026-06-24T07:29:47.287Z,kraken,90700.3,90700.4,90714.3,80,false,91426.0032
2026-06-24T07:29:47.287Z,okx,90667,90717.1,90897,70,false,91352.1197
2026-06-24T07:29:47.287Z,pepperstone,90551.7,90737.4,90644.54999999999,10,false,90828.1374
2026-06-24T07:29:47.287Z,swyftx,90153.32149824,91164.69602571,90659.008761975,0,true,91164.6960
2026-06-24T10:38:07.495Z,coinspot,90800,90913.1,90903.1,100,false,91822.2310
2026-06-24T10:38:07.495Z,independentreserve,90646,90697.95,90238.14,50,false,91151.4397
2026-06-24T10:38:07.495Z,kraken,90723.3,90735.3,90730.5,80,false,91461.1824
2026-06-24T10:38:07.495Z,okx,90709.7,90767,90824.5,70,false,91402.3690
2026-06-24T10:38:07.495Z,pepperstone,90627.4,90813.6,90720.5,10,false,90904.4136
2026-06-24T10:38:07.495Z,swyftx,90209.51465196,91227.45667069,90718.48566132499,0,true,91227.4567
2026-06-24T14:00:30.913Z,coinspot,88820.95,89012.49,88888,100,false,89902.6149
2026-06-24T14:00:30.913Z,independentreserve,88787,88859,88809,50,false,89303.2950
2026-06-24T14:00:30.913Z,kraken,88792,88806.3,88795.9,80,false,89516.7504
2026-06-24T14:00:30.913Z,okx,88777.9,88837.7,88888.8,70,false,89459.5639
2026-06-24T14:00:30.913Z,pepperstone,88664.1,88878.3,88771.20000000001,10,false,88967.1783
2026-06-24T14:00:30.913Z,swyftx,88175.70056448,89170.98059237,88673.340578425,0,true,89170.9806
2026-06-24T17:45:24.455Z,coinspot,86200,86270.8,86200,100,false,87133.5080
2026-06-24T17:45:24.455Z,independentreserve,86029.01,86097.92,86148,50,false,86528.4096
2026-06-24T17:45:24.455Z,kraken,86039.9,86066,86055.9,80,false,86754.5280
2026-06-24T17:45:24.455Z,okx,86011.7,86069.5,86100,70,false,86671.9865
2026-06-24T17:45:24.455Z,pepperstone,85894.8,86109,86001.9,10,false,86195.1090
2026-06-24T17:45:24.455Z,swyftx,85532.27170266,86497.41263485,86014.842168755,0,true,86497.4126
2026-06-24T21:14:50.920Z,coinspot,87999,88108,88113.8,100,false,88989.0800
2026-06-24T21:14:50.920Z,independentreserve,87924.98,88026.99,87616.11,50,false,88467.1249
2026-06-24T21:14:50.920Z,kraken,87903.9,87920,87926.2,80,false,88623.3600
2026-06-24T21:14:50.920Z,okx,87859.8,87924.7,88156,70,false,88540.1729
2026-06-24T21:14:50.920Z,pepperstone,87707.4,88018.4,87862.9,10,false,88106.4184
2026-06-24T21:14:50.920Z,swyftx,87411.94692785,88392.49153642,87902.219232135,0,true,88392.4915
2026-06-25T02:00:06.343Z,coinspot,88250,88374.36,88374.37,100,false,89258.1036
2026-06-25T02:00:06.343Z,independentreserve,88218,88280.96,88213,50,false,88722.3648
2026-06-25T02:00:06.343Z,kraken,88247.9,88274.8,88274.9,80,false,88980.9984
2026-06-25T02:00:06.343Z,okx,88228.7,88283.7,88031.7,70,false,88901.6859
2026-06-25T02:00:06.343Z,pepperstone,88115.2,88320.1,88217.65,10,false,88408.4201
2026-06-25T02:00:06.343Z,swyftx,87728.22774639,88718.2621122,88223.244929295,0,true,88718.2621
2026-06-25T07:30:44.188Z,coinspot,89694.52,89699,89699,100,false,90595.9900
2026-06-25T07:30:44.188Z,independentreserve,89638,89712.99,89667.48,50,false,90161.5549
2026-06-25T07:30:44.188Z,kraken,89576.9,89590.5,89564,80,false,90307.2240
2026-06-25T07:30:44.188Z,okx,89583.6,89638.1,89090.9,70,false,90265.5667
2026-06-25T07:30:44.188Z,pepperstone,89477,89668.6,89572.8,10,false,89758.2686
2026-06-25T07:30:44.188Z,swyftx,89018.50601397,90023.13562324,89520.820818605,0,true,90023.1356
2026-06-25T10:31:20.087Z,coinspot,89300,89354,89369.9,100,false,90247.5400
2026-06-25T10:31:20.087Z,independentreserve,89255,89279.6,89289.94,50,false,89725.9980
2026-06-25T10:31:20.087Z,kraken,89180.2,89201.7,89214.6,80,false,89915.3136
2026-06-25T10:31:20.087Z,okx,89200,89244.5,89426.3,70,false,89869.2115
2026-06-25T10:31:20.087Z,pepperstone,89080.3,89265.1,89172.70000000001,10,false,89354.3651
2026-06-25T10:31:20.087Z,swyftx,88689.60707704,89690.54857675,89190.077826895,0,true,89690.5486
2026-06-25T13:57:09.907Z,coinspot,85100,85255.2,85187.9,100,false,86107.7520
2026-06-25T13:57:09.907Z,independentreserve,84954.02,85032,85090.99,50,false,85457.1600
2026-06-25T13:57:09.907Z,kraken,84918.7,85019.9,85072.5,80,false,85700.0592
2026-06-25T13:57:09.907Z,okx,84879.9,84991.9,84945.7,70,false,85586.8433
2026-06-25T13:57:09.907Z,pepperstone,84726.1,84966.7,84846.4,10,false,85051.6667
2026-06-25T13:57:09.907Z,swyftx,84519.82394066,85473.76149419,84996.792717425,0,true,85473.7615
2026-06-25T17:59:15.874Z,coinspot,85949.22,86257.09,86066.39,100,false,87119.6609
2026-06-25T17:59:15.874Z,independentreserve,86155,86233.99,85524.12,50,false,86665.1600
2026-06-25T17:59:15.874Z,kraken,86104.4,86120.3,85967.3,80,false,86809.2624
2026-06-25T17:59:15.874Z,okx,86143.4,86208,85658.8,70,false,86811.4560
2026-06-25T17:59:15.874Z,pepperstone,85801.2,86009.3,85905.25,10,false,86095.3093
2026-06-25T17:59:15.874Z,swyftx,85545.5843486,86511.62495781,86028.604653205,0,true,86511.6250
2026-06-25T21:19:22.272Z,coinspot,86200,86386.37,86385.24,100,false,87250.2337
2026-06-25T21:19:22.272Z,independentreserve,86090.21,86223.54,86160,50,false,86654.6577
2026-06-25T21:19:22.272Z,kraken,86092,86094.7,86052.1,80,false,86783.4576
2026-06-25T21:19:22.272Z,okx,86111.2,86160.5,86064.3,70,false,86763.6235
2026-06-25T21:19:22.272Z,pepperstone,85878.6,86180.6,86029.6,10,false,86266.7806
2026-06-25T21:19:22.272Z,swyftx,85585.05736536,86545.41062694,86065.23399615,0,true,86545.4106
2026-06-26T02:01:46.512Z,coinspot,86349.61,86385.1,86349.61,100,false,87248.9510
2026-06-26T02:01:46.512Z,independentreserve,86021.01,86039,86075,50,false,86469.1950
2026-06-26T02:01:46.512Z,kraken,86110,86127.7,86108.4,80,false,86816.7216
2026-06-26T02:01:46.512Z,okx,86117.6,86164.9,86110,70,false,86768.0543
2026-06-26T02:01:46.512Z,pepperstone,85999.3,86215.9,86107.6,10,false,86302.1159
2026-06-26T02:01:46.512Z,swyftx,85626.97038197,86587.245176,86107.107778985,0,true,86587.2452
2026-06-26T07:39:59.266Z,coinspot,87949.83,87949.99,87934.47,100,false,88829.4899
2026-06-26T07:39:59.266Z,independentreserve,87883.03,87969,87823.99,50,false,88408.8450
2026-06-26T07:39:59.266Z,kraken,87940.6,87940.7,87764.8,80,false,88644.2256
2026-06-26T07:39:59.266Z,okx,87986.9,88031.5,87491,70,false,88647.7205
2026-06-26T07:39:59.266Z,pepperstone,87825.9,88050.3,87938.1,10,false,88138.3503
2026-06-26T07:39:59.266Z,swyftx,87392.91124968,88379.23024887,87886.070749275,0,true,88379.2302
2026-06-26T10:40:56.815Z,coinspot,86100,86253.24,86226.73,100,false,87115.7724
2026-06-26T10:40:56.815Z,independentreserve,86082,86135.98,86112.24,50,false,86566.6599
2026-06-26T10:40:56.815Z,kraken,86097.6,86120.6,86180.7,80,false,86809.5648
2026-06-26T10:40:56.815Z,okx,86093.5,86157,86476.8,70,false,86760.0990
2026-06-26T10:40:56.815Z,pepperstone,85969.6,86170.8,86070.20000000001,10,false,86256.9708
2026-06-26T10:40:56.815Z,swyftx,85568.51691476,86534.3916303,86051.45427253,0,true,86534.3916
2026-06-26T13:55:05.947Z,coinspot,86290.16,86664.04,86153.69,100,false,87530.6804
2026-06-26T13:55:05.947Z,independentreserve,86435.02,86521.99,86527,50,false,86954.5999
2026-06-26T13:55:05.947Z,kraken,86467.4,86490.7,86265.6,80,false,87182.6256
2026-06-26T13:55:05.947Z,okx,86477.6,86530,86309.6,70,false,87135.7100
2026-06-26T13:55:05.947Z,pepperstone,86354.6,86565.5,86460.05,10,false,86652.0655
2026-06-26T13:55:05.947Z,swyftx,85934.33337655,86904.46018492,86419.396780735,0,true,86904.4602
2026-06-26T17:27:08.010Z,coinspot,87000,87224.05,87234.38,100,false,88096.2905
2026-06-26T17:27:08.010Z,independentreserve,87047,87076.86,87004.01,50,false,87512.2443
2026-06-26T17:27:08.010Z,kraken,87047.1,87060,86991.9,80,false,87756.4800
2026-06-26T17:27:08.010Z,okx,87073.8,87127.6,87097.6,70,false,87737.4932
2026-06-26T17:27:08.010Z,pepperstone,86940.7,87140.5,87040.6,10,false,87227.6405
2026-06-26T17:27:08.010Z,swyftx,86552.59094904,87529.5274302,87041.05918961999,0,true,87529.5274
2026-06-26T21:11:09.879Z,coinspot,86627.44,86810.76,86693.2,100,false,87678.8676
2026-06-26T21:11:09.879Z,independentreserve,86457.7,86561.57,86528.61,50,false,86994.3779
2026-06-26T21:11:09.879Z,kraken,86513.3,86513.8,86546.7,80,false,87205.9104
2026-06-26T21:11:09.879Z,okx,86368.1,86699.7,87097.6,70,false,87306.5979
2026-06-26T21:11:09.879Z,pepperstone,86408.6,86598.7,86503.65,10,false,86685.2987
2026-06-26T21:11:09.879Z,swyftx,85985.5757674,87124.26886286,86554.92231513001,0,true,87124.2689
2026-06-27T01:55:45.786Z,coinspot,86950,87000,87000,100,false,87870.0000
2026-06-27T01:55:45.786Z,independentreserve,86816.42,86816.43,86816.43,50,false,87250.5121
2026-06-27T01:55:45.786Z,kraken,86841.6,86863.3,86836,80,false,87558.2064
2026-06-27T01:55:45.786Z,okx,86736,87023.8,87010,70,false,87632.9666
2026-06-27T01:55:45.786Z,pepperstone,86772.9,86959.5,86866.2,10,false,87046.4595
2026-06-27T01:55:45.786Z,swyftx,86300.71045699,87449.44053507,86875.07549603,0,true,87449.4405
2026-06-27T06:44:25.740Z,coinspot,87478.19,87668.88,87478.19,100,false,88545.5688
2026-06-27T06:44:25.740Z,independentreserve,87418.18,87607.71,87404.99,50,false,88045.7486
2026-06-27T06:44:25.740Z,kraken,87516.9,87536.2,87493.6,80,false,88236.4896
2026-06-27T06:44:25.740Z,okx,87331.3,87681.2,87071.9,70,false,88294.9684
2026-06-27T06:44:25.740Z,pepperstone,87444.2,87632.2,87538.2,10,false,87719.8322
2026-06-27T06:44:25.740Z,swyftx,86947.59883389,88104.93939381,87526.26911385,0,true,88104.9394
2026-06-27T09:53:51.147Z,coinspot,87510,87699.89,87510,100,false,88576.8889
2026-06-27T09:53:51.147Z,independentreserve,87410.16,87476.3,87489.64,50,false,87913.6815
2026-06-27T09:53:51.147Z,kraken,87532.1,87532.2,87532.1,80,false,88232.4576
2026-06-27T09:53:51.147Z,okx,87363.2,87666.7,87071.9,70,false,88280.3669
2026-06-27T09:53:51.147Z,pepperstone,87408.2,87594.8,87501.5,10,false,87682.3948
2026-06-27T09:53:51.147Z,swyftx,86930.1671066,88087.27563951,87508.721373055,0,true,88087.2756
2026-06-27T13:03:11.153Z,coinspot,87450,87509,87509,100,false,88384.0900
2026-06-27T13:03:11.153Z,independentreserve,87429.73,87524.23,87528.05,50,false,87961.8511
2026-06-27T13:03:11.153Z,kraken,87476.7,87476.8,87476.8,80,false,88176.6144
2026-06-27T13:03:11.153Z,okx,87353.9,87703.9,87071.9,70,false,88317.8273
2026-06-27T13:03:11.153Z,pepperstone,87449.1,87634.6,87541.85,10,false,87722.2346
2026-06-27T13:03:11.153Z,swyftx,86973.88519155,88131.59937679,87552.74228417,0,true,88131.5994
2026-06-27T16:52:48.990Z,coinspot,87999,88218.29,88122.4,100,false,89100.4729
2026-06-27T16:52:48.990Z,independentreserve,87977.44,88109.71,87881,50,false,88550.2585
2026-06-27T16:52:48.990Z,kraken,88033.5,88051.2,87934,80,false,88755.6096
2026-06-27T16:52:48.990Z,okx,87986.9,88266.9,88138.6,70,false,88884.7683
2026-06-27T16:52:48.990Z,pepperstone,88004.6,88187.4,88096,10,false,88275.5874
2026-06-27T16:52:48.990Z,swyftx,87532.00488318,88697.19590214,88114.60039266,0,true,88697.1959
2026-06-27T20:46:35.961Z,coinspot,87146.95,87300,87300,100,false,88173.0000
2026-06-27T20:46:35.961Z,independentreserve,87179.93,87323.68,87324.16,50,false,87760.2984
2026-06-27T20:46:35.961Z,kraken,87255.1,87273.8,87254.9,80,false,87971.9904
2026-06-27T20:46:35.961Z,okx,87141.7,87490.9,87953.8,70,false,88103.3363
2026-06-27T20:46:35.961Z,pepperstone,87242.2,87431,87336.6,10,false,87518.4310
2026-06-27T20:46:35.961Z,swyftx,86746.3561901,87895.01008944,87320.68313977,0,true,87895.0101
2026-06-28T02:06:02.049Z,coinspot,87447,87513.79,87447,100,false,88388.9279
2026-06-28T02:06:02.049Z,independentreserve,87124.16,87250.96,87251.12,50,false,87687.2148
2026-06-28T02:06:02.049Z,kraken,87293.6,87312.9,87312.9,80,false,88011.4032
2026-06-28T02:06:02.049Z,okx,87212.4,87476.5,87215.5,70,false,88088.8355
2026-06-28T02:06:02.049Z,pepperstone,87231.8,87418.4,87325.1,10,false,87505.8184
2026-06-28T02:06:02.049Z,swyftx,86761.57527857,87910.36096088,87335.968119725,0,true,87910.3610
2026-06-28T07:41:22.190Z,coinspot,87291.26,87512.93,87291.26,100,false,88388.0593
2026-06-28T07:41:22.190Z,independentreserve,87034.56,87184.95,87185.17,50,false,87620.8747
2026-06-28T07:41:22.190Z,kraken,87209.9,87224.3,87224,80,false,87922.0944
2026-06-28T07:41:22.190Z,okx,87066.8,87403.4,86708.3,70,false,88015.2238
2026-06-28T07:41:22.190Z,pepperstone,87168.7,87359.6,87264.15,10,false,87446.9596
2026-06-28T07:41:22.190Z,swyftx,86707.34474845,87861.4163397,87284.380544075,0,true,87861.4163
2026-06-28T10:18:13.038Z,coinspot,87300,87484.16,87449,100,false,88359.0016
2026-06-28T10:18:13.038Z,independentreserve,87169.2,87317.17,87152.55,50,false,87753.7558
2026-06-28T10:18:13.038Z,kraken,87216.9,87233.7,87213.8,80,false,87931.5696
2026-06-28T10:18:13.038Z,okx,87140.1,87489.1,87495.2,70,false,88101.5237
2026-06-28T10:18:13.038Z,pepperstone,87250.1,87445.4,87347.75,10,false,87532.8454
2026-06-28T10:18:13.038Z,swyftx,86773.63072771,87928.58457177,87351.10764974,0,true,87928.5846
2026-06-28T13:08:14.879Z,coinspot,87000,87218.74,87250,100,false,88090.9274
2026-06-28T13:08:14.879Z,independentreserve,86847.12,87084.43,86693.12,50,false,87519.8521
2026-06-28T13:08:14.879Z,kraken,86977.7,86977.8,87009.5,80,false,87673.6224
2026-06-28T13:08:14.879Z,okx,86786,87133.8,87596.4,70,false,87743.7366
2026-06-28T13:08:14.879Z,pepperstone,86890.3,87096,86993.15,10,false,87183.0960
2026-06-28T13:08:14.879Z,swyftx,86514.72091775,87666.22872526,87090.474821505,0,true,87666.2287
2026-06-28T16:54:51.970Z,coinspot,86600,86692.2,86600,100,false,87559.1220
2026-06-28T16:54:51.970Z,independentreserve,86358.86,86475.35,86592.66,50,false,86907.7268
2026-06-28T16:54:51.970Z,kraken,86435.8,86435.9,86455.8,80,false,87127.3872
2026-06-28T16:54:51.970Z,okx,86500,86623.4,86901,70,false,87229.7638
2026-06-28T16:54:51.970Z,pepperstone,86332.1,86585.7,86458.9,10,false,86672.2857
2026-06-28T16:54:51.970Z,swyftx,85922.77538106,87066.38356017,86494.57947061499,0,true,87066.3836
2026-06-28T20:48:49.753Z,coinspot,86500,86725.07,86726.29,100,false,87592.3207
2026-06-28T20:48:49.753Z,independentreserve,86388.62,86502.93,86505.68,50,false,86935.4446
2026-06-28T20:48:49.753Z,kraken,86531.4,86531.5,86506.7,80,false,87223.7520
2026-06-28T20:48:49.753Z,okx,86150.8,87037.5,86122.2,70,false,87646.7625
2026-06-28T20:48:49.753Z,pepperstone,86448.7,86637.1,86542.9,10,false,86723.7371
2026-06-28T20:48:49.753Z,swyftx,85950.51668451,87088.47298409,86519.4948343,0,true,87088.4730
2026-06-29T02:06:30.365Z,coinspot,86102.09,86257,86102.09,100,false,87119.5700
2026-06-29T02:06:30.365Z,independentreserve,85995,86071.98,86721.19,50,false,86502.3399
2026-06-29T02:06:30.365Z,kraken,86152.5,86152.6,86185.6,80,false,86841.8208
2026-06-29T02:06:30.365Z,okx,86129,86186.8,86287.5,70,false,86790.1076
2026-06-29T02:06:30.365Z,pepperstone,86011.1,86207.9,86109.5,10,false,86294.1079
2026-06-29T02:06:30.365Z,swyftx,85690.99100202,86669.855463,86180.42323251,0,true,86669.8555
2026-06-29T08:46:14.663Z,coinspot,86650,86952.77,86750,100,false,87822.2977
2026-06-29T08:46:14.663Z,independentreserve,86666.01,86733,86673,50,false,87166.6650
2026-06-29T08:46:14.663Z,kraken,86760.5,86780,86716.7,80,false,87474.2400
2026-06-29T08:46:14.663Z,okx,86763.4,86811.9,86930.5,70,false,87419.5833
2026-06-29T08:46:14.663Z,pepperstone,86674.5,86853.4,86763.95,10,false,86940.2534
2026-06-29T08:46:14.663Z,swyftx,86279.91935813,87253.60945238,86766.764405255,0,true,87253.6095
2026-06-29T15:24:17.958Z,coinspot,85814.49,86128.9,86000,100,false,86990.1890
2026-06-29T15:24:17.958Z,independentreserve,85772.26,85826.99,85865,50,false,86256.1249
2026-06-29T15:24:17.958Z,kraken,85833.6,85859.2,85840,80,false,86546.0736
2026-06-29T15:24:17.958Z,okx,85818.8,85840.4,86303.8,70,false,86441.2828
2026-06-29T15:24:17.958Z,pepperstone,85691.1,85892.7,85791.9,10,false,85978.5927
2026-06-29T15:24:17.958Z,swyftx,85397.14883077,86354.70718262,85875.928006695,0,true,86354.7072
2026-06-29T18:01:41.915Z,coinspot,87355.41,87666.75,87867.769986,100,false,88543.4175
2026-06-29T18:01:41.915Z,independentreserve,87438.01,87459,87705.99,50,false,87896.2950
2026-06-29T18:01:41.915Z,kraken,87525.9,87556.9,87619.1,80,false,88257.3552
2026-06-29T18:01:41.915Z,okx,87515.5,87566.9,87803.3,70,false,88179.8683
2026-06-29T18:01:41.915Z,pepperstone,87416.8,87605.1,87510.95000000001,10,false,87692.7051
2026-06-29T18:01:41.915Z,swyftx,86955.55442436,87936.80063673,87446.177530545,0,true,87936.8006
2026-06-29T21:14:53.343Z,coinspot,87536.13,87755.63,87648.99,100,false,88633.1863
2026-06-29T21:14:53.343Z,independentreserve,87485.01,87645.42,87384,50,false,88083.6471
2026-06-29T21:14:53.343Z,kraken,87567.7,87584.8,87478.8,80,false,88285.4784
2026-06-29T21:14:53.343Z,okx,87571.8,87620.3,87600,70,false,88233.6421
2026-06-29T21:14:53.343Z,pepperstone,87441.3,87727,87584.15,10,false,87814.7270
2026-06-29T21:14:53.343Z,swyftx,87083.12050453,88065.77251762,87574.446511075,0,true,88065.7725
2026-06-30T02:00:53.745Z,coinspot,87149.31,87210.78,87149.31,100,false,88082.8878
2026-06-30T02:00:53.745Z,independentreserve,86933,87007,87547.2,50,false,87442.0350
2026-06-30T02:00:53.745Z,kraken,87059,87074.6,87102.7,80,false,87771.1968
2026-06-30T02:00:53.745Z,okx,87025.5,87065.7,86740.7,70,false,87675.1599
2026-06-30T02:00:53.745Z,pepperstone,86964.5,87152.7,87058.6,10,false,87239.8527
2026-06-30T02:00:53.745Z,swyftx,86632.48002904,87609.61007344,87121.04505124,0,true,87609.6101
2026-06-30T07:39:46.693Z,coinspot,86193.55,86399,86246.89,100,false,87262.9900
2026-06-30T07:39:46.693Z,independentreserve,86248.96,86306.99,86309.06,50,false,86738.5249
2026-06-30T07:39:46.693Z,kraken,86333.4,86351.3,86416.7,80,false,87042.1104
2026-06-30T07:39:46.693Z,okx,86256.9,86294.9,86280,70,false,86898.9643
2026-06-30T07:39:46.693Z,pepperstone,86197.5,86387.6,86292.55,10,false,86473.9876
2026-06-30T07:39:46.693Z,swyftx,85813.20463517,86781.40549172,86297.305063445,0,true,86781.4055
2026-06-30T10:46:11.953Z,coinspot,85999,86000,86000,100,false,86860.0000
2026-06-30T10:46:11.953Z,independentreserve,85947,85968.99,85978.98,50,false,86398.8349
2026-06-30T10:46:11.953Z,kraken,85991,86014.3,85991,80,false,86702.4144
2026-06-30T10:46:11.953Z,okx,85851.3,86173.2,86007.7,70,false,86776.4124
2026-06-30T10:46:11.953Z,pepperstone,85932.9,86119.9,86026.4,10,false,86206.0199
2026-06-30T10:46:11.953Z,swyftx,85544.64535228,86509.86086675,86027.253109515,0,true,86509.8609
2026-06-30T13:49:26.718Z,coinspot,84715.2,84968.99,84969,100,false,85818.6799
2026-06-30T13:49:26.718Z,independentreserve,84674.01,84725.97,84683,50,false,85149.5998
2026-06-30T13:49:26.718Z,kraken,84751.9,84763.9,84733,80,false,85442.0112
2026-06-30T13:49:26.718Z,okx,84703.5,84733.1,84429.4,70,false,85326.2317
2026-06-30T13:49:26.718Z,pepperstone,84651.1,84854.1,84752.6,10,false,84938.9541
2026-06-30T13:49:26.718Z,swyftx,84248.00065469,85198.81538467,84723.40801968,0,true,85198.8154
2026-06-30T17:44:56.114Z,coinspot,84500,84565,84600,100,false,85410.6500
2026-06-30T17:44:56.114Z,independentreserve,84240,84309.42,84300,50,false,84730.9671
2026-06-30T17:44:56.114Z,kraken,84260.4,84269.7,84253,80,false,84943.8576
2026-06-30T17:44:56.114Z,okx,84238.8,84273.2,84270.8,70,false,84863.1124
2026-06-30T17:44:56.114Z,pepperstone,84164.9,84354.3,84259.6,10,false,84438.6543
2026-06-30T17:44:56.114Z,swyftx,83793.98851886,84734.31848307,84264.15350096501,0,true,84734.3185
2026-06-30T21:21:01.755Z,coinspot,84753.56,84799.99,84787.09,100,false,85647.9899
2026-06-30T21:21:01.755Z,independentreserve,84500,84577.96,84578.59,50,false,85000.8498
2026-06-30T21:21:01.755Z,kraken,84534.6,84577.3,84576.7,80,false,85253.9184
2026-06-30T21:21:01.755Z,okx,84533.8,84575.3,84518.8,70,false,85167.3271
2026-06-30T21:21:01.755Z,pepperstone,84429.9,84699.1,84564.5,10,false,84783.7991
2026-06-30T21:21:01.755Z,swyftx,84089.33414003,85038.90664943,84564.12039473001,0,true,85038.9066
2026-07-01T02:06:41.100Z,coinspot,85003.04,85419.34,85320.44,100,false,86273.5334
2026-07-01T02:06:41.100Z,independentreserve,84901.53,84975,85107.99,50,false,85399.8750
2026-07-01T02:06:41.100Z,kraken,85097.8,85162.2,85130.9,80,false,85843.4976
2026-07-01T02:06:41.100Z,okx,85014.2,85070.6,84430.4,70,false,85666.0942
2026-07-01T02:06:41.100Z,pepperstone,84966.7,85172.2,85069.45,10,false,85257.3722
2026-07-01T02:06:41.100Z,swyftx,84641.61002805,85602.61181449,85122.11092127,0,true,85602.6118
2026-07-01T08:00:01.787Z,coinspot,85250,85340.46,85306.4,100,false,86193.8646
2026-07-01T08:00:01.787Z,independentreserve,85028.38,85096.99,85081.99,50,false,85522.4750
2026-07-01T08:00:01.787Z,kraken,85110.1,85125.3,85156.3,80,false,85806.3024
2026-07-01T08:00:01.787Z,okx,85075.4,85111,85066.3,70,false,85706.7770
2026-07-01T08:00:01.787Z,pepperstone,85020.6,85218.3,85119.45000000001,10,false,85303.5183
2026-07-01T08:00:01.787Z,swyftx,84664.65193158,85620.10353757,85142.377734575,0,true,85620.1035
2026-07-01T11:24:37.328Z,coinspot,85100,85158.96,85183.42,100,false,86010.5496
2026-07-01T11:24:37.328Z,independentreserve,84969,85027.59,84951,50,false,85452.7279
2026-07-01T11:24:37.328Z,kraken,85017.4,85035,85015.8,80,false,85715.2800
2026-07-01T11:24:37.328Z,okx,84939.1,84971.1,84940.7,70,false,85565.8977
2026-07-01T11:24:37.328Z,pepperstone,84912.7,85111.8,85012.25,10,false,85196.9118
2026-07-01T11:24:37.328Z,swyftx,84504.61688321,85452.43306011,84978.52497166,0,true,85452.4331
2026-07-01T14:00:38.938Z,coinspot,85748.82,85950,85950,100,false,86809.5000
2026-07-01T14:00:38.938Z,independentreserve,85773,85858,85724.28,50,false,86287.2900
2026-07-01T14:00:38.938Z,kraken,85866.6,85927.7,85961.8,80,false,86615.1216
2026-07-01T14:00:38.938Z,okx,85783.9,85829.3,85792.6,70,false,86430.1051
2026-07-01T14:00:38.938Z,pepperstone,85757.9,85953,85855.45,10,false,86038.9530
2026-07-01T14:00:38.938Z,swyftx,85515.40953478,86480.75042409,85998.079979435,0,true,86480.7504
2026-07-01T17:44:27.503Z,coinspot,87250,87499.99,87499.99,100,false,88374.9899
2026-07-01T17:44:27.503Z,independentreserve,86970,87042,87042,50,false,87477.2100
2026-07-01T17:44:27.503Z,kraken,87080,87105.2,87115.5,80,false,87802.0416
2026-07-01T17:44:27.503Z,okx,87032.7,87074.9,86614.6,70,false,87684.4243
2026-07-01T17:44:27.503Z,pepperstone,87004.7,87192.8,87098.75,10,false,87279.9928
2026-07-01T17:44:27.503Z,swyftx,86681.28683756,87659.58609789,87170.436467725,0,true,87659.5861
2026-07-01T21:14:23.209Z,coinspot,87380.26,87500,87489,100,false,88375.0000
2026-07-01T21:14:23.209Z,independentreserve,87440,87584.99,87548.87,50,false,88022.9149
2026-07-01T21:14:23.209Z,kraken,87524.9,87559.5,87396.9,80,false,88259.9760
2026-07-01T21:14:23.209Z,okx,87406.7,87452.3,87058.8,70,false,88064.4661
2026-07-01T21:14:23.209Z,pepperstone,87388.9,87661.6,87525.25,10,false,87749.2616
2026-07-01T21:14:23.209Z,swyftx,86999.02444604,87980.82969652,87489.92707127999,0,true,87980.8297
2026-07-02T01:59:39.037Z,coinspot,87120,87495.81,87120,100,false,88370.7681
2026-07-02T01:59:39.037Z,independentreserve,87115,87187.66,87110.49,50,false,87623.5983
2026-07-02T01:59:39.037Z,kraken,87080.2,87121,87116.1,80,false,87817.9680
2026-07-02T01:59:39.037Z,okx,87055.4,87091.1,87073.2,70,false,87700.7377
2026-07-02T01:59:39.037Z,pepperstone,87091.6,87281.8,87186.70000000001,10,false,87369.0818
2026-07-02T01:59:39.037Z,swyftx,86661.87346944,87645.90701946,87153.89024445001,0,true,87645.9070
2026-07-02T06:57:50.306Z,coinspot,87438,87506.11,87536.46427797,100,false,88381.1711
2026-07-02T06:57:50.306Z,independentreserve,87279.43,87351.21,87269.04,50,false,87787.9661
2026-07-02T06:57:50.306Z,kraken,87293,87303.5,87231.3,80,false,88001.9280
2026-07-02T06:57:50.306Z,okx,87184.8,87235.8,87359.4,70,false,87846.4506
2026-07-02T06:57:50.306Z,pepperstone,87197.7,87382.2,87289.95,10,false,87469.5822
2026-07-02T06:57:50.306Z,swyftx,86816.03319604,87795.89693545,87305.965065745,0,true,87795.8969
2026-07-02T10:25:31.628Z,coinspot,88469.9,88749.99,88748.18,100,false,89637.4899
2026-07-02T10:25:31.628Z,independentreserve,88591,88648.97,88523.58,50,false,89092.2148
2026-07-02T10:25:31.628Z,kraken,88623.9,88648.6,88521.6,80,false,89357.7888
2026-07-02T10:25:31.628Z,okx,88520.5,88554.2,88438.6,70,false,89174.0794
2026-07-02T10:25:31.628Z,pepperstone,88528.2,88711.5,88619.85,10,false,88800.2115
2026-07-02T10:25:31.628Z,swyftx,88115.55781889,89103.96121176,88609.759515325,0,true,89103.9612
2026-07-02T13:24:25.676Z,coinspot,89027.96,89358.8,89000,100,false,90252.3880
2026-07-02T13:24:25.676Z,independentreserve,89259,89307.53,89080,50,false,89754.0676
2026-07-02T13:24:25.676Z,kraken,89242.6,89262.1,89238,80,false,89976.1968
2026-07-02T13:24:25.676Z,okx,89197.3,89243.2,89090.9,70,false,89867.9024
2026-07-02T13:24:25.676Z,pepperstone,89185,89377,89281,10,false,89466.3770
2026-07-02T13:24:25.676Z,swyftx,88744.63039664,89746.85334981,89245.741873225,0,true,89746.8533
2026-07-02T17:22:57.816Z,coinspot,89140.55,89350,89117.41338,100,false,90243.5000
2026-07-02T17:22:57.816Z,independentreserve,89170,89231.64,89162,50,false,89677.7982
2026-07-02T17:22:57.816Z,kraken,89268.4,89296,89129.5,80,false,90010.3680
2026-07-02T17:22:57.816Z,okx,89193.3,89235.1,88348.8,70,false,89859.7457
2026-07-02T17:22:57.816Z,pepperstone,89184.4,89386.8,89285.6,10,false,89476.1868
2026-07-02T17:22:57.816Z,swyftx,88784.86728927,89793.67979984,89289.273544555,0,true,89793.6798
2026-07-02T20:49:28.902Z,coinspot,88500.01,88771.4,88764.94969324,100,false,89659.1140
2026-07-02T20:49:28.902Z,independentreserve,88549.64,88627.81,88614.99,50,false,89070.9490
2026-07-02T20:49:28.902Z,kraken,88593.6,88593.7,88593.7,80,false,89302.4496
2026-07-02T20:49:28.902Z,okx,88525.8,88576.4,88348.8,70,false,89196.4348
2026-07-02T20:49:28.902Z,pepperstone,88504.5,88689.2,88596.85,10,false,88777.8892
2026-07-02T20:49:28.902Z,swyftx,88093.44075888,89082.08509307,88587.762925975,0,true,89082.0851
2026-07-03T01:30:30.722Z,coinspot,88561.28,88904.96,88957.81,100,false,89794.0096
2026-07-03T01:30:30.722Z,independentreserve,88619,88689.99,88732.99,50,false,89133.4399
2026-07-03T01:30:30.722Z,kraken,88696.6,88737,88771.7,80,false,89446.8960
2026-07-03T01:30:30.722Z,okx,88640.4,88667.9,88611.4,70,false,89288.5753
2026-07-03T01:30:30.722Z,pepperstone,88591.8,88778.5,88685.15,10,false,88867.2785
2026-07-03T01:30:30.722Z,swyftx,88219.14553648,89215.62034538,88717.38294093,0,true,89215.6203
2026-07-03T06:51:58.846Z,coinspot,88750,88912.78,88865.39,100,false,89801.9078
2026-07-03T06:51:58.846Z,independentreserve,88660.01,88742.95,88740.18,50,false,89186.6647
2026-07-03T06:51:58.846Z,kraken,88679.4,88701.1,88661.2,80,false,89410.7088
2026-07-03T06:51:58.846Z,okx,88631.7,88674.7,88619.9,70,false,89295.4229
2026-07-03T06:51:58.846Z,pepperstone,88583.4,88768,88675.7,10,false,88856.7680
2026-07-03T06:51:58.846Z,swyftx,88176.6660037,89166.77922808,88671.72261589,0,true,89166.7792
2026-07-03T10:23:36.117Z,coinspot,89000,89036.14,89036.14,100,false,89926.5014
2026-07-03T10:23:36.117Z,independentreserve,88895.07,88956.93,88802,50,false,89401.7146
2026-07-03T10:23:36.117Z,kraken,88885.4,88903.1,88812.9,80,false,89614.3248
2026-07-03T10:23:36.117Z,okx,88834.5,88886.6,88665,70,false,89508.8062
2026-07-03T10:23:36.117Z,pepperstone,88803.8,88987.3,88895.55,10,false,89076.2873
2026-07-03T10:23:36.117Z,swyftx,88405.71794448,89404.45142134,88905.08468291,0,true,89404.4514
2026-07-03T13:28:22.265Z,coinspot,89287.98,89399.99,89287.98,100,false,90293.9899
2026-07-03T13:28:22.265Z,independentreserve,89386,89386.4,89386.4,50,false,89833.3320
2026-07-03T13:28:22.265Z,kraken,89382.4,89382.5,89349.4,80,false,90097.5600
2026-07-03T13:28:22.265Z,okx,89336.9,89379.9,89061.8,70,false,90005.5593
2026-07-03T13:28:22.265Z,pepperstone,89306.6,89502.3,89404.45000000001,10,false,89591.8023
2026-07-03T13:28:22.265Z,swyftx,88870.89031637,89868.6077749,89369.74904563499,0,true,89868.6078
2026-07-03T17:08:55.530Z,coinspot,89500,89700,89457.66,100,false,90597.0000
2026-07-03T17:08:55.530Z,independentreserve,89582.02,89668.99,89522.99,50,false,90117.3349
2026-07-03T17:08:55.530Z,kraken,89624.3,89641,89533.1,80,false,90358.1280
2026-07-03T17:08:55.530Z,okx,89596,89618.9,89255.6,70,false,90246.2323
2026-07-03T17:08:55.530Z,pepperstone,89553.2,89741.6,89647.4,10,false,89831.3416
2026-07-03T17:08:55.530Z,swyftx,89177.27797255,90178.43507117,89677.85652186,0,true,90178.4351
2026-07-03T20:49:53.346Z,coinspot,90221.51,90687.46,90335.55,100,false,91594.3346
2026-07-03T20:49:53.346Z,independentreserve,90340.65,90425.98,90504.98,50,false,90878.1099
2026-07-03T20:49:53.346Z,kraken,90435.4,90474.9,90419.9,80,false,91198.6992
2026-07-03T20:49:53.346Z,okx,90374.5,90424.6,90140.6,70,false,91057.5722
2026-07-03T20:49:53.346Z,pepperstone,90301.9,90589,90445.45,10,false,90679.5890
2026-07-03T20:49:53.346Z,swyftx,89933.07090521,90949.05888164,90441.064893425,0,true,90949.0589
2026-07-04T01:30:13.062Z,coinspot,90201.02,90293.19,90239.56,100,false,91196.1219
2026-07-04T01:30:13.062Z,independentreserve,90004.86,90153.35,90082.53,50,false,90604.1168
2026-07-04T01:30:13.062Z,kraken,89987.5,90018.1,89994.2,80,false,90738.2448
2026-07-04T01:30:13.062Z,okx,89735.1,90093.2,90140.6,70,false,90723.8524
2026-07-04T01:30:13.062Z,pepperstone,89910.6,90096.1,90003.35,10,false,90186.1961
2026-07-04T01:30:13.062Z,swyftx,89413.42206577,90605.72452936,90009.573297565,0,true,90605.7245
2026-07-04T06:37:44.289Z,coinspot,90097.21,90288.09,90141.79,100,false,91190.9709
2026-07-04T06:37:44.289Z,independentreserve,90008.31,90129.35,90142.99,50,false,90579.9967
2026-07-04T06:37:44.289Z,kraken,89894.1,89933.3,89986.9,80,false,90652.7664
2026-07-04T06:37:44.289Z,okx,89833.2,90015.3,90015.3,70,false,90645.4071
2026-07-04T06:37:44.289Z,pepperstone,89859.7,90046.4,89953.04999999999,10,false,90136.4464
2026-07-04T06:37:44.289Z,swyftx,89372.03347425,90557.45925475,89964.7463645,0,true,90557.4593
2026-07-04T09:56:56.250Z,coinspot,90100,90349.73,90100,100,false,91253.2273
2026-07-04T09:56:56.250Z,independentreserve,89987.29,90070,90498.18,50,false,90520.3500
2026-07-04T09:56:56.250Z,kraken,90008.3,90027.8,89990.2,80,false,90748.0224
2026-07-04T09:56:56.250Z,okx,89787,90141.6,90161.4,70,false,90772.5912
2026-07-04T09:56:56.250Z,pepperstone,89946.2,90134,90040.1,10,false,90224.1340
2026-07-04T09:56:56.250Z,swyftx,89448.5829217,90641.28011544,90044.93151857,0,true,90641.2801
2026-07-04T12:54:01.193Z,coinspot,90050,90460.77,90353.04,100,false,91365.3777
2026-07-04T12:54:01.193Z,independentreserve,90195.85,90276.33,90194.12,50,false,90727.7116
2026-07-04T12:54:01.193Z,kraken,90047.1,90058.2,90089.2,80,false,90778.6656
2026-07-04T12:54:01.193Z,okx,89913.6,90273.9,90161.4,70,false,90905.8173
2026-07-04T12:54:01.193Z,pepperstone,90095.5,90281,90188.25,10,false,90371.2810
2026-07-04T12:54:01.193Z,swyftx,89585.29165612,90779.78649184,90182.53907398,0,true,90779.7865
2026-07-04T16:48:32.231Z,coinspot,90500,90692,90691,100,false,91598.9200
2026-07-04T16:48:32.231Z,independentreserve,90559.92,90705.02,90560.12,50,false,91158.5451
2026-07-04T16:48:32.231Z,kraken,90564.8,90594.1,90543.6,80,false,91318.8528
2026-07-04T16:48:32.231Z,okx,90336.6,90663.3,90161.4,70,false,91297.9431
2026-07-04T16:48:32.231Z,pepperstone,90491.4,90688.2,90589.79999999999,10,false,90778.8882
2026-07-04T16:48:32.231Z,swyftx,89996.48077461,91196.41016363,90596.44546912,0,true,91196.4102
2026-07-04T20:40:39.644Z,coinspot,90789.9,91247.4,91208.7093365,100,false,92159.8740
2026-07-04T20:40:39.644Z,independentreserve,91135.8,91257,91261.05,50,false,91713.2850
2026-07-04T20:40:39.644Z,kraken,91096.7,91121.3,91112,80,false,91850.2704
2026-07-04T20:40:39.644Z,okx,90837.7,91219.7,90909,70,false,91858.2379
2026-07-04T20:40:39.644Z,pepperstone,91030.2,91221.8,91126,10,false,91313.0218
2026-07-04T20:40:39.644Z,swyftx,90526.04275053,91733.03274116,91129.53774584501,0,true,91733.0327
2026-07-05T01:45:59.151Z,coinspot,90605.94,90798.82,90800.08,100,false,91706.8082
2026-07-05T01:45:59.151Z,independentreserve,90556.37,90673.88,90557.19,50,false,91127.2494
2026-07-05T01:45:59.151Z,kraken,90574.3,90598.7,90563,80,false,91323.4896
2026-07-05T01:45:59.151Z,okx,90401,90654.3,90909,70,false,91288.8801
2026-07-05T01:45:59.151Z,pepperstone,90510,90700.9,90605.45,10,false,90791.6009
2026-07-05T01:45:59.151Z,swyftx,89985.03047647,91184.80719971,90584.91883809,0,true,91184.8072
2026-07-05T06:57:50.368Z,coinspot,90454.52,90789.04,90837.59,100,false,91696.9304
2026-07-05T06:57:50.368Z,independentreserve,90461.91,90596.04,90958.44,50,false,91049.0202
2026-07-05T06:57:50.368Z,kraken,90454,90470.7,90476.9,80,false,91194.4656
2026-07-05T06:57:50.368Z,okx,90242.1,90542.8,90401,70,false,91176.5996
2026-07-05T06:57:50.368Z,pepperstone,90382.2,90561.2,90471.7,10,false,90651.7612
2026-07-05T06:57:50.368Z,swyftx,89869.03258221,91060.93105617,90464.98181919,0,true,91060.9311
2026-07-05T10:00:51.601Z,coinspot,90307.2,90399.99,90307.2,100,false,91303.9899
2026-07-05T10:00:51.601Z,independentreserve,90104.49,90277.21,90103.21,50,false,90728.5960
2026-07-05T10:00:51.601Z,kraken,90133.8,90170,90206.1,80,false,90891.3600
2026-07-05T10:00:51.601Z,okx,89899.5,90259,90317.4,70,false,90890.8130
2026-07-05T10:00:51.601Z,pepperstone,90096.2,90282.9,90189.54999999999,10,false,90373.1829
2026-07-05T10:00:51.601Z,swyftx,89636.53242632,90831.63873362,90234.08557997001,0,true,90831.6387
2026-07-05T13:01:44.668Z,coinspot,90300,90400,90400,100,false,91304.0000
2026-07-05T13:01:44.668Z,independentreserve,90260.44,90407.1,90561.67,50,false,90859.1355
2026-07-05T13:01:44.668Z,kraken,90318.2,90342.4,90343,80,false,91065.1392
2026-07-05T13:01:44.668Z,okx,90088.1,90426.7,90115.6,70,false,91059.6869
2026-07-05T13:01:44.668Z,pepperstone,90265.2,90450.7,90357.95,10,false,90541.1507
2026-07-05T13:01:44.668Z,swyftx,89794.27399145,90985.15657951,90389.71528548,0,true,90985.1566
2026-07-05T16:51:31.594Z,coinspot,90250,90398.13,90451.44,100,false,91302.1113
2026-07-05T16:51:31.594Z,independentreserve,90153.99,90302.99,90157,50,false,90754.5050
2026-07-05T16:51:31.594Z,kraken,90290.6,90290.7,90290.7,80,false,91013.0256
2026-07-05T16:51:31.594Z,okx,90115.6,90302.5,90250,70,false,90934.6175
2026-07-05T16:51:31.594Z,pepperstone,90145.9,90334.4,90240.15,10,false,90424.7344
2026-07-05T16:51:31.594Z,swyftx,89644.05381684,90832.94415748,90238.49898716,0,true,90832.9442
2026-07-05T20:43:49.186Z,coinspot,90250.57,90499.99,90499.99,100,false,91404.9899
2026-07-05T20:43:49.186Z,independentreserve,90378.79,90460.77,90462.44,50,false,90913.0739
2026-07-05T20:43:49.186Z,kraken,90360.6,90390.9,90357.7,80,false,91114.0272
2026-07-05T20:43:49.186Z,okx,90162.9,90749.6,90250,70,false,91384.8472
2026-07-05T20:43:49.186Z,pepperstone,90284.7,90470.2,90377.45,10,false,90560.6702
2026-07-05T20:43:49.186Z,swyftx,89823.92709613,90926.90664962,90375.41687287501,0,true,90926.9066
2026-07-06T01:52:19.956Z,coinspot,91535.14,91794.3,91769.09,100,false,92712.2430
2026-07-06T01:52:19.956Z,independentreserve,91538.02,91619,91616,50,false,92077.0950
2026-07-06T01:52:19.956Z,kraken,91656.6,91678.5,91801.9,80,false,92411.9280
2026-07-06T01:52:19.956Z,okx,91640.2,91689.6,91667.9,70,false,92331.4272
2026-07-06T01:52:19.956Z,pepperstone,91562.5,91766.2,91664.35,10,false,91857.9662
2026-07-06T01:52:19.956Z,swyftx,91184.5654339,92176.11442665,91680.339930275,0,true,92176.1144
2026-07-06T08:07:42.290Z,coinspot,90999,91234.19,90999,100,false,92146.5319
2026-07-06T08:07:42.290Z,independentreserve,90867.02,90923.98,90846,50,false,91378.5999
2026-07-06T08:07:42.290Z,kraken,90966.2,90995.8,91000,80,false,91723.7664
2026-07-06T08:07:42.290Z,okx,90960.5,91000.9,90859.3,70,false,91637.9063
2026-07-06T08:07:42.290Z,pepperstone,90890.8,91084.7,90987.75,10,false,91175.7847
2026-07-06T08:07:42.290Z,swyftx,90545.99133566,91530.68063763,91038.33598664499,0,true,91530.6806
2026-07-06T14:50:55.539Z,coinspot,89250,89409.03,89500,100,false,90303.1203
2026-07-06T14:50:55.539Z,independentreserve,89159.01,89242.97,89165,50,false,89689.1848
2026-07-06T14:50:55.539Z,kraken,89277.4,89301,89301,80,false,90015.4080
2026-07-06T14:50:55.539Z,okx,89238,89284,89502.8,70,false,89908.9880
2026-07-06T14:50:55.539Z,pepperstone,89176.2,89371.6,89273.9,10,false,89460.9716
2026-07-06T14:50:55.539Z,swyftx,88792.63015924,89758.22486321,89275.42751122499,0,true,89758.2249
2026-07-06T18:01:48.354Z,coinspot,91300,91526.75,91600,100,false,92442.0175
2026-07-06T18:01:48.354Z,independentreserve,91281.03,91337,91261,50,false,91793.6850
2026-07-06T18:01:48.354Z,kraken,91380.1,91405.6,91446.9,80,false,92136.8448
2026-07-06T18:01:48.354Z,okx,91353.7,91390.2,91778,70,false,92029.9314
2026-07-06T18:01:48.354Z,pepperstone,91279.8,91469.6,91374.70000000001,10,false,91561.0696
2026-07-06T18:01:48.354Z,swyftx,90873.98763069,91862.53244237,91368.26003653,0,true,91862.5324
2026-07-06T21:17:45.637Z,coinspot,91873.74,92458.39,92498.32,100,false,93382.9739
2026-07-06T21:17:45.637Z,independentreserve,92247.02,92289.95,91861.09,50,false,92751.3997
2026-07-06T21:17:45.637Z,kraken,92266.1,92297.9,92368.8,80,false,93036.2832
2026-07-06T21:17:45.637Z,okx,92274.6,92326.9,92897,70,false,92973.1883
2026-07-06T21:17:45.637Z,pepperstone,92185,92472.7,92328.85,10,false,92565.1727
2026-07-06T21:17:45.637Z,swyftx,91821.74865073,92820.6612822,92321.20496646501,0,true,92820.6613
2026-07-07T01:49:32.621Z,coinspot,91900,92090.16,91933.96,100,false,93011.0616
2026-07-07T01:49:32.621Z,independentreserve,91828.43,91899.99,91828.43,50,false,92359.4899
2026-07-07T01:49:32.621Z,kraken,91930.3,91952.6,91905.5,80,false,92688.2208
2026-07-07T01:49:32.621Z,okx,91887.8,91936.5,91831.1,70,false,92580.0555
2026-07-07T01:49:32.621Z,pepperstone,91846.2,92029.2,91937.7,10,false,92121.2292
2026-07-07T01:49:32.621Z,swyftx,91448.04455967,92442.88127602,91945.462917845,0,true,92442.8813
2026-07-07T07:25:47.320Z,coinspot,91200,91236.1,91290.7,100,false,92148.4610
2026-07-07T07:25:47.320Z,digitalsurge,90513.84,91367.82,90940.83,50,false,91824.6591
2026-07-07T07:25:47.320Z,independentreserve,90998.03,91033.96,91042.11,50,false,91489.1298
2026-07-07T07:25:47.320Z,btcmarkets,90900,90980.99,91000,85,false,91754.3284
2026-07-07T07:25:47.320Z,kraken,91029.5,91052.4,91090.1,80,false,91780.8192
2026-07-07T07:25:47.320Z,okx,90982.5,91017.6,90952.5,70,false,91654.7232
2026-07-07T07:25:47.320Z,pepperstone,90999,91127.4,91063.2,10,false,91218.5274
2026-07-07T07:25:47.320Z,swyftx,90579.55858144,91564.72435737,91072.141469405,0,true,91564.7244
2026-07-07T09:06:31.473Z,coinspot,90800,91030.7,90780,100,false,91941.0070,91941.0070,91941.0070,91941.0070
2026-07-07T09:06:31.473Z,digitalsurge,90349.87,91152.86,90751.37,50,false,91608.6243,91608.6243,91608.6243,91608.6243
2026-07-07T09:06:31.473Z,independentreserve,90858.05,90898.99,90916.99,50,false,91353.4849,91350.4699,91350.4699,91436.2099
2026-07-07T09:06:31.473Z,btcmarkets,90681,90766.75,90751.99,85,false,91538.2674,91538.5094,91538.5094,91695.4113
2026-07-07T09:06:31.473Z,coinjar,90660,90790,90680,10,false,90880.7900,90880.7900,90880.7900,90997.9530
2026-07-07T09:06:31.473Z,kraken,90804.9,90805,90805,40,false,91168.2200,91168.2200,91168.2200,91230.9451
2026-07-07T09:06:31.473Z,krakeninstant,90804.9,90805,90805,100,false,91713.0500,91713.0500,91713.0500,91713.0500
2026-07-07T09:06:31.473Z,okx,90801,90839.5,90952.5,70,false,91475.3765,91475.3765,91482.0144,92573.6130
2026-07-07T09:06:31.473Z,pepperstone,90738.9,90931.2,90835.04999999999,0,false,90931.2000,90935.5147,90974.4696,91035.6955
2026-07-07T09:06:31.473Z,swyftx,90364.05792027,91346.90729736,90855.482608815,0,true,91346.9073,91346.9073,91346.9073,91346.9073
2026-07-07T10:43:11.698Z,coinspot,90853.09,91222.11,90972.34,100,false,92134.3311,92134.3311,92134.3311,92134.3311
2026-07-07T10:43:11.698Z,digitalsurge,90525.79,91382.89,90954.34,50,false,91839.8044,91839.8044,91839.8044,91839.8044
2026-07-07T10:43:11.698Z,independentreserve,91023.5,91086.97,91092.86,50,false,91542.4048,91542.4048,91542.4048,91607.2899
2026-07-07T10:43:11.698Z,btcmarkets,90912,90996,90996,85,false,91769.4660,91769.4559,91772.9557,91907.3073
2026-07-07T10:43:11.698Z,coinjar,90860,90990,90960,10,false,91080.9900,91080.9900,91080.9900,91226.4094
2026-07-07T10:43:11.698Z,kraken,91021.1,91043.2,91053.2,40,false,91407.3728,91408.3582,91414.2409,91443.2054
2026-07-07T10:43:11.698Z,krakeninstant,91021.1,91043.2,91053.2,100,false,91953.6320,91953.6320,91953.6320,91953.6320
2026-07-07T10:43:11.698Z,okx,91022.9,91052.1,91105.2,70,false,91689.4647,91689.4647,91693.5726,92825.0476
2026-07-07T10:43:11.698Z,pepperstone,90953.6,91135.6,91044.6,0,false,91135.6000,91140.1185,91181.9497,91235.1532
2026-07-07T10:43:11.698Z,swyftx,90542.82138529,91527.67123162,91035.246308455,0,true,91527.6712,91527.6712,91527.6712,91527.6712
2026-07-07T14:00:55.159Z,coinspot,90360,90735.07,90990.22,100,false,91642.4207,91642.4207,91642.4207,91642.4207
2026-07-07T14:00:55.159Z,digitalsurge,90094.74,91004.88,90549.81,50,false,91459.9044,91459.9044,91459.9044,91459.9044
2026-07-07T14:00:55.159Z,independentreserve,90537,90624,90649,50,false,91077.1200,91089.1800,91112.2816,91229.0828
2026-07-07T14:00:55.159Z,btcmarkets,90492.03,90619.58,90517.78,85,false,91389.8464,91336.8437,91377.0975,91484.5850
2026-07-07T14:00:55.159Z,coinjar,90450,90570,90630,10,false,90660.5700,90690.6000,90690.6000,90855.0803
2026-07-07T14:00:55.159Z,kraken,90591.5,90671.8,90590.1,40,false,91034.4872,91027.6600,91030.2127,91086.0670
2026-07-07T14:00:55.159Z,krakeninstant,90591.5,90671.8,90590.1,100,false,91578.5180,91578.5180,91578.5180,91578.5180
2026-07-07T14:00:55.159Z,okx,90569,90606.9,90781.6,70,false,91241.1483,91256.1526,91260.2738,92459.7352
2026-07-07T14:00:55.159Z,pepperstone,90495.7,90705.8,90600.75,0,false,90705.8000,90710.1755,90748.6257,90811.9337
2026-07-07T14:00:55.159Z,swyftx,90237.48585517,91218.92208908,90728.203972125,0,true,91218.9221,91218.9221,91218.9221,91218.9221
2026-07-07T17:48:51.575Z,coinspot,92030.84,92199.9,92199.9,100,false,93121.8990,93121.8990,93121.8990,93121.8990
2026-07-07T17:48:51.575Z,digitalsurge,91901.07,92775.51,92338.29,50,false,93239.3875,93239.3875,93239.3875,93239.3875
2026-07-07T17:48:51.575Z,independentreserve,92348.24,92419,92380.18,50,false,92881.0950,92881.0950,92939.9716,93004.7798
2026-07-07T17:48:51.575Z,btcmarkets,92293.23,92382.68,92332.99,85,false,93167.9328,93167.9832,93167.9832,93176.1166
2026-07-07T17:48:51.575Z,coinjar,92160,92280,92200,10,false,92372.2800,92372.2800,92385.1264,92491.1845
2026-07-07T17:48:51.575Z,kraken,92384.2,92406.3,92401.3,40,false,92775.9252,92775.8881,92777.2640,92817.0547
2026-07-07T17:48:51.575Z,krakeninstant,92384.2,92406.3,92401.3,100,false,93330.3630,93330.3630,93330.3630,93330.3630
2026-07-07T17:48:51.575Z,okx,92346.7,92396.7,92311,70,false,93043.4769,93043.4769,93043.5410,93703.7655
2026-07-07T17:48:51.575Z,pepperstone,92308.7,92491.1,92399.9,0,false,92491.1000,92493.6597,92522.0450,92573.5755
2026-07-07T17:48:51.575Z,swyftx,91853.59899071,92852.57486117,92353.08692594,0,true,92852.5749,92852.5749,92852.5749,92852.5749
2026-07-07T21:12:35.549Z,coinspot,91912.22,92099.09,92099.09,100,false,93020.0809,93020.0809,93020.0809,93020.0809
2026-07-07T21:12:35.549Z,digitalsurge,91476.84,92415.96,91946.4,50,false,92878.0398,92878.0398,92878.0398,92878.0398
2026-07-07T21:12:35.549Z,independentreserve,91866.07,91910,92112.98,50,false,92369.5500,92490.6252,92505.9159,92618.3251
2026-07-07T21:12:35.549Z,btcmarkets,91856.86,92024.73,91991.91,85,false,92806.9402,92806.9604,92806.9658,92842.0128
2026-07-07T21:12:35.549Z,coinjar,91760,91900,91720,10,false,91991.9000,91991.9000,92017.2695,92132.3972
2026-07-07T21:12:35.549Z,kraken,92002,92020,91968.5,40,false,92388.0800,92388.0800,92393.4737,92432.8487
2026-07-07T21:12:35.549Z,krakeninstant,92002,92020,91968.5,100,false,92940.2000,92940.2000,92940.2000,92940.2000
2026-07-07T21:12:35.549Z,okx,91937.4,91983.8,91648.4,70,false,92627.6866,92627.6866,92633.3463,93605.4476
2026-07-07T21:12:35.549Z,pepperstone,91831,92143.9,91987.45,0,false,92143.9000,92143.9000,92226.6441,92295.3149
2026-07-07T21:12:35.549Z,swyftx,91463.72581107,92458.26381731,91960.99481419,0,true,92458.2638,92458.2638,92458.2638,92458.2638
2026-07-08T01:21:12.730Z,coinspot,91670,91782.94,91877.68,100,false,92700.7694,92700.7694,92700.7694,92700.7694
2026-07-08T01:21:12.730Z,digitalsurge,91014.7,91850.24,91432.47,50,false,92309.4912,92309.4912,92309.4912,92309.4912
2026-07-08T01:21:12.730Z,independentreserve,91513,91570.9,91570.98,50,false,92028.7545,92028.7746,92028.7746,92029.3692
2026-07-08T01:21:12.730Z,btcmarkets,91404,91433.34,91403.02,85,false,92210.5234,92210.5738,92210.5738,92210.5825
2026-07-08T01:21:12.730Z,coinjar,91400,91480,91570,10,false,91571.4800,91571.4800,91571.6918,91711.4502
2026-07-08T01:21:12.730Z,kraken,91472.3,91492.9,91655.7,40,false,91858.8716,91864.6223,91870.9223,91913.6099
2026-07-08T01:21:12.730Z,krakeninstant,91472.3,91492.9,91655.7,100,false,92407.8290,92407.8290,92407.8290,92407.8290
2026-07-08T01:21:12.730Z,okx,91526.1,91573.5,91714.8,70,false,92214.5145,92214.5145,92214.5503,92606.8293
2026-07-08T01:21:12.730Z,pepperstone,91484.7,91676.4,91580.54999999999,0,false,91676.4000,91680.0691,91716.4553,91755.8411
2026-07-08T01:21:12.730Z,swyftx,91070.46570144,92060.78324575,91565.624473595,60,false,92613.1479,92613.1479,92613.1479,92613.1479
2026-07-08T06:19:44.693Z,coinspot,90100,90110,90110,100,false,91011.1000,91011.1000,91011.1000,91011.1000
2026-07-08T06:19:44.693Z,digitalsurge,89617.93,90403.75,90010.84,50,false,90855.7687,90855.7687,90855.7687,90855.7687
2026-07-08T06:19:44.693Z,independentreserve,90000,90039,90088,50,false,90489.1950,90489.1950,90495.8047,90548.1213
2026-07-08T06:19:44.693Z,btcmarkets,90000.27,90021,90046,85,false,90786.1785,90854.2862,90860.3550,90894.1373
2026-07-08T06:19:44.693Z,coinjar,89860,89990,90000,10,false,90079.9900,90079.9900,90079.9900,90148.8913
2026-07-08T06:19:44.693Z,kraken,90074.8,90094.9,90112.6,40,false,90455.2796,90455.3800,90455.3800,90462.8486
2026-07-08T06:19:44.693Z,krakeninstant,90074.8,90094.9,90112.6,100,false,90995.8490,90995.8490,90995.8490,90995.8490
2026-07-08T06:19:44.693Z,okx,90016.9,90052.2,90063.1,70,false,90682.5654,90682.5654,90689.3427,91639.1018
2026-07-08T06:19:44.693Z,pepperstone,90000,90162.7,90081.35,0,false,90162.7000,90166.3286,90196.2718,90263.4706
2026-07-08T06:19:44.693Z,swyftx,89591.16884634,90565.5848079,90078.37682712,60,false,91108.9783,91108.9783,91108.9783,91108.9783
2026-07-08T10:03:21.951Z,coinspot,89600,89719.85,89852.19,100,false,90617.0485,90617.0485,90617.0485,90617.0485
2026-07-08T10:03:21.951Z,digitalsurge,89119.79,89932.74,89526.26,50,false,90382.4037,90382.4037,90382.4037,90382.4037
2026-07-08T10:03:21.951Z,independentreserve,89436.01,89515.95,89500,50,false,89963.5297,89963.5297,89963.5380,89968.7457
2026-07-08T10:03:21.951Z,btcmarkets,89500,89551.98,89521,85,false,90313.1718,90347.6121,90347.6121,90430.0808
2026-07-08T10:03:21.951Z,coinjar,89370,89440,89340,10,false,89529.4400,89529.4400,89546.5561,90032.9928
2026-07-08T10:03:21.951Z,kraken,89483.6,89511.3,89514.3,40,false,89869.3452,89869.3452,89871.3956,89935.0067
2026-07-08T10:03:21.951Z,krakeninstant,89483.6,89511.3,89514.3,100,false,90406.4130,90406.4130,90406.4130,90406.4130
2026-07-08T10:03:21.951Z,okx,89441.1,89487.4,89531,70,false,90113.8118,90113.8118,90122.2809,91170.8520
2026-07-08T10:03:21.951Z,pepperstone,89412,89602.7,89507.35,0,false,89602.7000,89606.5144,89636.1104,89686.2594
2026-07-08T10:03:21.951Z,swyftx,89039.30559878,90007.27386992,89523.28973435,60,false,90547.3175,90547.3175,90547.3175,90547.3175
2026-07-08T13:23:15.283Z,coinspot,89450,89495.4,89450,100,false,90390.3540,90390.3540,90390.3540,90390.3540
2026-07-08T13:23:15.283Z,digitalsurge,88828.07,89654.56,89241.32,50,false,90102.8328,90102.8328,90102.8328,90102.8328
2026-07-08T13:23:15.283Z,independentreserve,89253.01,89323.99,89265.01,50,false,89770.6099,89771.5476,89775.5066,89791.1591
2026-07-08T13:23:15.283Z,btcmarkets,89207.04,89274.98,89308,85,false,90033.8173,90033.8173,90033.8173,90118.6513
2026-07-08T13:23:15.283Z,coinjar,89190,89280,89350,10,false,89369.2800,89369.2800,89377.7706,89573.3049
2026-07-08T13:23:15.283Z,kraken,89300,89300.1,89300.1,40,false,89657.3004,89657.3004,89657.3004,89669.7636
2026-07-08T13:23:15.283Z,krakeninstant,89300,89300.1,89300.1,100,false,90193.1010,90193.1010,90193.1010,90193.1010
2026-07-08T13:23:15.283Z,okx,89221.7,89269.7,89300,70,false,89894.5879,89894.5879,89901.7096,90991.1344
2026-07-08T13:23:15.283Z,pepperstone,89171.7,89372.6,89272.15,0,false,89372.6000,89377.0616,89415.1482,89462.0092
2026-07-08T13:23:15.283Z,swyftx,88779.12230037,89744.38021034,89261.75125535499,60,false,90282.8465,90282.8465,90282.8465,90282.8465
2026-07-08T17:15:19.938Z,coinspot,89284.89,89622.14,89318.31,100,false,90518.3614,90518.3614,90518.3614,90518.3614
2026-07-08T17:15:19.938Z,digitalsurge,88900.07,89822.28,89361.18,50,false,90271.3914,90271.3914,90271.3914,90271.3914
2026-07-08T17:15:19.938Z,independentreserve,89385,89448.95,89497.02,50,false,89896.1947,89896.1947,89896.1947,89964.8702
2026-07-08T17:15:19.938Z,btcmarkets,89377.01,89441.99,89542,85,false,90202.2469,90211.3133,90240.3207,90296.2666
2026-07-08T17:15:19.938Z,coinjar,89290,89440,89390,10,false,89529.4400,89529.4400,89543.9083,89897.2299
2026-07-08T17:15:19.938Z,kraken,89389.5,89415.2,89518.8,40,false,89772.8608,89799.6676,89817.6787,89834.6316
2026-07-08T17:15:19.938Z,krakeninstant,89389.5,89415.2,89518.8,100,false,90309.3520,90309.3520,90309.3520,90309.3520
2026-07-08T17:15:19.938Z,okx,89389.7,89441.2,89430.4,70,false,90067.2884,90067.2884,90070.7223,91155.7229
2026-07-08T17:15:19.938Z,pepperstone,89311.8,89522.2,89417,0,false,89522.2000,89527.1223,89564.9904,89617.4689
2026-07-08T17:15:19.938Z,swyftx,88950.64733321,89917.92295229,89434.28514275,60,false,90457.4305,90457.4305,90457.4305,90457.4305
2026-07-08T20:52:49.180Z,coinspot,89529.44,89935.94,89848.47,100,false,90835.2994,90835.2994,90835.2994,90835.2994
2026-07-08T20:52:49.180Z,digitalsurge,89209.41,90058.28,89633.85,50,false,90508.5714,90508.5714,90508.5714,90508.5714
2026-07-08T20:52:49.180Z,independentreserve,89630,89676.99,89630,50,false,90125.3749,90125.3749,90145.7357,90212.0364
2026-07-08T20:52:49.180Z,btcmarkets,89590.01,89676.99,89708,85,false,90439.2444,90471.5164,90474.3066,90546.1431
2026-07-08T20:52:49.180Z,coinjar,89570,89690,89680,10,false,89779.6900,89779.6900,89793.7836,90107.3669
2026-07-08T20:52:49.180Z,kraken,89633.7,89660.6,89707.1,40,false,90019.2424,90019.1164,90023.7593,90069.8609
2026-07-08T20:52:49.180Z,krakeninstant,89633.7,89660.6,89707.1,100,false,90557.2060,90557.2060,90557.2060,90557.2060
2026-07-08T20:52:49.180Z,okx,89599.1,89641.1,89738.8,70,false,90268.5877,90268.5877,90272.3291,91358.4953
2026-07-08T20:52:49.180Z,pepperstone,89539.4,89738.9,89639.15,0,false,89738.9000,89742.2953,89769.0286,89831.5474
2026-07-08T20:52:49.180Z,swyftx,89184.96843492,90154.72855498,89669.84849495,60,false,90695.6569,90695.6569,90695.6569,90695.6569
2026-07-09T01:29:11.156Z,coinspot,90159.07,90228.3,89600,100,false,91130.5830,91130.5830,91130.5830,91130.5830
2026-07-09T01:29:11.156Z,digitalsurge,89537.22,90368.6,89952.91,50,false,90820.4430,90820.4430,90820.4430,90820.4430
2026-07-09T01:29:11.156Z,independentreserve,89953,90023.95,89922.98,50,false,90474.0697,90474.0697,90474.0697,90530.8264
2026-07-09T01:29:11.156Z,btcmarkets,89911.07,89986,89981,85,false,90750.8810,90752.8879,90767.7764,90850.1217
2026-07-09T01:29:11.156Z,coinjar,89950,90070,89910,10,false,90160.0700,90160.0700,90160.0700,90273.8175
2026-07-09T01:29:11.156Z,kraken,90041.5,90077.7,90088.8,40,false,90438.0108,90438.0108,90438.3292,90453.2847
2026-07-09T01:29:11.156Z,krakeninstant,90041.5,90077.7,90088.8,100,false,90978.4770,90978.4770,90978.4770,90978.4770
2026-07-09T01:29:11.156Z,okx,90003.9,90055.5,90030,70,false,90685.8885,90685.8885,90693.4403,91586.5653
2026-07-09T01:29:11.156Z,pepperstone,89961.3,90149.9,90055.6,0,false,90149.9000,90154.9308,90196.3910,90250.7925
2026-07-09T01:29:11.156Z,swyftx,89565.8231647,90539.67882377,90052.750994235,60,false,91082.9169,91082.9169,91082.9169,91082.9169
2026-07-09T07:26:17.001Z,coinspot,90460,90750.29,90839.59,100,false,91657.7929,91657.7929,91657.7929,91657.7929
2026-07-09T07:26:17.001Z,digitalsurge,90109.56,90947.85,90528.71,50,false,91402.5892,91402.5892,91402.5892,91402.5892
2026-07-09T07:26:17.001Z,independentreserve,90497.01,90581.97,90595.4,50,false,91034.8798,91034.8845,91036.1454,91095.3528
2026-07-09T07:26:17.001Z,btcmarkets,90494,90562.79,90614.63,85,false,91332.5737,91332.9973,91332.9973,91370.0651
2026-07-09T07:26:17.001Z,coinjar,90360,90580,90510,10,false,90670.5800,90688.7862,90690.4186,90984.3023
2026-07-09T07:26:17.001Z,kraken,90551.7,90551.8,90673.3,40,false,90914.0072,90914.0072,90918.0106,90937.6139
2026-07-09T07:26:17.001Z,krakeninstant,90551.7,90551.8,90673.3,100,false,91457.3180,91457.3180,91457.3180,91457.3180
2026-07-09T07:26:17.001Z,okx,90490.7,90527.4,90628.1,70,false,91161.0918,91161.0918,91163.4278,92034.9813
2026-07-09T07:26:17.001Z,pepperstone,90444.4,90639.2,90541.79999999999,0,false,90639.2000,90643.1486,90677.5734,90736.2830
2026-07-09T07:26:17.001Z,swyftx,90039.01337374,91018.20763115,90528.610502445,60,false,91564.3169,91564.3169,91564.3169,91564.3169
2026-07-09T10:42:36.903Z,coinspot,90500.54,90850.49,90793.99,100,false,91758.9949,91758.9949,91758.9949,91758.9949
2026-07-09T10:42:36.903Z,digitalsurge,90146.42,90990.19,90568.3,50,false,91445.1409,91445.1409,91445.1409,91445.1409
2026-07-09T10:42:36.903Z,independentreserve,90604.01,90657.99,90614.01,50,false,91111.2799,91111.2799,91111.2799,91201.9576
2026-07-09T10:42:36.903Z,btcmarkets,90531.01,90604.95,90675.63,85,false,91375.0921,91375.0618,91375.0839,91460.7423
2026-07-09T10:42:36.903Z,coinjar,90430,90630,90650,10,false,90720.6300,90720.6300,90720.6300,91052.5317
2026-07-09T10:42:36.903Z,kraken,90569.6,90584.6,90592.7,40,false,90946.9384,90952.2596,90957.4719,90982.7310
2026-07-09T10:42:36.903Z,krakeninstant,90569.6,90584.6,90592.7,100,false,91490.4460,91490.4460,91490.4460,91490.4460
2026-07-09T10:42:36.903Z,okx,90535.8,90578.3,90604,70,false,91212.3481,91212.3481,91220.2458,92088.4602
2026-07-09T10:42:36.903Z,pepperstone,90483,90671,90577,0,false,90671.0000,90675.4944,90714.8275,90775.2022
2026-07-09T10:42:36.903Z,swyftx,90109.12735544,91089.05667721,90599.092016325,60,false,91635.5910,91635.5910,91635.5910,91635.5910
2026-07-09T14:23:42.343Z,coinspot,90250,90545.8,90500,100,false,91451.2580,91451.2580,91451.2580,91451.2580
2026-07-09T14:23:42.343Z,digitalsurge,89911.41,90754.22,90332.81,50,false,91207.9911,91207.9911,91207.9911,91207.9911
2026-07-09T14:23:42.343Z,independentreserve,90368,90415.14,89862.05,50,false,90867.2157,90867.2157,90884.3801,90971.6613
2026-07-09T14:23:42.343Z,btcmarkets,90245.02,90369.98,90266,85,false,91138.1248,91107.8799,91107.8799,91217.2263
2026-07-09T14:23:42.343Z,coinjar,90250,90360,90590,10,false,90450.3600,90450.3600,90468.0879,90888.3638
2026-07-09T14:23:42.343Z,kraken,90353.4,90379.8,90326.2,40,false,90741.3192,90741.3192,90744.3777,90786.1328
2026-07-09T14:23:42.343Z,krakeninstant,90353.4,90379.8,90326.2,100,false,91283.5980,91283.5980,91283.5980,91283.5980
2026-07-09T14:23:42.343Z,okx,90324.9,90374.9,90569,70,false,91007.5243,91013.5663,91014.2143,93491.5873
2026-07-09T14:23:42.343Z,swyftx,89794.25967659,90770.866303,90282.562989795,60,false,91315.4915,91315.4915,91315.4915,91315.4915
2026-07-09T17:44:13.478Z,coinspot,90548.43,90864.29,90404.8,100,false,91772.9329,91772.9329,91772.9329,91772.9329
2026-07-09T17:44:13.478Z,digitalsurge,90190.24,91033.41,90611.82,50,false,91488.5770,91488.5770,91488.5770,91488.5770
2026-07-09T17:44:13.478Z,independentreserve,90651.01,90718.21,90696,50,false,91171.8010,91171.8010,91176.9733,91294.6218
2026-07-09T17:44:13.478Z,btcmarkets,90575.02,90647.99,90395.02,85,false,91418.4979,91420.0366,91448.3034,91536.2896
2026-07-09T17:44:13.478Z,coinjar,90550,90700,90140,10,false,90790.7000,90790.7000,90790.7230,91131.9069
2026-07-09T17:44:13.478Z,kraken,90653.4,90682.2,90623.9,40,false,91044.9288,91045.1192,91053.1059,91072.1239
2026-07-09T17:44:13.478Z,krakeninstant,90653.4,90682.2,90623.9,100,false,91589.0220,91589.0220,91589.0220,91589.0220
2026-07-09T17:44:13.478Z,okx,90619.9,90667.9,90679.4,70,false,91302.5753,91302.5753,91305.6948,92176.9621
2026-07-09T17:44:13.478Z,pepperstone,90559.8,90738.1,90648.95000000001,0,false,90738.1000,90742.5436,90781.7425,90833.4458
2026-07-09T17:44:13.478Z,swyftx,90133.92470488,91114.28017037,90624.102437625,60,false,91660.9659,91660.9659,91660.9659,91660.9659
2026-07-09T21:08:48.995Z,coinspot,91201.62,91406.3,91374.2,100,false,92320.3630,92320.3630,92320.3630,92320.3630
2026-07-09T21:08:48.995Z,digitalsurge,90739.89,91673.27,91206.58,50,false,92131.6364,92131.6364,92131.6364,92131.6364
2026-07-09T21:08:48.995Z,independentreserve,91158.74,91275.99,91158.59,50,false,91732.3699,91737.3547,91737.3922,91792.9329
2026-07-09T21:08:48.995Z,btcmarkets,91127.01,91284.97,91177,85,false,92060.8922,92061.0637,92061.0637,92094.4954
2026-07-09T21:08:48.995Z,coinjar,91090,91200,91090,10,false,91291.2000,91291.2000,91310.1704,91733.6755
2026-07-09T21:08:48.995Z,kraken,91181.8,91181.9,91181.9,40,false,91546.6276,91549.3650,91571.5389,91615.2476
2026-07-09T21:08:48.995Z,krakeninstant,91181.8,91181.9,91181.9,100,false,92093.7190,92093.7190,92093.7190,92093.7190
2026-07-09T21:08:48.995Z,okx,91162.3,91210.7,91157.9,70,false,91849.1749,91849.1749,91856.1595,92603.5504
2026-07-09T21:08:48.995Z,pepperstone,91060,91338,91199,0,false,91338.0000,91338.0000,91438.2639,91533.3166
2026-07-09T21:08:48.995Z,swyftx,90686.3612373,91672.68860838,91179.52492284,60,false,92222.7247,92222.7247,92222.7247,92222.7247
2026-07-10T01:26:51.011Z,coinspot,90857.21,91005,91014.5,100,false,91915.0500,91915.0500,91915.0500,91915.0500
2026-07-10T01:26:51.011Z,digitalsurge,90587.22,91429.08,91008.15,50,false,91886.2254,91886.2254,91886.2254,91886.2254
2026-07-10T01:26:51.011Z,independentreserve,91026.95,91098.99,91160.99,50,false,91554.4849,91554.4849,91554.4884,91636.0707
2026-07-10T01:26:51.011Z,btcmarkets,90973.69,91041.98,91047,85,false,91815.8368,91815.8368,91815.8368,91935.5933
2026-07-10T01:26:51.011Z,coinjar,90880,91000,90950,10,false,91091.0000,91091.0000,91091.0000,91244.6653
2026-07-10T01:26:51.011Z,kraken,91040.2,91066.4,91066.4,40,false,91430.6656,91430.6656,91436.7775,91474.7413
2026-07-10T01:26:51.011Z,krakeninstant,91040.2,91066.4,91066.4,100,false,91977.0640,91977.0640,91977.0640,91977.0640
2026-07-10T01:26:51.011Z,okx,91008.5,91052.5,91028.3,70,false,91689.8675,91689.8675,91696.0331,92486.5711
2026-07-10T01:26:51.011Z,pepperstone,90942.9,91129.5,91036.2,0,false,91129.5000,91140.7105,91191.7279,91246.4494
2026-07-10T01:26:51.011Z,swyftx,90549.50131343,91534.42381743,91041.96256543,60,false,92083.6304,92083.6304,92083.6304,92083.6304
2026-07-10T07:24:19.996Z,coinspot,91850,92000,91995.2,100,false,92920.0000,92920.0000,92920.0000,92920.0000
2026-07-10T07:24:19.996Z,digitalsurge,91495.37,92359.02,91927.2,50,false,92820.8151,92820.8151,92820.8151,92820.8151
2026-07-10T07:24:19.996Z,independentreserve,91988,92059.69,91900.99,50,false,92519.9884,92501.4562,92502.3151,92518.3203
2026-07-10T07:24:19.996Z,btcmarkets,91882.04,91967.99,91793.04,85,false,92749.7179,92762.5965,92762.5991,92798.8187
2026-07-10T07:24:19.996Z,coinjar,91870,92000,91730,10,false,92092.0000,92092.0000,92092.0000,92180.3015
2026-07-10T07:24:19.996Z,kraken,92001.5,92001.6,92001.5,40,false,92369.6064,92397.3191,92404.6534,92445.6615
2026-07-10T07:24:19.996Z,krakeninstant,92001.5,92001.6,92001.5,100,false,92921.6160,92921.6160,92921.6160,92921.6160
2026-07-10T07:24:19.996Z,okx,92005.7,92049.8,91883,70,false,92694.1486,92694.1486,92694.4425,93242.0609
2026-07-10T07:24:19.996Z,pepperstone,91942.5,92124,92033.25,0,false,92124.0000,92128.1721,92172.1149,92214.5510
2026-07-10T07:24:19.996Z,swyftx,91506.54195162,92501.89265641,92004.21730401501,60,false,93056.9040,93056.9040,93056.9040,93056.9040
2026-07-10T10:41:25.462Z,coinspot,92670.62,92764.1,92550,100,false,93691.7410,93691.7410,93691.7410,93691.7410
2026-07-10T10:41:25.462Z,digitalsurge,92108.05,92984.67,92546.36,50,false,93449.5933,93449.5933,93449.5933,93449.5933
2026-07-10T10:41:25.462Z,independentreserve,92529,92608.97,92526.23,50,false,93072.0148,93072.0148,93072.0148,93144.7198
2026-07-10T10:41:25.462Z,btcmarkets,92501.01,92590.99,92521.27,85,false,93378.0134,93378.0134,93390.0250,93403.5427
2026-07-10T10:41:25.462Z,coinjar,92430,92580,92530,10,false,92672.5800,92672.5800,92672.5800,92771.3048
2026-07-10T10:41:25.462Z,kraken,92605.3,92625,92675.9,40,false,92995.5000,92995.5000,92995.5000,93018.0950
2026-07-10T10:41:25.462Z,krakeninstant,92605.3,92625,92675.9,100,false,93551.2500,93551.2500,93551.2500,93551.2500
2026-07-10T10:41:25.462Z,okx,92570.7,92610,92727.2,70,false,93258.2700,93258.2700,93266.7777,93870.9008
2026-07-10T10:41:25.462Z,pepperstone,92506.3,92695.4,92600.85,0,false,92695.4000,92698.9337,92739.3114,92806.1301
2026-07-10T10:41:25.462Z,swyftx,92093.96403323,93095.74137358,92594.85270340499,60,false,93654.3158,93654.3158,93654.3158,93654.3158
2026-07-10T13:50:36.102Z,coinspot,92578.41,92857,92456.7,100,false,93785.5700,93785.5700,93785.5700,93785.5700
2026-07-10T13:50:36.102Z,digitalsurge,92177.29,93032.88,92605.09,50,false,93498.0444,93498.0444,93498.0444,93498.0444
2026-07-10T13:50:36.102Z,independentreserve,92669,92749.99,92754,50,false,93213.7399,93213.7399,93213.7399,93262.3990
2026-07-10T13:50:36.102Z,btcmarkets,92583.02,92639,92676.46,85,false,93426.4315,93427.8914,93444.4306,93556.3558
2026-07-10T13:50:36.102Z,coinjar,92580,92740,92680,10,false,92832.7400,92832.7400,92832.7400,92915.9390
2026-07-10T13:50:36.102Z,kraken,92695.2,92719.8,92765.5,40,false,93090.6792,93090.6792,93094.5588,93148.1647
2026-07-10T13:50:36.102Z,krakeninstant,92695.2,92719.8,92765.5,100,false,93646.9980,93646.9980,93646.9980,93646.9980
2026-07-10T13:50:36.102Z,okx,92675.2,92711.7,92500,70,false,93360.6819,93360.6819,93366.8801,93984.5349
2026-07-10T13:50:36.102Z,pepperstone,92623.6,92812.3,92717.95000000001,0,false,92812.3000,92816.7680,92868.7236,92946.0324
2026-07-10T13:50:36.102Z,swyftx,92268.1864093,93271.85092078,92770.01866504,60,false,93831.4820,93831.4820,93831.4820,93831.4820
2026-07-10T17:38:12.475Z,coinspot,91750,91996.29,92033.69,100,false,92916.2529,92916.2529,92916.2529,92916.2529
2026-07-10T17:38:12.475Z,digitalsurge,91303.47,92169.9,91736.69,50,false,92630.7495,92630.7495,92630.7495,92630.7495
2026-07-10T17:38:12.475Z,independentreserve,91765.02,91843.87,92004.94,50,false,92303.0893,92303.0893,92303.0972,92321.4525
2026-07-10T17:38:12.475Z,btcmarkets,91693,91779.64,91936.55,85,false,92559.7669,92560.3821,92560.3821,92598.4323
2026-07-10T17:38:12.475Z,coinjar,91650,91810,91860,10,false,91901.8100,91901.8100,91901.8100,92020.4197
2026-07-10T17:38:12.475Z,kraken,91745.6,91762.4,91810,40,false,92129.4496,92129.4496,92135.0587,92177.7619
2026-07-10T17:38:12.475Z,krakeninstant,91745.6,91762.4,91810,100,false,92680.0240,92680.0240,92680.0240,92680.0240
2026-07-10T17:38:12.475Z,okx,91754.3,91794.8,92000,70,false,92437.3636,92437.3636,92439.4706,93183.7410
2026-07-10T17:38:12.475Z,pepperstone,91688.2,91865,91776.6,0,false,91865.0000,91869.1792,91911.6757,91957.7456
2026-07-10T17:38:12.475Z,swyftx,91260.73042934,92253.55825495,91757.144342145,60,false,92807.0796,92807.0796,92807.0796,92807.0796
2026-07-10T20:57:15.243Z,coinspot,91575.93,91899.99,91587,100,false,92818.9899,92818.9899,92818.9899,92818.9899
2026-07-10T20:57:15.243Z,digitalsurge,91282.58,92159.17,91720.88,50,false,92619.9658,92619.9658,92619.9658,92619.9658
2026-07-10T20:57:15.243Z,independentreserve,91743,91826.84,91859.96,50,false,92285.9742,92286.0043,92286.0131,92302.9653
2026-07-10T20:57:15.243Z,btcmarkets,91652.09,91768.83,91785.17,85,false,92548.8651,92549.5710,92549.5710,92581.3479
2026-07-10T20:57:15.243Z,coinjar,91650,91790,91600,10,false,91881.7900,91881.7900,91881.7900,92006.2764
2026-07-10T20:57:15.243Z,kraken,91782.6,91786,91804,40,false,92153.1440,92153.1440,92153.1440,92165.4798
2026-07-10T20:57:15.243Z,krakeninstant,91782.6,91786,91804,100,false,92703.8600,92703.8600,92703.8600,92703.8600
2026-07-10T20:57:15.243Z,okx,91551.9,91903.9,92000,70,false,92547.2273,92547.0259,92547.0341,92906.5442
2026-07-10T20:57:15.243Z,pepperstone,91634.3,91839.1,91736.70000000001,0,false,91839.1000,91842.2570,91874.2445,91931.3763
2026-07-10T20:57:15.243Z,swyftx,91260.55926803,92246.90427445,91753.73177124001,60,false,92800.3857,92800.3857,92800.3857,92800.3857
2026-07-11T01:20:00.358Z,coinspot,92089.18,92361.69,92100,100,false,93285.3069,93285.3069,93285.3069,93285.3069
2026-07-11T01:20:00.358Z,digitalsurge,91733.48,92691.1,92212.29,50,false,93154.5555,93154.5555,93154.5555,93154.5555
2026-07-11T01:20:00.358Z,independentreserve,92181.33,92338.93,92117,50,false,92800.6246,92800.6246,92800.6328,92829.4453
2026-07-11T01:20:00.358Z,btcmarkets,92071.78,92298.58,91986.11,85,false,93083.1179,93083.2389,93083.2389,93161.4552
2026-07-11T01:20:00.358Z,coinjar,92170,92280,92180,10,false,92372.2800,92372.2800,92372.2800,92550.5553
2026-07-11T01:20:00.358Z,kraken,92237.5,92237.6,92237.5,40,false,92606.5504,92616.8890,92647.6126,92673.0576
2026-07-11T01:20:00.358Z,krakeninstant,92237.5,92237.6,92237.5,100,false,93159.9760,93159.9760,93159.9760,93159.9760
2026-07-11T01:20:00.358Z,okx,92044.7,92410.7,92000,70,false,93057.5749,93057.5749,93060.0733,93626.7572
2026-07-11T01:20:00.358Z,pepperstone,92139.6,92333.2,92236.4,0,false,92333.2000,92343.5869,92373.8376,92427.6265
2026-07-11T01:20:00.358Z,swyftx,91678.29454595,92765.94429477,92222.11942036,60,false,93322.5400,93322.5400,93322.5400,93322.5400
2026-07-11T06:04:53.953Z,coinspot,92140.39,92429.93,92140.39,100,false,93354.2293,93354.2293,93354.2293,93354.2293
2026-07-11T06:04:53.953Z,digitalsurge,91714.86,92683.74,92199.3,50,false,93147.1587,93147.1587,93147.1587,93147.1587
2026-07-11T06:04:53.953Z,independentreserve,92126.84,92293.3,92299.33,50,false,92754.7665,92754.7866,92754.7866,92769.2670
2026-07-11T06:04:53.953Z,btcmarkets,92106.31,92291.21,92232.84,85,false,93075.6853,93075.9072,93075.9072,93337.9463
2026-07-11T06:04:53.953Z,coinjar,92100,92150,92150,10,false,92242.1500,92250.9880,92328.0479,92462.5164
2026-07-11T06:04:53.953Z,kraken,92235.2,92246.7,92253.4,40,false,92615.6868,92616.8642,92617.4310,92620.1211
2026-07-11T06:04:53.953Z,krakeninstant,92235.2,92246.7,92253.4,100,false,93169.1670,93169.1670,93169.1670,93169.1670
2026-07-11T06:04:53.953Z,okx,92029.7,92365,92417.7,70,false,93011.5550,93015.0051,93022.9568,93334.4529
2026-07-11T06:04:53.953Z,pepperstone,92089.3,92276,92182.65,0,false,92276.0000,92279.9218,92322.1100,92366.7896
2026-07-11T06:04:53.953Z,swyftx,91632.74019269,92719.86442619,92176.30230944001,60,false,93276.1836,93276.1836,93276.1836,93276.1836
2026-07-11T09:13:14.837Z,coinspot,92174.1,92409,92270,100,false,93333.0900,93333.0900,93333.0900,93333.0900
2026-07-11T09:13:14.837Z,digitalsurge,91894.21,92837.64,92365.92,50,false,93301.8282,93301.8282,93301.8282,93301.8282
2026-07-11T09:13:14.837Z,independentreserve,92313.45,92463.99,92485.9,50,false,92926.3099,92926.3099,92926.3099,92941.7752
2026-07-11T09:13:14.837Z,btcmarkets,92286.4,92444.46,92449.66,85,false,93230.2379,93230.2984,93230.2984,93334.0727
2026-07-11T09:13:14.837Z,coinjar,92370,92460,92430,10,false,92552.4600,92552.4600,92552.4600,92637.7437
2026-07-11T09:13:14.837Z,kraken,92346.1,92359.7,92359.1,40,false,92729.1388,92729.7936,92739.2237,92758.2075
2026-07-11T09:13:14.837Z,krakeninstant,92346.1,92359.7,92359.1,100,false,93283.2970,93283.2970,93283.2970,93283.2970
2026-07-11T09:13:14.837Z,okx,92127.3,92483.8,92417.7,70,false,93131.1866,93131.1866,93131.2250,93672.9930
2026-07-11T09:13:14.837Z,pepperstone,92222.9,92408.5,92315.7,0,false,92408.5000,92412.0132,92450.5195,92501.3421
2026-07-11T09:13:14.837Z,swyftx,91771.60418788,92860.36092566,92315.98255677,60,false,93417.5231,93417.5231,93417.5231,93417.5231
2026-07-11T12:45:46.103Z,coinspot,92225,92408.99,92409,100,false,93333.0799,93333.0799,93333.0799,93333.0799
2026-07-11T12:45:46.103Z,digitalsurge,91751.57,92644.74,92198.15,50,false,93107.9637,93107.9637,93107.9637,93107.9637
2026-07-11T12:45:46.103Z,independentreserve,92215.04,92325.95,92214.6,50,false,92787.5797,92787.5797,92787.5879,92790.0583
2026-07-11T12:45:46.103Z,btcmarkets,92143.03,92252.5,92326.21,85,false,93036.6462,93036.6462,93036.6517,93094.8370
2026-07-11T12:45:46.103Z,coinjar,92210,92340,92270,10,false,92432.3400,92432.3400,92432.3400,92547.1861
2026-07-11T12:45:46.103Z,kraken,92193,92217.5,92215.2,40,false,92586.3700,92586.5338,92592.3694,92604.8853
2026-07-11T12:45:46.103Z,krakeninstant,92193,92217.5,92215.2,100,false,93139.6750,93139.6750,93139.6750,93139.6750
2026-07-11T12:45:46.103Z,okx,92010.4,92347.8,92417.7,70,false,92994.2346,92994.2346,92994.2547,93589.0270
2026-07-11T12:45:46.103Z,pepperstone,92082.4,92267.4,92174.9,0,false,92267.4000,92271.0403,92310.1522,92359.4652
2026-07-11T12:45:46.103Z,swyftx,91626.85424886,92713.89373019,92170.373989525,60,false,93270.1771,93270.1771,93270.1771,93270.1771
2026-07-11T16:39:30.777Z,coinspot,92250,92364.99,92150,100,false,93288.6399,93288.6399,93288.6399,93288.6399
2026-07-11T16:39:30.777Z,digitalsurge,91777.68,92731.57,92254.63,50,false,93195.2278,93195.2278,93195.2278,93195.2278
2026-07-11T16:39:30.777Z,independentreserve,92238.89,92357.92,92285.67,50,false,92819.7096,92819.7297,92819.7297,92827.5252
2026-07-11T16:39:30.777Z,btcmarkets,92169.15,92340.22,92340.22,85,false,93125.1119,93125.1119,93125.1119,93246.5309
2026-07-11T16:39:30.777Z,coinjar,92260,92320,92220,10,false,92412.3200,92426.7944,92431.7854,92518.2429
2026-07-11T16:39:30.777Z,kraken,92192.9,92217.4,92193.1,40,false,92586.2696,92591.6912,92605.8785,92642.8127
2026-07-11T16:39:30.777Z,krakeninstant,92192.9,92217.4,92193.1,100,false,93139.5740,93139.5740,93139.5740,93139.5740
2026-07-11T16:39:30.777Z,okx,92015.6,92384.4,92275.5,70,false,93031.0908,93031.0908,93031.9940,93627.0183
2026-07-11T16:39:30.777Z,pepperstone,92124.7,92316.5,92220.6,0,false,92316.5000,92319.8869,92356.5271,92409.6748
2026-07-11T16:39:30.777Z,swyftx,91656.75259613,92744.13184685,92200.44222149,60,false,93300.5966,93300.5966,93300.5966,93300.5966
2026-07-11T20:35:47.701Z,coinspot,92400.01,92693.57,92432.48,100,false,93620.5057,93620.5057,93620.5057,93620.5057
2026-07-11T20:35:47.701Z,digitalsurge,92072.19,92993.42,92532.81,50,false,93458.3871,93458.3871,93458.3871,93458.3871
2026-07-11T20:35:47.701Z,independentreserve,92495.68,92635.76,92924.21,50,false,93098.9388,93098.9388,93098.9388,93121.1326
2026-07-11T20:35:47.701Z,btcmarkets,92465.14,92642.2,92520.53,85,false,93429.6587,93429.7192,93429.7192,93538.1642
2026-07-11T20:35:47.701Z,coinjar,92450,92610,92620,10,false,92702.6100,92702.6100,92702.6100,92806.9494
2026-07-11T20:35:47.701Z,kraken,92456,92456.1,92423.1,40,false,92825.9244,92836.3429,92857.0971,92899.3292
2026-07-11T20:35:47.701Z,krakeninstant,92456,92456.1,92423.1,100,false,93380.6610,93380.6610,93380.6610,93380.6610
2026-07-11T20:35:47.701Z,okx,92286.5,92656.4,92275.5,70,false,93304.9948,93304.9948,93307.2070,93806.9473
2026-07-11T20:35:47.701Z,pepperstone,92399.6,92585.3,92492.45000000001,0,false,92585.3000,92588.7314,92627.3114,92679.9338
2026-07-11T20:35:47.701Z,swyftx,91940.46755344,93031.18133439,92485.824443915,60,false,93589.3684,93589.3684,93589.3684,93589.3684
2026-07-12T01:21:53.315Z,coinspot,92000,92212,92115,100,false,93134.1200,93134.1200,93134.1200,93134.1200
2026-07-12T01:21:53.315Z,digitalsurge,91472.83,92458.75,91965.79,50,false,92921.0437,92921.0437,92921.0437,92921.0437
2026-07-12T01:21:53.315Z,independentreserve,91950.71,92055.95,92055.97,50,false,92516.2297,92516.2297,92516.7124,92579.7019
2026-07-12T01:21:53.315Z,btcmarkets,91863.15,92067.24,92069.59,85,false,92849.8115,92850.0737,92850.0737,92890.7582
2026-07-12T01:21:53.315Z,coinjar,91980,92090,92040,10,false,92182.0900,92182.0900,92182.0900,92279.8937
2026-07-12T01:21:53.315Z,kraken,91920.3,91945.7,91982.8,40,false,92313.4828,92311.9768,92312.3610,92368.7032
2026-07-12T01:21:53.315Z,krakeninstant,91920.3,91945.7,91982.8,100,false,92865.1570,92865.1570,92865.1570,92865.1570
2026-07-12T01:21:53.315Z,okx,91746.7,92108.6,92000,70,false,92753.3602,92753.3602,92755.7581,93413.8720
2026-07-12T01:21:53.315Z,pepperstone,91856.4,92041.5,91948.95,0,false,92041.5000,92045.2546,92084.3536,92134.4259
2026-07-12T01:21:53.315Z,swyftx,91405.09187168,92489.43820284,91947.26503725999,60,false,93044.3748,93044.3748,93044.3748,93044.3748
2026-07-12T06:23:37.464Z,coinspot,91850,91894.4,91891.9,100,false,92813.3440,92813.3440,92813.3440,92813.3440
2026-07-12T06:23:37.464Z,digitalsurge,91248.12,92171.26,91709.69,50,false,92632.1163,92632.1163,92632.1163,92632.1163
2026-07-12T06:23:37.464Z,independentreserve,91642.32,91769.94,91634.62,50,false,92228.7897,92228.7897,92228.7897,92279.8138
2026-07-12T06:23:37.464Z,btcmarkets,91637.59,91785.89,91778.52,85,false,92566.0701,92567.1189,92567.1207,92623.2334
2026-07-12T06:23:37.464Z,coinjar,91670,91790,91630,10,false,91881.7900,91881.7900,91881.7900,91967.4983
2026-07-12T06:23:37.464Z,kraken,91633.5,91655.2,91637.4,40,false,92021.8208,92021.8208,92030.0883,92065.0567
2026-07-12T06:23:37.464Z,krakeninstant,91633.5,91655.2,91637.4,100,false,92571.7520,92571.7520,92571.7520,92571.7520
2026-07-12T06:23:37.464Z,okx,91500,91799.7,91688.4,70,false,92442.2979,92442.2979,92443.1916,93141.3089
2026-07-12T06:23:37.464Z,pepperstone,91543.5,91732.7,91638.1,0,false,91732.7000,91736.7655,91777.3846,91817.3174
2026-07-12T06:23:37.464Z,swyftx,91079.81730803,92160.28875087,91620.05302945,60,false,92713.2505,92713.2505,92713.2505,92713.2505
2026-07-12T09:40:05.124Z,coinspot,91860.23,92130,92130,100,false,93051.3000,93051.3000,93051.3000,93051.3000
2026-07-12T09:40:05.124Z,digitalsurge,91552.38,92414.87,91983.63,50,false,92876.9443,92876.9443,92876.9443,92876.9443
2026-07-12T09:40:05.124Z,independentreserve,91839.44,92054.98,92035.97,50,false,92515.2549,92515.2549,92515.2579,92557.2473
2026-07-12T09:40:05.124Z,btcmarkets,91943.01,92055.33,91939.31,85,false,92837.8003,92837.5986,92837.6003,92885.9932
2026-07-12T09:40:05.124Z,coinjar,91950,92080,91880,10,false,92172.0800,92172.0800,92172.0800,92425.5781
2026-07-12T09:40:05.124Z,kraken,91868.7,91868.8,91862.7,40,false,92236.2752,92272.1213,92307.3502,92336.6222
2026-07-12T09:40:05.124Z,krakeninstant,91868.7,91868.8,91862.7,100,false,92787.4880,92787.4880,92787.4880,92787.4880
2026-07-12T09:40:05.124Z,okx,91713.1,92080.7,91803.5,70,false,92725.2649,92725.2649,92726.8704,93353.8581
2026-07-12T09:40:05.124Z,pepperstone,91805.6,92008.9,91907.25,0,false,92008.9000,92012.6141,92051.1196,92090.4529
2026-07-12T09:40:05.124Z,swyftx,91367.31179615,92451.20994506,91909.26087060501,60,false,93005.9172,93005.9172,93005.9172,93005.9172
2026-07-12T12:47:49.026Z,coinspot,92028.59,92299.99,92043.19,100,false,93222.9899,93222.9899,93222.9899,93222.9899
2026-07-12T12:47:49.026Z,digitalsurge,91693.54,92586.49,92140.02,50,false,93049.4224,93049.4224,93049.4224,93049.4224
2026-07-12T12:47:49.026Z,independentreserve,92100.3,92222.65,92099.86,50,false,92683.7632,92683.7632,92685.6017,92716.1316
2026-07-12T12:47:49.026Z,btcmarkets,92084.71,92194.55,92081.37,85,false,92978.2037,92979.9686,92979.9686,93021.9897
2026-07-12T12:47:49.026Z,coinjar,92120,92370,92370,10,false,92462.3700,92462.3700,92462.3700,92647.5394
2026-07-12T12:47:49.026Z,kraken,92060.3,92088.2,92013.8,40,false,92456.5528,92457.6467,92461.7038,92498.0404
2026-07-12T12:47:49.026Z,krakeninstant,92060.3,92088.2,92013.8,100,false,93009.0820,93009.0820,93009.0820,93009.0820
2026-07-12T12:47:49.026Z,okx,91885.3,92237.8,91828.8,70,false,92883.4646,92883.4646,92885.0376,93511.8391
2026-07-12T12:47:49.026Z,pepperstone,91983.2,92168.3,92075.75,0,false,92168.3000,92172.0418,92211.6923,92265.8716
2026-07-12T12:47:49.026Z,swyftx,91527.3080338,92619.52224192,92073.41513785999,60,false,93175.2394,93175.2394,93175.2394,93175.2394
2026-07-12T16:41:20.660Z,coinspot,92100,92300,92300,100,false,93223.0000,93223.0000,93223.0000,93223.0000
2026-07-12T16:41:20.660Z,digitalsurge,91760.58,92666.02,92213.3,50,false,93129.3501,93129.3501,93129.3501,93129.3501
2026-07-12T16:41:20.660Z,independentreserve,92197.88,92353.56,92350,50,false,92815.3278,92815.5288,92815.5329,92815.5466
2026-07-12T16:41:20.660Z,btcmarkets,92152.08,92273.68,92304.96,85,false,93058.0063,93057.8752,93057.8769,93135.4063
2026-07-12T16:41:20.660Z,coinjar,92200,92370,92480,10,false,92462.3700,92516.8790,92521.8749,92709.6913
2026-07-12T16:41:20.660Z,kraken,92147.4,92172.8,92218.6,40,false,92541.4912,92549.9677,92557.5634,92604.5724
2026-07-12T16:41:20.660Z,krakeninstant,92147.4,92172.8,92218.6,100,false,93094.5280,93094.5280,93094.5280,93094.5280
2026-07-12T16:41:20.660Z,okx,91977.4,92346,92036.1,70,false,92992.4220,92992.4220,92993.1607,93581.3159
2026-07-12T16:41:20.660Z,pepperstone,92116.2,92302.7,92209.45,0,false,92302.7000,92306.3622,92345.9043,92397.3780
2026-07-12T16:41:20.660Z,swyftx,91655.72437436,92742.96514987,92199.344762115,60,false,93299.4229,93299.4229,93299.4229,93299.4229
2026-07-12T20:32:52.680Z,coinspot,92300,92663.29,92300,100,false,93589.9229,93589.9229,93589.9229,93589.9229
2026-07-12T20:32:52.680Z,digitalsurge,91905.17,92807.58,92356.38,50,false,93271.6179,93271.6179,93271.6179,93271.6179
2026-07-12T20:32:52.680Z,independentreserve,92342.18,92343,92342.18,50,false,92804.7150,92909.7672,92914.1042,92953.7924
2026-07-12T20:32:52.680Z,btcmarkets,92297.39,92446.02,92262.41,85,false,93231.8112,93232.0129,93232.0129,93242.9478
2026-07-12T20:32:52.680Z,coinjar,92400,92460,92400,10,false,92552.4600,92617.0098,92667.0200,92806.0122
2026-07-12T20:32:52.680Z,kraken,92331.4,92331.5,92292,40,false,92700.8260,92700.8260,92700.8260,92725.0953
2026-07-12T20:32:52.680Z,krakeninstant,92331.4,92331.5,92292,100,false,93254.8150,93254.8150,93254.8150,93254.8150
2026-07-12T20:32:52.680Z,okx,92052,92796,92873.4,70,false,93445.5720,93445.4713,93445.5125,93788.3966
2026-07-12T20:32:52.680Z,pepperstone,92258.4,92449,92353.7,0,false,92449.0000,92452.4191,92490.1102,92544.5507
2026-07-12T20:32:52.680Z,swyftx,91810.39293556,92957.46695313,92383.929944345,60,false,93515.2118,93515.2118,93515.2118,93515.2118
2026-07-13T01:23:12.155Z,coinspot,92000,92135.57,92280,100,false,93056.9257,93056.9257,93056.9257,93056.9257
2026-07-13T01:23:12.155Z,digitalsurge,91549.42,92405.22,91977.32,50,false,92867.2461,92867.2461,92867.2461,92867.2461
2026-07-13T01:23:12.155Z,independentreserve,91903.01,91992,91981.88,50,false,92451.9600,92451.9600,92479.0848,92520.2751
2026-07-13T01:23:12.155Z,btcmarkets,91940,92013.99,91971,85,false,92796.1089,92808.2109,92808.2109,92896.8202
2026-07-13T01:23:12.155Z,coinjar,91930,92060,92200,10,false,92152.0600,92152.0600,92152.0600,92332.3810
2026-07-13T01:23:12.155Z,kraken,91926.1,91953.3,91940.5,40,false,92321.1132,92321.1132,92321.1132,92370.3241
2026-07-13T01:23:12.155Z,krakeninstant,91926.1,91953.3,91940.5,100,false,92872.8330,92872.8330,92872.8330,92872.8330
2026-07-13T01:23:12.155Z,okx,91887.7,91948.5,92177.1,70,false,92592.1395,92592.1395,92595.8224,93283.0683
2026-07-13T01:23:12.155Z,pepperstone,91849,92028.8,91938.9,0,false,92028.8000,92038.4270,92075.1211,92135.5219
2026-07-13T01:23:12.155Z,swyftx,91453.37637612,92447.8111638,91950.59376995999,60,false,93002.4980,93002.4980,93002.4980,93002.4980
2026-07-13T06:42:15.034Z,coinspot,90660.1,90666.1,90666.1,100,false,91572.7610,91572.7610,91572.7610,91572.7610
2026-07-13T06:42:15.034Z,digitalsurge,90113.56,90971.14,90542.35,50,false,91425.9957,91425.9957,91425.9957,91425.9957
2026-07-13T06:42:15.034Z,independentreserve,90588,90637.99,90643,50,false,91091.1799,91091.1799,91096.9478,91127.7313
2026-07-13T06:42:15.034Z,btcmarkets,90498.01,90585.99,90509.34,85,false,91355.9709,91355.9709,91357.0721,91449.4031
2026-07-13T06:42:15.034Z,coinjar,90550,90660,90530,10,false,90750.6600,90750.6600,90750.6600,90879.7253
2026-07-13T06:42:15.034Z,kraken,90540.9,90569.1,90557.7,40,false,90931.3764,90934.2069,90934.4606,90968.9791
2026-07-13T06:42:15.034Z,krakeninstant,90540.9,90569.1,90557.7,100,false,91474.7910,91474.7910,91474.7910,91474.7910
2026-07-13T06:42:15.034Z,okx,90508.8,90538.7,90530.2,70,false,91172.4709,91172.4709,91180.0569,92162.6632
2026-07-13T06:42:15.034Z,pepperstone,90492.9,90618.7,90555.79999999999,0,false,90618.7000,90623.0134,90660.5296,90711.0915
2026-07-13T06:42:15.034Z,swyftx,90034.8549032,91013.85619584,90524.35554952,60,false,91559.9393,91559.9393,91559.9393,91559.9393
2026-07-13T10:46:40.124Z,coinspot,90750,90797.3,90795,100,false,91705.2730,91705.2730,91705.2730,91705.2730
2026-07-13T10:46:40.124Z,digitalsurge,90155.37,91000.28,90577.82,50,false,91455.2814,91455.2814,91455.2814,91455.2814
2026-07-13T10:46:40.124Z,independentreserve,90584.03,90638.97,90606.01,50,false,91092.1648,91092.1849,91092.1849,91159.9701
2026-07-13T10:46:40.124Z,btcmarkets,90540,90615,90594.18,85,false,91385.2275,91400.1791,91428.7380,91477.4184
2026-07-13T10:46:40.124Z,coinjar,90600,90710,90750,10,false,90800.7100,90800.7100,90800.7100,90917.6346
2026-07-13T10:46:40.124Z,kraken,90581.4,90589.8,90589.8,40,false,90952.1592,90960.3920,90960.3920,90969.1882
2026-07-13T10:46:40.124Z,krakeninstant,90581.4,90589.8,90589.8,100,false,91495.6980,91495.6980,91495.6980,91495.6980
2026-07-13T10:46:40.124Z,okx,90526.9,90559.5,90804.4,70,false,91193.4165,91193.4165,91197.8515,91772.3864
2026-07-13T10:46:40.124Z,pepperstone,90492.9,90631.4,90562.15,0,false,90631.4000,90637.4950,90696.1395,90771.8530
2026-07-13T10:46:40.124Z,swyftx,90106.26050799,91079.95391236,90593.10721017499,60,false,91626.4336,91626.4336,91626.4336,91626.4336
2026-07-13T13:55:37.481Z,coinspot,89700,89746.4,89827.4,100,false,90643.8640,90643.8640,90643.8640,90643.8640
2026-07-13T13:55:37.481Z,digitalsurge,89232.88,90077.32,89655.1,50,false,90527.7066,90527.7066,90527.7066,90527.7066
2026-07-13T13:55:37.481Z,independentreserve,89629.79,89703.99,89754.99,50,false,90152.5099,90153.5250,90176.6536,90219.2016
2026-07-13T13:55:37.481Z,btcmarkets,89613.59,89694,90085.99,85,false,90456.3990,90456.3889,90456.3889,90587.8220
2026-07-13T13:55:37.481Z,coinjar,89660,89730,89820,10,false,89819.7300,89832.5634,89839.0313,89928.9051
2026-07-13T13:55:37.481Z,kraken,89596.1,89630,89611.9,40,false,89988.5200,89988.5200,90006.5711,90046.5808
2026-07-13T13:55:37.481Z,krakeninstant,89596.1,89630,89611.9,100,false,90526.3000,90526.3000,90526.3000,90526.3000
2026-07-13T13:55:37.481Z,okx,89587.9,89643.2,89710,70,false,90270.7024,90270.7024,90272.8721,90954.4868
2026-07-13T13:55:37.481Z,pepperstone,89489.9,89674.3,89582.1,0,false,89674.3000,89678.9032,89714.8987,89766.4314
2026-07-13T13:55:37.481Z,swyftx,89137.35514098,90106.73476855,89622.044954765,60,false,90647.3752,90647.3752,90647.3752,90647.3752
2026-07-13T17:46:34.564Z,coinspot,89650,89879.47,89650,100,false,90778.2647,90778.2647,90778.2647,90778.2647
2026-07-13T17:46:34.564Z,digitalsurge,89266.18,90115.48,89690.83,50,false,90566.0574,90566.0574,90566.0574,90566.0574
2026-07-13T17:46:34.564Z,independentreserve,89683,89743.99,89718,50,false,90192.7099,90189.6949,90190.4941,90269.6317
2026-07-13T17:46:34.564Z,btcmarkets,89647.02,89733.89,89631.9,85,false,90496.6281,90518.5327,90518.5346,91044.1887
2026-07-13T17:46:34.564Z,coinjar,89620,89730,89620,10,false,89819.7300,89819.7300,89819.7300,89889.3530
2026-07-13T17:46:34.564Z,kraken,89623.5,89643.1,89510.2,40,false,90001.6724,90002.0984,90013.7306,90028.2531
2026-07-13T17:46:34.564Z,krakeninstant,89623.5,89643.1,89510.2,100,false,90539.5310,90539.5310,90539.5310,90539.5310
2026-07-13T17:46:34.564Z,okx,89627.6,89664.2,89485.4,70,false,90291.8494,90291.8494,90295.6009,91000.3812
2026-07-13T17:46:34.564Z,pepperstone,89519.7,89719.3,89619.5,0,false,89719.3000,89722.2086,89764.6084,89827.9431
2026-07-13T17:46:34.564Z,swyftx,89132.37270656,90101.50640381,89616.939555185,60,false,90642.1154,90642.1154,90642.1154,90642.1154
2026-07-13T20:45:57.389Z,coinspot,89811.24,90012.6,90000,100,false,90912.7260,90912.7260,90912.7260,90912.7260
2026-07-13T20:45:57.389Z,digitalsurge,89391.64,90241.55,89816.59,50,false,90692.7577,90692.7577,90692.7577,90692.7577
2026-07-13T20:45:57.389Z,independentreserve,89765.01,89841.99,89862.99,50,false,90291.1999,90291.1999,90291.1999,90346.9252
2026-07-13T20:45:57.389Z,btcmarkets,89773.01,89859.46,89868,85,false,90623.2654,90623.2654,90623.2673,90646.4742
2026-07-13T20:45:57.389Z,coinjar,89660,89750,89740,10,false,89839.7500,89839.7500,89839.7500,90062.7399
2026-07-13T20:45:57.389Z,kraken,89719.4,89747.7,89905,40,false,90106.6908,90108.2405,90117.0410,90131.9169
2026-07-13T20:45:57.389Z,krakeninstant,89719.4,89747.7,89905,100,false,90645.1770,90645.1770,90645.1770,90645.1770
2026-07-13T20:45:57.389Z,okx,89734.4,89776.4,89485.4,70,false,90404.8348,90404.8348,90408.8573,91135.3204
2026-07-13T20:45:57.389Z,pepperstone,89648.5,89839.7,89744.1,0,false,89839.7000,89845.0821,89887.9359,89940.5466
2026-07-13T20:45:57.389Z,swyftx,89262.39937539,90232.79291768,89747.596146535,60,false,90774.1897,90774.1897,90774.1897,90774.1897
2026-07-14T01:12:49.001Z,coinspot,90300,90301.3,90301.29,100,false,91204.3130,91204.3130,91204.3130,91204.3130
2026-07-14T01:12:49.001Z,digitalsurge,89778.34,90701.72,90240.03,50,false,91155.2286,91155.2286,91155.2286,91155.2286
2026-07-14T01:12:49.001Z,independentreserve,90175.03,90225,90198,50,false,90676.1250,90697.2300,90739.9141,90781.7527
2026-07-14T01:12:49.001Z,btcmarkets,90089.59,90317.61,90122.02,85,false,91085.3097,91090.2614,91090.2614,91143.3303
2026-07-14T01:12:49.001Z,coinjar,90130,90190,90250,10,false,90280.1900,90280.1900,90280.1900,90476.9518
2026-07-14T01:12:49.001Z,kraken,90221.3,90254.6,90241.4,40,false,90615.6184,90615.6184,90615.7938,90622.5617
2026-07-14T01:12:49.001Z,krakeninstant,90221.3,90254.6,90241.4,100,false,91157.1460,91157.1460,91157.1460,91157.1460
2026-07-14T01:12:49.001Z,okx,90201.1,90227.2,89626,70,false,90858.7904,90849.4253,90853.5746,91418.7844
2026-07-14T01:12:49.001Z,pepperstone,90116,90301.9,90208.95,0,false,90301.9000,90306.8823,90348.6561,90394.7400
2026-07-14T01:12:49.001Z,swyftx,89703.31420154,90678.54560864,90190.92990508999,60,false,91222.6169,91222.6169,91222.6169,91222.6169
2026-07-14T06:01:38.445Z,coinspot,90252.71,90499.31,90499.31,100,false,91404.3031,91404.3031,91404.3031,91404.3031
2026-07-14T06:01:38.445Z,digitalsurge,89884.57,90740.17,90312.37,50,false,91193.8708,91193.8708,91193.8708,91193.8708
2026-07-14T06:01:38.445Z,independentreserve,90322.01,90399.61,90376.98,50,false,90851.6080,90851.8090,90851.8158,90851.8206
2026-07-14T06:01:38.445Z,btcmarkets,90268.05,90355.99,90351.99,85,false,91124.0159,91124.0159,91124.0159,91290.4029
2026-07-14T06:01:38.445Z,coinjar,90180,90320,90320,10,false,90410.3200,90410.3200,90410.3200,90472.0023
2026-07-14T06:01:38.445Z,kraken,90383.5,90389.3,90404.9,40,false,90750.8572,90755.6504,90765.1079,90778.0310
2026-07-14T06:01:38.445Z,krakeninstant,90383.5,90389.3,90404.9,100,false,91293.1930,91293.1930,91293.1930,91293.1930
2026-07-14T06:01:38.445Z,okx,90328.1,90352.2,90376.1,70,false,90984.6654,90984.6654,90988.1233,91565.1736
2026-07-14T06:01:38.445Z,binance,90522.80947709999,90522.82392153,90522.816699315,10,false,90613.3467,90613.3467,90613.3467,90613.4511
2026-07-14T06:01:38.445Z,kucoin,90514.8650406,90515.0094849,90512.9872647,10,false,90605.5245,90605.5245,90607.4446,90637.8538
2026-07-14T06:01:38.445Z,cryptocom,90515.11059591,90515.12504033999,90515.117818125,50,false,90967.7007,90967.7007,90967.7007,90973.5565
2026-07-14T06:01:38.445Z,coinbase,90494.32506114,90494.33950557,90494.32506114,60,false,91037.3055,91037.3055,91040.8176,91045.3042
2026-07-14T06:01:38.445Z,pepperstone,90387.2,90436.3,90411.75,0,false,90436.3000,90433.6693,90475.0948,90530.2376
2026-07-14T06:01:38.445Z,swyftx,89867.93550885,90845.23280484,90356.584156845,60,false,91390.3042,91390.3042,91390.3042,91390.3042
2026-07-14T09:42:28.491Z,coinspot,90066,90163.39,90066,100,false,91065.0239,91065.0239,91065.0239,91065.0239
2026-07-14T09:42:28.491Z,digitalsurge,89551.94,90382.6,89967.27,50,false,90834.5130,90834.5130,90834.5130,90834.5130
2026-07-14T09:42:28.491Z,independentreserve,89947.01,90017.96,90010.95,50,false,90468.0498,90468.0498,90468.0498,90468.0553
2026-07-14T09:42:28.491Z,btcmarkets,89934,89999.95,90000.28,85,false,90764.9496,90764.9597,90764.9763,90769.9678
2026-07-14T09:42:28.491Z,coinjar,89770,89860,89850,10,false,89949.8600,89949.8600,89949.8600,90027.1770
2026-07-14T09:42:28.491Z,kraken,89967.5,89983.8,89973.4,40,false,90343.7352,90343.7352,90343.7633,90368.9748
2026-07-14T09:42:28.491Z,krakeninstant,89967.5,89983.8,89973.4,100,false,90883.6380,90883.6380,90883.6380,90883.6380
2026-07-14T09:42:28.491Z,okx,89943.2,89973.2,90224.3,70,false,90603.0124,90603.0124,90607.2328,91256.8872
2026-07-14T09:42:28.491Z,binance,90058.76704824998,90058.78145263999,90058.774250445,10,false,90148.8402,90148.8402,90148.8402,90149.4449
2026-07-14T09:42:28.491Z,kucoin,90056.39032389999,90056.53436779998,90056.39032389999,10,false,90146.5909,90146.5909,90151.1116,90171.7900
2026-07-14T09:42:28.491Z,cryptocom,90052.93327029998,90052.94767468999,90052.94047249499,50,false,90503.2124,90503.2124,90504.4198,90511.4420
2026-07-14T09:42:28.491Z,coinbase,90031.93166968,90031.94607406999,90031.93166968,60,false,90572.1378,90572.1378,90572.1488,90579.5841
2026-07-14T09:42:28.491Z,pepperstone,89853.8,90034.9,89944.35,0,false,90034.9000,90039.3524,90075.5736,90132.0745
2026-07-14T09:42:28.491Z,swyftx,89478.33455286,90445.39182355,89961.863188205,60,false,90988.0642,90988.0642,90988.0642,90988.0642
2026-07-14T13:00:03.412Z,coinspot,91499.08,91879.75,91500,100,false,92798.5475,92798.5475,92798.5475,92798.5475
2026-07-14T13:00:03.412Z,digitalsurge,91245.29,92149.47,91697.38,50,false,92610.2173,92610.2173,92610.2173,92610.2173
2026-07-14T13:00:03.412Z,independentreserve,91606.24,91694,91645,50,false,92152.4700,92143.4250,92217.8592,92331.4065
2026-07-14T13:00:03.412Z,btcmarkets,91634.57,91759.33,91720.99,85,false,92539.2843,92500.6184,92518.7916,92572.8131
2026-07-14T13:00:03.412Z,coinjar,91550,91700,91410,10,false,91791.7000,91791.7000,91791.7000,91882.4600
2026-07-14T13:00:03.412Z,kraken,91649.9,91650,91650,40,false,92016.6000,92074.5845,92101.1012,92128.6969
2026-07-14T13:00:03.412Z,krakeninstant,91649.9,91650,91650,100,false,92566.5000,92566.5000,92566.5000,92566.5000
2026-07-14T13:00:03.412Z,okx,91659.3,91714.6,91300,70,false,92356.6022,92355.1924,92362.5999,93077.1230
2026-07-14T13:00:03.412Z,binance,91809.2546371,91809.26900145,91809.261819275,10,false,91901.0783,91901.0783,91901.0783,91902.7798
2026-07-14T13:00:03.412Z,kucoin,91794.516814,91794.6604575,91817.06884349999,10,false,91886.4551,91895.6575,91907.5131,91958.7081
2026-07-14T13:00:03.412Z,cryptocom,91793.78423214999,91793.7985965,91793.791414325,50,false,92252.7676,92264.4465,92264.4465,92267.1065
2026-07-14T13:00:03.412Z,coinbase,91785.2949013,91785.30926565,91789.10145404999,60,false,92336.0211,92335.4663,92338.3278,92346.1527
2026-07-14T13:00:03.412Z,pepperstone,91517.4,91834.5,91675.95,0,false,91834.5000,91834.5000,91893.4735,91992.9797
2026-07-14T13:00:03.412Z,swyftx,91154.08580528,92184.61462961,91669.350217445,60,false,92737.7223,92737.7223,92737.7223,92737.7223
2026-07-14T16:58:34.241Z,coinspot,92753.08,92805.25,92753.08,100,false,93733.3025,93733.3025,93733.3025,93733.3025
2026-07-14T16:58:34.241Z,digitalsurge,92221.29,93005.7,92613.49,50,false,93470.7285,93470.7285,93470.7285,93470.7285
2026-07-14T16:58:34.241Z,independentreserve,92590.12,92777.82,92790.61,50,false,93241.7091,93242.0106,93242.0124,93244.9947
2026-07-14T16:58:34.241Z,btcmarkets,92573.38,92611.93,92878,85,false,93399.1314,93399.1516,93399.1516,93475.4355
2026-07-14T16:58:34.241Z,coinjar,92510,92620,92780,10,false,92712.6200,92712.6200,92712.6200,92859.5201
2026-07-14T16:58:34.241Z,kraken,92701.1,92722.6,92782.4,40,false,93093.4904,93096.8036,93096.8295,93105.8950
2026-07-14T16:58:34.241Z,krakeninstant,92701.1,92722.6,92782.4,100,false,93649.8260,93649.8260,93649.8260,93649.8260
2026-07-14T16:58:34.241Z,okx,92673.3,92709.3,92731.6,70,false,93358.2651,93358.2651,93364.3628,93914.8673
2026-07-14T16:58:34.241Z,binance,92847.64631141999,92847.66066575999,92847.65348858999,10,false,92940.5083,92940.5083,92940.5083,92942.3713
2026-07-14T16:58:34.241Z,kucoin,92848.3209654,92848.46450879998,92848.46450879998,10,false,92941.3130,92941.3130,92946.6720,92968.7789
2026-07-14T16:58:34.241Z,cryptocom,92843.67015923999,92843.68451358,92843.67733641,50,false,93307.9029,93307.9029,93307.9029,93311.1443
2026-07-14T16:58:34.241Z,coinbase,92848.98126503998,92848.99561937999,92848.98126503998,60,false,93406.0896,93406.0896,93406.0896,93409.4812
2026-07-14T16:58:34.241Z,pepperstone,92608.4,92796.6,92702.5,0,false,92796.6000,92799.0555,92827.5346,92900.9809
2026-07-14T16:58:34.241Z,swyftx,92209.85940052,93213.39280505,92711.626102785,60,false,93772.6732,93772.6732,93772.6732,93772.6732
2026-07-14T20:47:01.035Z,coinspot,92292.44,92610.85,92613.06,100,false,93536.9585,93536.9585,93536.9585,93536.9585
2026-07-14T20:47:01.035Z,digitalsurge,91934.79,92808.93,92371.86,50,false,93272.9746,93272.9746,93272.9746,93272.9746
2026-07-14T20:47:01.035Z,independentreserve,92314.01,92495.86,92356.77,50,false,92958.3393,92958.4699,92958.4724,93005.6326
2026-07-14T20:47:01.035Z,btcmarkets,92332.01,92418.99,92378.85,85,false,93204.5514,93164.0702,93164.0757,93215.7759
2026-07-14T20:47:01.035Z,coinjar,92300,92380,92400,10,false,92472.3800,92472.3800,92472.3800,92653.9059
2026-07-14T20:47:01.035Z,kraken,92421.9,92446.8,92425.4,40,false,92816.5872,92820.3189,92832.7407,92855.7057
2026-07-14T20:47:01.035Z,krakeninstant,92421.9,92446.8,92425.4,100,false,93371.2680,93371.2680,93371.2680,93371.2680
2026-07-14T20:47:01.035Z,okx,92426.6,92472.6,92570.9,70,false,93119.9082,93120.0089,93120.7321,93667.4827
2026-07-14T20:47:01.035Z,binance,92621.57299394999,92621.58735829999,92621.580176125,10,false,92714.2089,92714.2089,92714.2089,92723.2007
2026-07-14T20:47:01.035Z,kucoin,92623.914383,92624.0580265,92601.64964049999,10,false,92716.6821,92716.6821,92721.9686,92746.5929
2026-07-14T20:47:01.035Z,cryptocom,92613.27039964999,92613.284764,92613.277581825,50,false,93076.3512,93076.4230,93077.2029,93088.6311
2026-07-14T20:47:01.035Z,coinbase,92590.97692844999,92590.99129279998,92590.97692844999,60,false,93146.5372,93149.8429,93151.2848,93156.3370
2026-07-14T20:47:01.035Z,pepperstone,92355.5,92533.4,92444.45,0,false,92533.4000,92582.5000,92582.5000,92618.4094
2026-07-14T20:47:01.035Z,swyftx,91908.4718307,92908.6678084,92408.56981955,60,false,93466.1198,93466.1198,93466.1198,93466.1198
2026-07-15T01:09:33.009Z,coinspot,92620,92743.99,92620,100,false,93671.4299,93671.4299,93671.4299,93671.4299
2026-07-15T01:09:33.009Z,digitalsurge,92138.26,92974.63,92556.44,50,false,93439.5031,93439.5031,93439.5031,93439.5031
2026-07-15T01:09:33.009Z,independentreserve,92570.01,92621,92662.98,50,false,93084.1050,93102.7809,93106.7580,93230.8189
2026-07-15T01:09:33.009Z,btcmarkets,92492.01,92684.99,92706.82,85,false,93472.8124,93361.7221,93461.7006,93517.1463
2026-07-15T01:09:33.009Z,coinjar,92530,92620,92640,10,false,92712.6200,92712.6200,92712.6200,92859.8339
2026-07-15T01:09:33.009Z,kraken,92666.5,92682,92696.2,40,false,93052.7280,93038.4115,93038.6459,93050.4899
2026-07-15T01:09:33.009Z,krakeninstant,92666.5,92682,92696.2,100,false,93608.8200,93608.8200,93608.8200,93608.8200
2026-07-15T01:09:33.009Z,okx,92610.4,92650.6,93012.8,70,false,93299.1542,93268.3400,93272.4249,93877.8919
2026-07-15T01:09:33.009Z,binance,92812.63479488,92812.64913921,92812.641967045,10,false,92905.4618,92905.4618,92905.4618,92905.4618
2026-07-15T01:09:33.009Z,kucoin,92810.683966,92810.82740929999,92824.59796609999,10,false,92903.6382,92903.6382,92913.0367,92968.3743
2026-07-15T01:09:33.009Z,cryptocom,92808.90526907999,92808.91961340999,92808.91244124499,50,false,93272.9642,93272.9642,93272.9642,93274.3528
2026-07-15T01:09:33.009Z,coinbase,93168.372670952,93168.387070836,93168.372670952,60,false,93727.3974,93727.3974,93727.3974,93729.6597
2026-07-15T01:09:33.009Z,pepperstone,92547.1,92726.7,92636.9,0,false,92726.7000,92731.4100,92785.4875,92836.8278
2026-07-15T01:09:33.009Z,swyftx,92161.59545855,93164.74715459,92663.17130657,60,false,93723.7356,93723.7356,93723.7356,93723.7356
2026-07-15T06:04:20.289Z,coinspot,92552.79,92877.23,92649.20357373,100,false,93806.0023,93806.0023,93806.0023,93806.0023
2026-07-15T06:04:20.289Z,digitalsurge,92306.19,93133.24,92719.72,50,false,93598.9062,93598.9062,93598.9062,93598.9062
2026-07-15T06:04:20.289Z,independentreserve,92706,92795.97,92855.94,50,false,93259.9498,93259.9699,93259.9715,93365.7841
2026-07-15T06:04:20.289Z,btcmarkets,92700,92738.91,92700,85,false,93527.1907,93535.6117,93535.6171,93562.7805
2026-07-15T06:04:20.289Z,coinjar,92590,92710,92520,10,false,92802.7100,92802.7100,92802.7100,92908.9935
2026-07-15T06:04:20.289Z,kraken,92770.3,92816,92855,40,false,93187.2640,93187.2640,93187.2640,93199.3756
2026-07-15T06:04:20.289Z,krakeninstant,92770.3,92816,92855,100,false,93744.1600,93744.1600,93744.1600,93744.1600
2026-07-15T06:04:20.289Z,okx,92743,92775.9,92500,70,false,93425.3313,93425.3313,93427.9885,94009.6461
2026-07-15T06:04:20.289Z,binance,92870.20280537999,92870.21712968999,92870.20996753499,10,false,92963.0873,92963.0873,92963.0873,92963.2130
2026-07-15T06:04:20.289Z,kucoin,92871.66388499999,92871.80712809999,92883.8395485,10,false,92964.6789,92964.6789,92969.3121,93018.7970
2026-07-15T06:04:20.289Z,cryptocom,92872.55199221999,92872.56631652998,92872.55915437499,50,false,93336.9291,93336.9291,93336.9291,93340.6154
2026-07-15T06:04:20.289Z,coinbase,93300.33169490402,93300.346087746,93300.86423005801,60,false,93860.1482,93860.6839,93860.6839,93864.9729
2026-07-15T06:04:20.289Z,pepperstone,92677,92865.6,92771.3,0,false,92865.6000,92869.2082,92911.4987,92969.8269
2026-07-15T06:04:20.289Z,swyftx,92276.34048721,93280.83616944,92778.588328325,60,false,93840.5212,93840.5212,93840.5212,93840.5212
2026-07-15T09:46:12.677Z,coinspot,92482.78,93010.83,93015.6,100,false,93940.9383,93940.9383,93940.9383,93940.9383
2026-07-15T09:46:12.677Z,digitalsurge,92120.01,92975.36,92547.68,50,false,93440.2368,93440.2368,93440.2368,93440.2368
2026-07-15T09:46:12.677Z,independentreserve,92605,92618,92581,50,false,93081.0900,93081.0900,93081.0900,93132.0231
2026-07-15T09:46:12.677Z,btcmarkets,92513.02,92581.72,92638.01,85,false,93368.6646,93368.6848,93368.6902,93401.1837
2026-07-15T09:46:12.677Z,coinjar,92500,92600,92720,10,false,92692.6000,92692.6000,92722.6260,93088.4279
2026-07-15T09:46:12.677Z,kraken,92569.9,92575.2,92587.5,40,false,92945.5008,92945.4525,92948.3167,92970.3894
2026-07-15T09:46:12.677Z,krakeninstant,92569.9,92575.2,92587.5,100,false,93500.9520,93500.9520,93500.9520,93500.9520
2026-07-15T09:46:12.677Z,okx,92545.9,92584.2,92578.4,70,false,93232.2894,93232.2894,93232.6752,93825.2493
2026-07-15T09:46:12.677Z,binance,92655.92545208998,92655.93977639999,92655.93261424499,10,false,92748.5957,92748.5957,92748.5957,92759.7961
2026-07-15T09:46:12.677Z,kucoin,92661.38301419998,92661.52625729999,92653.93437299998,10,false,92754.1878,92754.1878,92760.0434,92784.1954
2026-07-15T09:46:12.677Z,cryptocom,92660.39463680999,92660.40896111999,92660.40179896499,50,false,93123.7110,93123.7110,93123.7110,93131.2767
2026-07-15T09:46:12.677Z,coinbase,93080.077231996,93080.091623832,93080.077231996,60,false,93638.5722,93638.8718,93641.7795,93644.9775
2026-07-15T09:46:12.677Z,pepperstone,92472.7,92662,92567.35,0,false,92662.0000,92664.9780,92698.8364,92747.0495
2026-07-15T09:46:12.677Z,swyftx,92034.84855708,93043.21779983,92539.03317845499,60,false,93601.4771,93601.4771,93601.4771,93601.4771
2026-07-15T13:03:22.824Z,coinspot,93250,93400,93250,100,false,94334.0000,94334.0000,94334.0000,94334.0000
2026-07-15T13:03:22.824Z,digitalsurge,92929.76,93797.12,93363.44,50,false,94266.1056,94266.1056,94266.1056,94266.1056
2026-07-15T13:03:22.824Z,independentreserve,93359.39,93359.41,93300,50,false,93826.2070,93867.3285,93899.4739,94065.8614
2026-07-15T13:03:22.824Z,btcmarkets,93359.52,93400,93359.52,85,false,94193.9000,94196.2275,94225.8813,94282.9645
2026-07-15T13:03:22.824Z,coinjar,93260,93400,93060,10,false,93493.4000,93493.4000,93493.4000,93702.1951
2026-07-15T13:03:22.824Z,kraken,93344.7,93344.8,93305.7,40,false,93718.1792,93753.1517,93765.9299,93794.6410
2026-07-15T13:03:22.824Z,krakeninstant,93344.7,93344.8,93305.7,100,false,94278.2480,94278.2480,94278.2480,94278.2480
2026-07-15T13:03:22.824Z,okx,93351.3,93413.1,93333,70,false,94066.9917,94080.1834,94081.1097,94542.9744
2026-07-15T13:03:22.824Z,binance,93543.77872839998,93543.79304269998,93543.78588554998,10,false,93637.3368,93637.3368,93637.3368,93637.4207
2026-07-15T13:03:22.824Z,kucoin,93544.80935799998,93544.95250099998,93510.02560899999,10,false,93638.4975,93638.4975,93647.4639,93688.7319
2026-07-15T13:03:22.824Z,cryptocom,93549.37561969999,93549.38993399999,93549.38277684998,50,false,94017.1369,94017.1369,94017.1369,94023.5183
2026-07-15T13:03:22.824Z,coinbase,93894.448854206,93902.72754207799,93901.405251654,60,false,94466.1439,94462.3412,94464.2886,94479.7357
2026-07-15T13:03:22.824Z,pepperstone,93272.4,93463.7,93368.04999999999,0,false,93463.7000,93481.6878,93520.1572,93585.5563
2026-07-15T13:03:22.824Z,swyftx,92787.04520286,93790.71947743,93288.882340145,60,false,94353.4638,94353.4638,94353.4638,94353.4638
2026-07-15T17:01:16.119Z,coinspot,92945.33,93000,93000,100,false,93930.0000,93930.0000,93930.0000,93930.0000
2026-07-15T17:01:16.119Z,digitalsurge,92615.58,93556.04,93085.81,50,false,94023.8202,94023.8202,94023.8202,94023.8202
2026-07-15T17:01:16.119Z,independentreserve,93069.01,93158,93172,50,false,93623.7900,93621.7800,93624.6522,93647.3378
2026-07-15T17:01:16.119Z,btcmarkets,93088,93159.95,93173.8,85,false,93951.8096,93961.8542,93961.8596,94022.6028
2026-07-15T17:01:16.119Z,coinjar,92920,93060,92580,10,false,93153.0600,93153.0600,93153.0600,93339.2955
2026-07-15T17:01:16.119Z,kraken,93017.6,93017.7,92866.7,40,false,93389.7708,93389.7708,93456.7631,93498.0347
2026-07-15T17:01:16.119Z,krakeninstant,93017.6,93017.7,92866.7,100,false,93947.8770,93947.8770,93947.8770,93947.8770
2026-07-15T17:01:16.119Z,okx,93036.9,93072.4,93108.2,70,false,93723.9068,93723.9068,93729.8500,94268.3319
2026-07-15T17:01:16.119Z,binance,93266.81430065999,93266.82862496999,93266.82146281499,10,false,93360.0955,93360.0955,93360.0955,93360.2827
2026-07-15T17:01:16.119Z,kucoin,93263.72024969998,93263.8634928,93263.8634928,10,false,93357.1274,93357.1274,93367.7722,93439.8077
2026-07-15T17:01:16.119Z,cryptocom,93263.89214141999,93263.90646572999,93263.89930357499,50,false,93730.2260,93730.2260,93730.2260,93732.5914
2026-07-15T17:01:16.119Z,coinbase,93554.965160566,93554.979533288,93554.979533288,60,false,94116.3094,94116.3094,94120.8139,94127.6406
2026-07-15T17:01:16.119Z,pepperstone,92936,93125.2,93030.6,0,false,93125.2000,93128.0725,93163.1058,93224.9007
2026-07-15T17:01:16.119Z,swyftx,92539.13391743,93546.62431124,93042.879114335,60,false,94107.9041,94107.9041,94107.9041,94107.9041
2026-07-15T20:46:28.442Z,coinspot,92989.24,92999.86,92989.24,100,false,93929.8586,93929.8586,93929.8586,93929.8586
2026-07-15T20:46:28.442Z,digitalsurge,92252.14,93098.12,92675.13,50,false,93563.6106,93563.6106,93563.6106,93563.6106
2026-07-15T20:46:28.442Z,independentreserve,92706.01,92736,92816.97,50,false,93199.6800,93251.2130,93253.3326,93267.5323
2026-07-15T20:46:28.442Z,btcmarkets,92645.72,92703.96,92711.94,85,false,93491.9437,93491.9437,93491.9491,93570.8998
2026-07-15T20:46:28.442Z,coinjar,92610,92690,92690,10,false,92782.6900,92782.6900,92782.6900,92966.8767
2026-07-15T20:46:28.442Z,kraken,92671.1,92692.6,92709,40,false,93063.3704,93063.3704,93066.1150,93104.1313
2026-07-15T20:46:28.442Z,krakeninstant,92671.1,92692.6,92709,100,false,93619.5260,93619.5260,93619.5260,93619.5260
2026-07-15T20:46:28.442Z,okx,92676.8,92723.6,92432,70,false,93372.6652,93372.6652,93373.5532,93978.4617
2026-07-15T20:46:28.442Z,binance,92854.09909775997,92854.11339203999,92854.10624489999,10,false,92946.9675,92946.9675,92946.9675,92953.4543
2026-07-15T20:46:28.442Z,kucoin,92862.64707719999,92862.79001999999,92859.35939279998,10,false,92955.6528,92955.6528,92958.6271,93003.9463
2026-07-15T20:46:28.442Z,cryptocom,92850.85429619998,92850.86859047998,92850.86144333998,50,false,93315.1229,93315.1229,93315.1229,93318.4387
2026-07-15T20:46:28.442Z,coinbase,93212.92274013,93212.93709072,93212.92274013,60,false,93772.2147,93772.2147,93772.2147,93773.3607
2026-07-15T20:46:28.442Z,pepperstone,92606.5,92790.2,92698.35,0,false,92790.2000,92793.8247,92835.8304,92891.5987
2026-07-15T20:46:28.442Z,swyftx,92202.71857826,93206.75808689,92704.738332575,60,false,93765.9986,93765.9986,93765.9986,93765.9986
2026-07-16T01:18:53.062Z,coinspot,92145,92383.48,92490.47,100,false,93307.3148,93307.3148,93307.3148,93307.3148
2026-07-16T01:18:53.062Z,digitalsurge,91642.03,92493.55,92067.79,50,false,92956.0177,92956.0177,92956.0177,92956.0177
2026-07-16T01:18:53.062Z,independentreserve,92008,92044.21,91457.7,50,false,92504.4310,92504.4310,92511.7157,92563.0114
2026-07-16T01:18:53.062Z,btcmarkets,92042,92101.94,92311,85,false,92884.8065,92919.1056,92923.5503,92968.5238
2026-07-16T01:18:53.062Z,coinjar,91940,92040,92200,10,false,92132.0400,92133.6333,92156.0799,92360.3635
2026-07-16T01:18:53.062Z,kraken,92079.2,92079.3,92134.5,40,false,92447.6172,92438.7900,92438.9440,92499.1827
2026-07-16T01:18:53.062Z,krakeninstant,92079.2,92079.3,92134.5,100,false,93000.0930,93000.0930,93000.0930,93000.0930
2026-07-16T01:18:53.062Z,okx,92032.8,92071.2,92278.7,70,false,92715.6984,92726.3726,92733.1585,93989.6096
2026-07-16T01:18:53.062Z,binance,92139.25961239998,92139.27392669999,92139.26676954998,10,false,92231.4132,92231.4132,92231.4132,92231.4132
2026-07-16T01:18:53.062Z,kucoin,92150.16710899999,92150.31025199998,92148.73567899999,10,false,92242.4606,92242.4606,92243.0175,92300.4456
2026-07-16T01:18:53.062Z,cryptocom,92140.19004189999,92140.20435619997,92140.19719904999,50,false,92600.9054,92600.9054,92600.9054,92602.5630
2026-07-16T01:18:53.062Z,coinbase,92560.709982204,92561.069551754,92551.202963302,60,false,93116.4360,93122.2715,93122.9078,93128.3627
2026-07-16T01:18:53.062Z,pepperstone,91949.1,92138.7,92043.9,0,false,92138.7000,92141.7176,92173.5605,92252.9901
2026-07-16T01:18:53.062Z,swyftx,91650.52237673,92641.76796068,92146.145168705,60,false,93197.6186,93197.6186,93197.6186,93197.6186
2026-07-16T06:07:39.226Z,coinspot,92800,92920.29,92800,100,false,93849.4929,93849.4929,93849.4929,93849.4929
2026-07-16T06:07:39.226Z,digitalsurge,92236.51,93106.19,92671.35,50,false,93571.7209,93571.7209,93571.7209,93571.7209
2026-07-16T06:07:39.226Z,independentreserve,92623.25,92711.94,92609.29,50,false,93175.4997,93175.4997,93175.4997,93241.6864
2026-07-16T06:07:39.226Z,btcmarkets,92630.02,92712,92776.99,85,false,93500.0520,93519.7208,93540.3231,93609.3736
2026-07-16T06:07:39.226Z,coinjar,92520,92660,92730,10,false,92752.6600,92752.6600,92772.9942,92971.6239
2026-07-16T06:07:39.226Z,kraken,92678.4,92700.4,92701.2,40,false,93071.2016,93071.2016,93080.8054,93115.3903
2026-07-16T06:07:39.226Z,krakeninstant,92678.4,92700.4,92701.2,100,false,93627.4040,93627.4040,93627.4040,93627.4040
2026-07-16T06:07:39.226Z,okx,92662.8,92712.3,92236,70,false,93361.2861,93361.2861,93368.5179,93972.4360
2026-07-16T06:07:39.226Z,binance,92750.10348604,92750.11779033,92750.110638185,10,false,92842.8679,92842.8679,92842.8679,92842.8679
2026-07-16T06:07:39.226Z,kucoin,92753.59373279999,92753.7367757,92753.7367757,10,false,92846.4905,92846.4905,92853.8006,92920.6436
2026-07-16T06:07:39.226Z,cryptocom,92747.55732242,92747.57162670999,92747.56447456499,50,false,93211.3095,93211.3095,93211.3095,93214.5598
2026-07-16T06:07:39.226Z,coinbase,93201.813373482,93201.827750228,93201.813373482,60,false,93761.0387,93761.0387,93761.0387,93767.5479
2026-07-16T06:07:39.226Z,pepperstone,92586.9,92770.9,92678.9,0,false,92770.9000,92773.9422,92809.0927,92861.0560
2026-07-16T06:07:39.226Z,swyftx,92187.99883045,93191.66640716,92689.832618805,60,false,93750.8164,93750.8164,93750.8164,93750.8164
2026-07-16T09:52:23.923Z,coinspot,91501.19,91596.5,91596.5,100,false,92512.4650,92512.4650,92512.4650,92512.4650
2026-07-16T09:52:23.923Z,digitalsurge,91108.56,91954.23,91531.39,50,false,92414.0011,92414.0011,92414.0011,92414.0011
2026-07-16T09:52:23.923Z,independentreserve,91534.04,91600.89,91600.97,50,false,92058.8944,92058.8944,92058.8944,92097.5469
2026-07-16T09:52:23.923Z,btcmarkets,91497.26,91564.91,91542.27,85,false,92343.2117,92343.2117,92343.2163,92381.6734
2026-07-16T09:52:23.923Z,coinjar,91390,91530,91540,10,false,91621.5300,91621.5300,91629.2005,91812.0533
2026-07-16T09:52:23.923Z,kraken,91543.4,91569.7,91535.6,40,false,91935.9788,91937.6205,91942.8253,91954.1171
2026-07-16T09:52:23.923Z,krakeninstant,91543.4,91569.7,91535.6,100,false,92485.3970,92485.3970,92485.3970,92485.3970
2026-07-16T09:52:23.923Z,okx,91526.7,91560.3,91615.3,70,false,92201.2221,92201.2221,92206.5242,92986.3952
2026-07-16T09:52:23.923Z,binance,91453.57082862,91453.58510287998,91453.57796575,10,false,91545.0387,91545.0387,91545.0387,91545.0581
2026-07-16T09:52:23.923Z,kucoin,91455.897533,91456.04027559998,91455.897533,10,false,91547.4963,91547.4963,91549.2797,91580.9613
2026-07-16T09:52:23.923Z,cryptocom,91448.58911187999,91448.60338613999,91448.59624900998,50,false,91905.8464,91905.8464,91905.8464,91913.4749
2026-07-16T09:52:23.923Z,coinbase,92036.89895175,92036.913320448,92036.89895175,60,false,92589.1348,92589.1348,92589.7791,92597.6704
2026-07-16T09:52:23.923Z,pepperstone,91436.8,91622.3,91529.55,0,false,91622.3000,91625.9929,91662.3577,91712.2561
2026-07-16T09:52:23.923Z,swyftx,91042.23784589,92033.5081231,91537.872984495,60,false,92585.7092,92585.7092,92585.7092,92585.7092
2026-07-16T13:11:58.249Z,coinspot,91510,91644.5,91531.79,100,false,92560.9450,92560.9450,92560.9450,92560.9450
2026-07-16T13:11:58.249Z,digitalsurge,90969.9,91835.81,91402.85,50,false,92294.9890,92294.9890,92294.9890,92294.9890
2026-07-16T13:11:58.249Z,independentreserve,91395,91464.99,91335.01,50,false,91922.3149,91922.3149,91922.3149,91982.2610
2026-07-16T13:11:58.249Z,btcmarkets,91358.01,91446.99,91386.99,85,false,92224.2894,92224.2894,92230.4299,92312.8492
2026-07-16T13:11:58.249Z,coinjar,91280,91420,91290,10,false,91511.4200,91511.4200,91532.1542,91898.5817
2026-07-16T13:11:58.249Z,kraken,91400.7,91422.8,91372.8,40,false,91788.4912,91789.8988,91804.9885,91847.3874
2026-07-16T13:11:58.249Z,krakeninstant,91400.7,91422.8,91372.8,100,false,92337.0280,92337.0280,92337.0280,92337.0280
2026-07-16T13:11:58.249Z,okx,91403.8,91448.7,91380.7,70,false,92088.8409,92088.8409,92098.3523,92939.2205
2026-07-16T13:11:58.249Z,binance,91544.80022687998,91544.81452115998,91544.80737401998,10,false,91636.3593,91636.3593,91636.3593,91637.0900
2026-07-16T13:11:58.249Z,kucoin,91539.13969199998,91539.28263479998,91560.43816919999,10,false,91630.8219,91630.8219,91636.5252,91667.1366
2026-07-16T13:11:58.249Z,cryptocom,91534.20816539999,91534.22245967998,91534.21531253998,50,false,91991.8936,91991.8936,91991.8936,91994.8864
2026-07-16T13:11:58.249Z,coinbase,91926.46179583999,91926.476153472,91926.46179583999,60,false,92478.0350,92478.0350,92478.0350,92485.2185
2026-07-16T13:11:58.249Z,pepperstone,91327.1,91507.2,91417.15,0,false,91507.2000,91510.7740,91545.4459,91595.5743
2026-07-16T13:11:58.249Z,swyftx,90924.30162718,91914.38325644,91419.34244181,60,false,92465.8696,92465.8696,92465.8696,92465.8696
2026-07-16T16:59:15.779Z,coinspot,91999,92344.48,92200,100,false,93267.9248,93267.9248,93267.9248,93267.9248
2026-07-16T16:59:15.779Z,digitalsurge,91747.53,92614.07,92180.8,50,false,93077.1404,93077.1404,93077.1404,93077.1404
2026-07-16T16:59:15.779Z,independentreserve,92156,92236.99,92115,50,false,92698.1750,92698.1750,92698.1750,92725.5504
2026-07-16T16:59:15.779Z,btcmarkets,92138.95,92221.96,92057,85,false,93005.8467,93001.5404,93003.3641,93022.5717
2026-07-16T16:59:15.779Z,coinjar,92080,92170,92080,10,false,92262.1700,92262.1700,92262.1700,92397.7995
2026-07-16T16:59:15.779Z,kraken,92152.7,92171.4,92134.5,40,false,92540.0856,92544.2020,92545.6014,92587.5505
2026-07-16T16:59:15.779Z,krakeninstant,92152.7,92171.4,92134.5,100,false,93093.1140,93093.1140,93093.1140,93093.1140
2026-07-16T16:59:15.779Z,okx,92149.6,92200.2,92222.7,70,false,92845.6014,92845.6014,92852.9333,93526.7093
2026-07-16T16:59:15.779Z,binance,92280.88529659998,92280.89961089999,92280.89245374998,10,false,92373.1805,92373.1805,92373.1805,92378.8288
2026-07-16T16:59:15.779Z,kucoin,92275.98980599998,92276.13294899999,92296.60239799999,10,false,92368.4091,92368.4091,92373.4697,92431.0507
2026-07-16T16:59:15.779Z,cryptocom,92281.4006114,92281.41492569998,92281.40776854998,50,false,92742.8220,92742.8220,92742.8220,92745.5180
2026-07-16T16:59:15.779Z,coinbase,92683.274118026,92683.28849678401,92683.274118026,60,false,93239.3882,93239.3882,93239.3925,93242.0539
2026-07-16T16:59:15.779Z,pepperstone,92058.7,92256.5,92157.6,0,false,92256.5000,92259.9289,92296.7113,92347.9225
2026-07-16T16:59:15.779Z,swyftx,91665.4481011,92663.39833818,92164.42321964001,60,false,93219.3787,93219.3787,93219.3787,93219.3787
2026-07-16T20:42:01.835Z,coinspot,91640.01,91806.1,91867.5,100,false,92724.1610,92724.1610,92724.1610,92724.1610
2026-07-16T20:42:01.835Z,digitalsurge,91171.76,92022.6,91597.18,50,false,92482.7130,92482.7130,92482.7130,92482.7130
2026-07-16T20:42:01.835Z,independentreserve,91573.4,91614,91670,50,false,92072.0700,92111.6444,92155.1599,92187.2265
2026-07-16T20:42:01.835Z,btcmarkets,91560.73,91632.99,91656,85,false,92411.8704,92411.8704,92416.9115,92465.1369
2026-07-16T20:42:01.835Z,coinjar,91420,91580,91690,10,false,91671.5800,91671.5800,91671.5800,91869.5048
2026-07-16T20:42:01.835Z,kraken,91583.9,91614.9,91662.8,40,false,91981.3596,91981.6332,91990.9162,92004.6964
2026-07-16T20:42:01.835Z,krakeninstant,91583.9,91614.9,91662.8,100,false,92531.0490,92531.0490,92531.0490,92531.0490
2026-07-16T20:42:01.835Z,okx,91588.4,91621.4,92222.7,70,false,92262.7498,92262.7498,92266.8856,93066.3564
2026-07-16T20:42:01.835Z,binance,91687.79538919,91687.80969348,91687.80254133501,10,false,91779.4975,91779.4975,91779.4975,91779.4975
2026-07-16T20:42:01.835Z,kucoin,91688.6393423,91688.7823852,91679.77068249999,10,false,91780.4712,91780.4712,91783.0395,91822.4986
2026-07-16T20:42:01.835Z,cryptocom,91679.09838087,91679.11268516,91679.105533015,50,false,92137.5082,92137.5082,92137.5082,92138.0965
2026-07-16T20:42:01.835Z,coinbase,92099.374264932,92099.388636648,92099.388636648,60,false,92651.9850,92651.9850,92652.0816,92654.8811
2026-07-16T20:42:01.835Z,pepperstone,91496.6,91692.6,91594.6,0,false,91692.6000,91695.6560,91726.0245,91777.6118
2026-07-16T20:42:01.835Z,swyftx,91095.34826663,92080.71571536,91588.03199099499,60,false,92633.2000,92633.2000,92633.2000,92633.2000
2026-07-17T01:22:06.687Z,coinspot,91144.67,91363.74,91146.65,100,false,92277.3774,92277.3774,92277.3774,92277.3774
2026-07-17T01:22:06.687Z,digitalsurge,90751.82,91627.94,91189.88,50,false,92086.0797,92086.0797,92086.0797,92086.0797
2026-07-17T01:22:06.687Z,independentreserve,91139,91230.96,91208.99,50,false,91687.1148,91687.1148,91688.5091,91741.5164
2026-07-17T01:22:06.687Z,btcmarkets,91139,91240,91202.9,85,false,92015.5400,92013.5028,92013.5028,92057.4610
2026-07-17T01:22:06.687Z,coinjar,91030,91160,91230,10,false,91251.1600,91251.1600,91251.1600,91388.4640
2026-07-17T01:22:06.687Z,kraken,91197.8,91209.4,91187.9,40,false,91574.2376,91573.2336,91578.1026,91600.6285
2026-07-17T01:22:06.687Z,krakeninstant,91197.8,91209.4,91187.9,100,false,92121.4940,92121.4940,92121.4940,92121.4940
2026-07-17T01:22:06.687Z,okx,91166.4,91219.3,91433.2,70,false,91857.8351,91857.8351,91860.4243,92741.8858
2026-07-17T01:22:06.687Z,binance,91316.92806235999,91316.94236665,91316.93521450499,10,false,91408.2593,91408.2593,91408.2593,91408.2593
2026-07-17T01:22:06.687Z,kucoin,91316.5847594,91316.7278023,91262.2284574,10,false,91408.0445,91408.0445,91408.5748,91441.1658
2026-07-17T01:22:06.687Z,cryptocom,91308.15953259,91308.17383688,91308.166684735,50,false,91764.7147,91764.7183,91767.6104,91771.4326
2026-07-17T01:22:06.687Z,coinbase,92326.940214114,92326.954679388,92328.632651172,60,false,92880.9164,92880.0578,92884.1084,92889.6481
2026-07-17T01:22:06.687Z,pepperstone,91088.4,91266.9,91177.65,0,false,91266.9000,91270.6885,91318.3966,91363.3495
2026-07-17T01:22:06.687Z,swyftx,90656.1539405,91643.23963801,91149.69678925499,60,false,92193.0991,92193.0991,92193.0991,92193.0991
2026-07-17T06:06:49.885Z,coinspot,89800,89800,89800,100,false,90698.0000,90698.0000,90698.0000,90698.0000
2026-07-17T06:06:49.885Z,digitalsurge,89676.42,90530.23,90103.33,50,false,90982.8811,90982.8811,90982.8811,90982.8811
2026-07-17T06:06:49.885Z,independentreserve,90098.01,90146.99,90146.99,50,false,90597.7249,90597.7249,90597.7249,90619.3876
2026-07-17T06:06:49.885Z,btcmarkets,90049.01,90136.96,90084,85,false,90903.1242,90917.2734,90923.3482,90948.5627
2026-07-17T06:06:49.885Z,coinjar,89970,90120,90120,10,false,90210.1200,90200.1100,90200.1100,90402.6861
2026-07-17T06:06:49.885Z,kraken,90123.9,90140.4,90174.2,40,false,90500.9616,90507.6305,90511.5847,90565.6113
2026-07-17T06:06:49.885Z,krakeninstant,90123.9,90140.4,90174.2,100,false,91041.8040,91041.8040,91041.8040,91041.8040
2026-07-17T06:06:49.885Z,okx,90115.5,90155.8,90062,70,false,90786.8906,90786.8906,90795.8798,90975.5084
2026-07-17T06:06:49.885Z,binance,90190.12234231998,90190.13667663999,90190.12950947999,10,false,90280.3268,90280.3268,90280.3268,90280.3268
2026-07-17T06:06:49.885Z,kucoin,90192.83152879999,90192.97487199999,90209.45933999999,10,false,90283.1678,90281.5895,90288.3768,90351.5752
2026-07-17T06:06:49.885Z,cryptocom,90183.57155807999,90183.58589239999,90183.57872523999,50,false,90634.5038,90634.5038,90634.5038,90638.3100
2026-07-17T06:06:49.885Z,coinbase,90619.64743439999,90619.66184032,90619.64743439999,60,false,91163.3798,91172.0607,91172.0607,91172.2266
2026-07-17T06:06:49.885Z,pepperstone,90013.5,90216.7,90115.1,0,false,90216.7000,90219.8883,90246.3580,90309.0674
2026-07-17T06:06:49.885Z,swyftx,89553.40482682,90528.16754673,90040.78618677499,60,false,91071.3366,91071.3366,91071.3366,91071.3366
2026-07-17T09:43:02.272Z,coinspot,90145.28,90417.63,90440.02,100,false,91321.8063,91321.8063,91321.8063,91321.8063
2026-07-17T09:43:02.272Z,digitalsurge,89921.88,90768.29,90345.08,50,false,91222.1314,91222.1314,91222.1314,91222.1314
2026-07-17T09:43:02.272Z,independentreserve,90242.01,90312.93,90257.71,50,false,90764.4946,90764.5147,90764.5147,90838.3040
2026-07-17T09:43:02.272Z,btcmarkets,90305.02,90383.99,90215.52,85,false,91152.2539,91154.9671,91173.6945,91222.1854
2026-07-17T09:43:02.272Z,coinjar,90230,90370,90120,10,false,90460.3700,90460.3700,90460.3700,90684.8428
2026-07-17T09:43:02.272Z,kraken,90376.9,90390.7,90333.2,40,false,90752.2628,90751.4596,90757.9485,90783.2160
2026-07-17T09:43:02.272Z,krakeninstant,90376.9,90390.7,90333.2,100,false,91294.6070,91294.6070,91294.6070,91294.6070
2026-07-17T09:43:02.272Z,okx,90310.8,90349.6,90147.8,70,false,90982.0472,90982.0472,90982.5995,91178.5241
2026-07-17T09:43:02.272Z,binance,90445.79201658,90445.80637091999,90445.79919374999,10,false,90536.2522,90536.2522,90536.2522,90536.2522
2026-07-17T09:43:02.272Z,kucoin,90449.42366459999,90449.567208,90427.31798099999,10,false,90540.0168,90541.1658,90568.5465,90582.8027
2026-07-17T09:43:02.272Z,cryptocom,90446.61021396,90446.62456829999,90446.61739112998,50,false,90898.8577,90898.8577,90898.8577,90903.6353
2026-07-17T09:43:02.272Z,coinbase,90883.738931794,90883.75335884,90883.738931794,60,false,91429.0559,91429.0559,91429.0683,91433.5061
2026-07-17T09:43:02.272Z,pepperstone,90275.6,90462.5,90369.05,0,false,90462.5000,90466.8471,90503.9730,90534.5384
2026-07-17T09:43:02.272Z,swyftx,89827.07452371,90798.27874814,90312.676635925,60,false,91343.0684,91343.0684,91343.0684,91343.0684
2026-07-17T12:56:42.047Z,coinspot,90400,90618.87,90569.01160999,100,false,91525.0587,91525.0587,91525.0587,91525.0587
2026-07-17T12:56:42.047Z,digitalsurge,90061.82,90913.91,90487.87,50,false,91368.4795,91368.4795,91368.4795,91368.4795
2026-07-17T12:56:42.047Z,independentreserve,90373,90456.95,90383,50,false,90909.2347,90909.2548,90909.2548,90965.7822
2026-07-17T12:56:42.047Z,btcmarkets,90446.05,90528.99,90410.99,85,false,91298.4864,91284.3069,91284.3069,91325.1920
2026-07-17T12:56:42.047Z,coinjar,90330,90490,90530,10,false,90580.4900,90580.4900,90582.1664,90903.5334
2026-07-17T12:56:42.047Z,kraken,90521.1,90531.5,90478.3,40,false,90893.6260,90893.6260,90893.7072,90909.0169
2026-07-17T12:56:42.047Z,krakeninstant,90521.1,90531.5,90478.3,100,false,91436.8150,91436.8150,91436.8150,91436.8150
2026-07-17T12:56:42.047Z,okx,90421.2,90465.9,90597.6,70,false,91099.1613,91099.1613,91100.4365,92089.1074
2026-07-17T12:56:42.047Z,binance,90567.96180432,90567.97615865999,90567.96898148999,10,false,90658.5441,90658.5441,90658.5441,90658.5441
2026-07-17T12:56:42.047Z,kucoin,90559.52145239999,90559.66499579999,90567.27279599999,10,false,90650.2247,90654.3916,90659.1445,90708.1902
2026-07-17T12:56:42.047Z,cryptocom,90567.97615865999,90567.990513,90567.98333582998,50,false,91020.8305,91020.8305,91020.8305,91024.7802
2026-07-17T12:56:42.047Z,coinbase,91000.47123934,91000.48566437399,91000.47123934,60,false,91546.4886,91546.4886,91546.4886,91549.9011
2026-07-17T12:56:42.047Z,pepperstone,90378.8,90587.7,90483.25,0,false,90587.7000,90592.2157,90631.3497,90674.5738
2026-07-17T12:56:42.047Z,swyftx,90034.88647536,91008.32942493,90521.607950145,60,false,91554.3794,91554.3794,91554.3794,91554.3794
2026-07-17T16:55:54.795Z,coinspot,90836.04,91000,91000,100,false,91910.0000,91910.0000,91910.0000,91910.0000
2026-07-17T16:55:54.795Z,digitalsurge,90574.11,91412.02,90993.07,50,false,91869.0801,91869.0801,91869.0801,91869.0801
2026-07-17T16:55:54.795Z,independentreserve,90946,91018.99,91570.61,50,false,91474.0849,91486.1450,91503.0329,91555.2108
2026-07-17T16:55:54.795Z,btcmarkets,90937.09,91019,91026.99,85,false,91792.6615,91803.7612,91849.9893,91894.6659
2026-07-17T16:55:54.795Z,coinjar,90870,91040,90700,10,false,91131.0400,91111.0200,91111.0989,91254.8393
2026-07-17T16:55:54.795Z,kraken,91031.7,91045.4,91082.6,40,false,91409.5816,91409.5816,91416.8860,91441.6151
2026-07-17T16:55:54.795Z,krakeninstant,91031.7,91045.4,91082.6,100,false,91955.8540,91955.8540,91955.8540,91955.8540
2026-07-17T16:55:54.795Z,okx,90968.1,91016,90624.2,70,false,91653.1120,91628.2391,91632.4310,92502.9504
2026-07-17T16:55:54.795Z,binance,91130.53974023998,91130.55407455999,91130.54690739998,10,false,91221.6846,91221.6846,91221.6846,91223.4324
2026-07-17T16:55:54.795Z,kucoin,91133.59295039998,91133.7362936,91128.57593839998,10,false,91224.8700,91224.8700,91228.4447,91285.8997
2026-07-17T16:55:54.795Z,cryptocom,91142.76691519999,91142.78124951999,91142.77408235999,50,false,91598.4952,91598.4952,91598.4952,91604.3481
2026-07-17T16:55:54.795Z,coinbase,91544.13543030599,91544.149829184,91544.13543030599,60,false,92093.4147,92087.6786,92090.0114,92104.5214
2026-07-17T16:55:54.795Z,pepperstone,90939,91140.4,91039.7,0,false,91140.4000,91113.3319,91166.2198,91229.6229
2026-07-17T16:55:54.795Z,swyftx,90577.70841624,91563.6381109,91070.67326357,60,false,92113.0199,92113.0199,92113.0199,92113.0199
2026-07-17T20:40:32.421Z,coinspot,91416.3,91758.47,91778.96,100,false,92676.0547,92676.0547,92676.0547,92676.0547
2026-07-17T20:40:32.421Z,digitalsurge,91094.37,92056.95,91575.66,50,false,92517.2347,92517.2347,92517.2347,92517.2347
2026-07-17T20:40:32.421Z,independentreserve,91514,91584.92,92207.99,50,false,92042.8446,92042.8647,92042.8647,92054.5772
2026-07-17T20:40:32.421Z,btcmarkets,91497,91584,91604,85,false,92362.4640,92447.4402,92447.4489,92473.7548
2026-07-17T20:40:32.421Z,coinjar,91480,91590,91570,10,false,91681.5900,91681.5900,91681.6984,91992.5372
2026-07-17T20:40:32.421Z,kraken,91561.4,91583.4,91637.8,40,false,91949.7336,91982.7979,91984.3046,91993.7170
2026-07-17T20:40:32.421Z,krakeninstant,91561.4,91583.4,91637.8,100,false,92499.2340,92499.2340,92499.2340,92499.2340
2026-07-17T20:40:32.421Z,okx,91510.3,91566.4,91776.4,70,false,92207.3648,92207.3648,92212.8095,93007.3810
2026-07-17T20:40:32.421Z,binance,91719.45340557999,91719.46774990999,91719.46057774499,10,false,91811.1872,91811.1872,91811.1872,91813.8714
2026-07-17T20:40:32.421Z,kucoin,91717.93290659999,91718.07634989999,91721.3755458,10,false,91809.7944,91809.7944,91815.3246,91856.9009
2026-07-17T20:40:32.421Z,cryptocom,91714.40420141998,91714.41854574998,91714.41137358498,50,false,92172.9906,92172.9906,92172.9906,92176.1143
2026-07-17T20:40:32.421Z,coinbase,92093.21458527999,92093.63235695999,92092.98409056,60,false,92646.1942,92641.3381,92643.9867,92649.1785
2026-07-17T20:40:32.421Z,pepperstone,91483.9,91684.7,91584.29999999999,0,false,91684.7000,91687.9334,91721.3616,91776.5077
2026-07-17T20:40:32.421Z,swyftx,91072.08698951,92063.31287733,91567.69993342,60,false,92615.6928,92615.6928,92615.6928,92615.6928
2026-07-18T01:14:39.531Z,coinspot,91600,91636.34,91682.7,100,false,92552.7034,92552.7034,92552.7034,92552.7034
2026-07-18T01:14:39.531Z,digitalsurge,91019.18,91901.64,91460.41,50,false,92361.1482,92361.1482,92361.1482,92361.1482
2026-07-18T01:14:39.531Z,independentreserve,91393.6,91513.22,91514.82,50,false,91970.7861,91970.7861,91970.7861,92009.0240
2026-07-18T01:14:39.531Z,btcmarkets,91407.48,91512.57,91372.66,85,false,92290.4268,92291.0925,92291.0925,92337.9350
2026-07-18T01:14:39.531Z,coinjar,91450,91590,91590,10,false,91681.5900,91768.4881,91789.3783,92009.2042
2026-07-18T01:14:39.531Z,kraken,91461.7,91482.7,91481,40,false,91848.6308,91856.1683,91860.6160,91890.7383
2026-07-18T01:14:39.531Z,krakeninstant,91461.7,91482.7,91481,100,false,92397.5270,92397.5270,92397.5270,92397.5270
2026-07-18T01:14:39.531Z,okx,91278,91625.8,91323.1,70,false,92267.1806,92271.2119,92280.3625,92505.2579
2026-07-18T01:14:39.531Z,binance,91650.35676796999,91650.37111229998,91650.363940135,10,false,91742.0215,91742.0215,91742.0215,91743.4435
2026-07-18T01:14:39.531Z,kucoin,91643.62927719999,91643.7727205,91630.14560699998,10,false,91735.4165,91735.4165,91737.3730,91766.8148
2026-07-18T01:14:39.531Z,cryptocom,91646.68461948998,91646.69896381999,91646.691791655,50,false,92104.9325,92104.9325,92104.9325,92111.5190
2026-07-18T01:14:39.531Z,coinbase,92019.78761104,92019.80201695999,92019.80201695999,60,false,92571.9208,92571.9208,92571.9208,92572.4710
2026-07-18T01:14:39.531Z,pepperstone,91382,91566.2,91474.1,0,false,91566.2000,91570.6423,91614.0719,91661.7087
2026-07-18T01:14:39.531Z,swyftx,90937.87566102,92017.65003225,91477.76284663501,60,false,92569.7559,92569.7559,92569.7559,92569.7559
2026-07-18T05:54:36.713Z,coinspot,91569.69,91754.14,91816.09,100,false,92671.6814,92671.6814,92671.6814,92671.6814
2026-07-18T05:54:36.713Z,digitalsurge,91055.4,91956.22,91505.81,50,false,92416.0011,92416.0011,92416.0011,92416.0011
2026-07-18T05:54:36.713Z,independentreserve,91426.38,91449,91570.18,50,false,91906.2450,92023.0177,92027.8280,92073.3219
2026-07-18T05:54:36.713Z,btcmarkets,91443.9,91566.85,91380.81,85,false,92345.1682,92345.6120,92345.6120,92365.5973
2026-07-18T05:54:36.713Z,coinjar,91460,91690,91680,10,false,91781.6900,91781.6900,91781.6900,92029.4840
2026-07-18T05:54:36.713Z,kraken,91535.9,91565.8,91566.9,40,false,91932.0632,91932.6987,91937.8059,91961.9326
2026-07-18T05:54:36.713Z,krakeninstant,91535.9,91565.8,91566.9,100,false,92481.4580,92481.4580,92481.4580,92481.4580
2026-07-18T05:54:36.713Z,okx,91393.1,91692.5,91701.8,70,false,92334.3475,92339.6081,92354.7169,92511.7020
2026-07-18T05:54:36.713Z,binance,91706.98818280999,91707.00252714,91706.99535497499,10,false,91798.7095,91798.7095,91798.7095,91798.7095
2026-07-18T05:54:36.713Z,kucoin,91706.170556,91706.3139993,91710.90418489999,10,false,91798.0203,91798.0203,91801.7094,91851.9342
2026-07-18T05:54:36.713Z,cryptocom,91707.20334775999,91707.21769209,91707.21051992499,50,false,92165.7538,92165.7538,92165.7538,92169.0497
2026-07-18T05:54:36.713Z,coinbase,92082.65504592,92082.66945183999,92082.65504592,60,false,92635.1655,92635.1655,92636.2737,92640.1942
2026-07-18T05:54:36.713Z,pepperstone,91436.4,91620.9,91528.65,0,false,91620.9000,91624.8614,91663.8643,91705.7127
2026-07-18T05:54:36.713Z,swyftx,90986.30459088,92066.71619287,91526.510391875,60,false,92619.1165,92619.1165,92619.1165,92619.1165
2026-07-18T09:13:08.874Z,coinspot,91772,91807.66,91832.1,100,false,92725.7366,92725.7366,92725.7366,92725.7366
2026-07-18T09:13:08.874Z,digitalsurge,91060.11,91963.53,91511.82,50,false,92423.3476,92423.3476,92423.3476,92423.3476
2026-07-18T09:13:08.874Z,independentreserve,91452.3,91620.05,92123.39,50,false,92078.1502,92078.1502,92078.1502,92098.1387
2026-07-18T09:13:08.874Z,btcmarkets,91448.67,91574.07,91592.58,85,false,92352.4496,92352.9135,92352.9135,92373.8981
2026-07-18T09:13:08.874Z,coinjar,91470,91710,91490,10,false,91801.7100,91801.7100,91801.7100,91943.9923
2026-07-18T09:13:08.874Z,kraken,91531.4,91558.6,91572.9,40,false,91924.8344,91924.8344,91924.8344,91954.5303
2026-07-18T09:13:08.874Z,krakeninstant,91531.4,91558.6,91572.9,100,false,92474.1860,92474.1860,92474.1860,92474.1860
2026-07-18T09:13:08.874Z,okx,91370.5,91703.5,91727.3,70,false,92345.4245,92348.5410,92356.6493,93093.3518
2026-07-18T09:13:08.874Z,binance,91708.0353189,91708.04966322999,91708.04249106499,10,false,91799.7577,91799.7577,91799.7577,91799.7577
2026-07-18T09:13:08.874Z,kucoin,91705.88366939999,91706.02711269999,91705.88366939999,10,false,91797.7331,91797.7331,91800.4200,91847.8015
2026-07-18T09:13:08.874Z,cryptocom,91711.16238283999,91711.17672717,91711.16955500499,50,false,92169.7326,92169.7326,92169.7326,92174.5508
2026-07-18T09:13:08.874Z,coinbase,92085.904795122,92085.91920003599,92085.904795122,60,false,92638.4347,92638.4347,92638.4347,92639.8408
2026-07-18T09:13:08.874Z,pepperstone,91440.7,91628.3,91534.5,0,false,91628.3000,91632.3750,91672.5355,91723.5439
2026-07-18T09:13:08.874Z,swyftx,90999.24240863,92079.79307869,91539.51774365999,60,false,92632.2718,92632.2718,92632.2718,92632.2718
2026-07-18T12:43:27.242Z,coinspot,91705.57,92000,92000,100,false,92920.0000,92920.0000,92920.0000,92920.0000
2026-07-18T12:43:27.242Z,digitalsurge,91394.34,92266.72,91830.53,50,false,92728.0536,92728.0536,92728.0536,92728.0536
2026-07-18T12:43:27.242Z,independentreserve,91761.46,91934.13,91798.97,50,false,92393.8006,92393.8006,92393.8006,92410.8245
2026-07-18T12:43:27.242Z,btcmarkets,91784.3,91875.85,91748.72,85,false,92656.7947,92657.4402,92657.4402,92677.6157
2026-07-18T12:43:27.242Z,coinjar,91900,92100,91900,10,false,92192.1000,92192.1000,92210.3374,92425.6825
2026-07-18T12:43:27.242Z,kraken,91760.2,91760.3,91747.4,40,false,92127.3412,92127.3412,92152.2265,92226.0011
2026-07-18T12:43:27.242Z,krakeninstant,91760.2,91760.3,91747.4,100,false,92677.9030,92677.9030,92677.9030,92677.9030
2026-07-18T12:43:27.242Z,okx,91689.8,91993.8,91727.3,70,false,92637.7566,92639.1005,92645.5229,93328.6413
2026-07-18T12:43:27.242Z,binance,91876.42515050998,91876.43947481998,91876.43231266498,10,false,91968.3159,91968.3159,91968.3159,91970.2491
2026-07-18T12:43:27.242Z,kucoin,91875.26488139998,91875.40812449998,91866.24056609998,10,false,91967.2835,91967.2835,91970.8611,91999.4076
2026-07-18T12:43:27.242Z,cryptocom,91880.80838936998,91880.82271367998,91880.81555152498,50,false,92340.2268,92340.2268,92340.2268,92348.4933
2026-07-18T12:43:27.242Z,coinbase,92391.50356479999,92391.51797072,92391.50356479999,60,false,92945.8671,92945.8671,92948.1335,92950.6665
2026-07-18T12:43:27.242Z,pepperstone,91753.8,91938,91845.9,0,false,91938.0000,91941.5618,91978.1346,92025.4012
2026-07-18T12:43:27.242Z,swyftx,91288.30838943,92378.73915637,91833.5237729,60,false,92933.0116,92933.0116,92933.0116,92933.0116
2026-07-18T16:40:56.224Z,coinspot,91750,92000,91999,100,false,92920.0000,92920.0000,92920.0000,92920.0000
2026-07-18T16:40:56.224Z,digitalsurge,91311.84,92261.17,91786.51,50,false,92722.4758,92722.4758,92722.4758,92722.4758
2026-07-18T16:40:56.224Z,independentreserve,91717.15,91865.2,91865.57,50,false,92324.5260,92324.5260,92324.5260,92355.2255
2026-07-18T16:40:56.224Z,btcmarkets,91701.44,91870.52,91890.61,85,false,92651.4194,92652.5792,92652.5792,92697.8455
2026-07-18T16:40:56.224Z,coinjar,91810,91980,91810,10,false,92071.9800,92071.9800,92090.3680,92358.8812
2026-07-18T16:40:56.224Z,kraken,91800.9,91816.3,91828,40,false,92183.5652,92184.4167,92186.3272,92218.3025
2026-07-18T16:40:56.224Z,krakeninstant,91800.9,91816.3,91828,100,false,92734.4630,92734.4630,92734.4630,92734.4630
2026-07-18T16:40:56.224Z,okx,91570.5,91931.6,91923.1,70,false,92575.1212,92580.3246,92592.1644,93304.8752
2026-07-18T16:40:56.224Z,binance,91878.84858151998,91878.86291583999,91878.85574868,10,false,91970.7418,91970.7418,91970.7418,91971.0871
2026-07-18T16:40:56.224Z,kucoin,91881.4144248,91881.55776799998,91888.72492799998,10,false,91973.4393,91973.4393,91975.2485,92019.9993
2026-07-18T16:40:56.224Z,cryptocom,91884.03760535999,91884.05193967998,91884.04477251999,50,false,92343.4722,92343.4722,92343.4722,92344.8474
2026-07-18T16:40:56.224Z,coinbase,92221.245034368,92221.259424192,92221.245034368,60,false,92774.5870,92774.5870,92776.9486,92779.1432
2026-07-18T16:40:56.224Z,pepperstone,91683.7,91867.2,91775.45,0,false,91867.2000,91871.1181,91910.9699,91962.3115
2026-07-18T16:40:56.224Z,swyftx,91233.85462709,92317.17519025,91775.51490867,60,false,92871.0782,92871.0782,92871.0782,92871.0782
2026-07-18T20:34:44.215Z,coinspot,92500,92521,92521,100,false,93446.2100,93446.2100,93446.2100,93446.2100
2026-07-18T20:34:44.215Z,digitalsurge,92089.35,92994.76,92542.06,50,false,93459.7338,93459.7338,93459.7338,93459.7338
2026-07-18T20:34:44.215Z,independentreserve,92467.99,92614.69,93091.48,50,false,93077.7634,93077.7735,93077.7817,93077.7834
2026-07-18T20:34:44.215Z,btcmarkets,92482.27,92601.01,92629.78,85,false,93388.1186,93388.1085,93388.1707,93511.1392
2026-07-18T20:34:44.215Z,coinjar,92510,92640,92650,10,false,92732.6400,92732.6400,92734.7301,92989.6965
2026-07-18T20:34:44.215Z,kraken,92498.1,92528.9,92534.5,40,false,92899.0156,92904.7211,92906.7227,92935.2032
2026-07-18T20:34:44.215Z,krakeninstant,92498.1,92528.9,92534.5,100,false,93454.1890,93454.1890,93454.1890,93454.1890
2026-07-18T20:34:44.215Z,okx,92286,92639.4,92200,70,false,93287.8758,93289.7343,93294.2644,93893.3521
2026-07-18T20:34:44.215Z,binance,92515.97694339,92515.99126769998,92515.98410554498,10,false,92608.5073,92608.5073,92608.5073,92609.4398
2026-07-18T20:34:44.215Z,kucoin,92522.15072099998,92522.29396409998,92518.28315729999,10,false,92614.8163,92614.8163,92616.9253,92658.8180
2026-07-18T20:34:44.215Z,cryptocom,92528.33882291999,92528.35314723,92528.34598507498,50,false,92990.9949,92990.9949,92990.9949,92992.5039
2026-07-18T20:34:44.215Z,coinbase,92933.92984761599,92933.94423744,92933.92984761599,60,false,93491.5479,93491.7850,93492.0016,93494.6070
2026-07-18T20:34:44.215Z,pepperstone,92395.2,92579.5,92487.35,0,false,92579.5000,92582.9712,92621.9653,92672.2247
2026-07-18T20:34:44.215Z,swyftx,91937.98188614,93029.63111881,92483.806502475,60,false,93587.8089,93587.8089,93587.8089,93587.8089
2026-07-19T01:20:09.872Z,coinspot,92886.19,92979.8,92985.4,100,false,93909.5980,93909.5980,93909.5980,93909.5980
2026-07-19T01:20:09.872Z,digitalsurge,92359.81,93270.74,92815.28,50,false,93737.0937,93737.0937,93737.0937,93737.0937
2026-07-19T01:20:09.872Z,independentreserve,92758.43,92862.47,92756.56,50,false,93326.7823,93326.7823,93326.7940,93368.1722
2026-07-19T01:20:09.872Z,btcmarkets,92760,92875.82,92903.73,85,false,93665.2645,93665.7889,93665.7889,93722.2582
2026-07-19T01:20:09.872Z,coinjar,92830,92840,92810,10,false,92932.8400,92932.8400,92932.8400,93045.3887
2026-07-19T01:20:09.872Z,kraken,92755.6,92770.8,92761.7,40,false,93141.8832,93154.8089,93163.9954,93171.2798
2026-07-19T01:20:09.872Z,krakeninstant,92755.6,92770.8,92761.7,100,false,93698.5080,93698.5080,93698.5080,93698.5080
2026-07-19T01:20:09.872Z,okx,92627.4,92846.4,92971,70,false,93496.3248,93499.7844,93508.4872,94052.9303
2026-07-19T01:20:09.872Z,binance,92864.13093957999,92864.14528390998,92864.138111745,10,false,92957.0094,92957.0094,92957.0094,92957.0094
2026-07-19T01:20:09.872Z,kucoin,92863.75798699999,92863.90143029999,92862.0366674,10,false,92956.7653,92956.7653,92962.1170,93018.4025
2026-07-19T01:20:09.872Z,cryptocom,92862.38093131999,92862.39527565,92862.38810348499,50,false,93326.7073,93326.7073,93326.7073,93331.6675
2026-07-19T01:20:09.872Z,coinbase,93250.77347504,93250.78788096,93250.78788096,60,false,93810.2926,93810.2926,93810.4348,93815.2853
2026-07-19T01:20:09.872Z,pepperstone,92626.7,92811.1,92718.9,0,false,92811.1000,92815.0517,92860.9926,92906.1841
2026-07-19T01:20:09.872Z,swyftx,92166.64772884,93260.97985102,92713.81378993,60,false,93820.5457,93820.5457,93820.5457,93820.5457
2026-07-19T06:19:29.744Z,coinspot,92975,92990,93012.5,100,false,93919.9000,93919.9000,93919.9000,93919.9000
2026-07-19T06:19:29.744Z,digitalsurge,92238.83,93117.17,92678,50,false,93582.7558,93582.7558,93582.7558,93582.7558
2026-07-19T06:19:29.744Z,independentreserve,92660.31,92799.99,92806.97,50,false,93263.9899,93265.9597,93265.9597,93311.3058
2026-07-19T06:19:29.744Z,btcmarkets,92632.26,92722.89,92723,85,false,93511.0346,93511.0749,93511.0766,93587.7378
2026-07-19T06:19:29.744Z,coinjar,92660,92770,92670,10,false,92862.7700,92862.7700,92862.7700,92966.4383
2026-07-19T06:19:29.744Z,kraken,92665.6,92700.9,92703.4,40,false,93071.7036,93071.5028,93071.6026,93090.2431
2026-07-19T06:19:29.744Z,krakeninstant,92665.6,92700.9,92703.4,100,false,93627.9090,93627.9090,93627.9090,93627.9090
2026-07-19T06:19:29.744Z,okx,92473.4,92780.6,92858.3,70,false,93430.0642,93432.2658,93438.8075,93990.7321
2026-07-19T06:19:29.744Z,binance,92783.42973899998,92783.44408332999,92783.436911165,10,false,92876.2275,92876.2275,92876.2275,92876.2275
2026-07-19T06:19:29.744Z,kucoin,92793.47076999999,92793.61421329998,92793.61421329998,10,false,92886.4078,92886.4078,92888.6540,92925.7904
2026-07-19T06:19:29.744Z,cryptocom,92782.52604621,92782.54039053999,92782.53321837499,50,false,93246.4531,93246.4531,93246.4531,93249.1482
2026-07-19T06:19:29.744Z,coinbase,93669.19838705599,93669.212869432,93669.19838705599,60,false,94231.2281,94231.2281,94231.2281,94231.2885
2026-07-19T06:19:29.744Z,pepperstone,92548.5,92733.3,92640.9,0,false,92733.3000,92737.1493,92781.3826,92829.6367
2026-07-19T06:19:29.744Z,swyftx,92093.95041497,93187.41938371,92640.68489934,60,false,93746.5439,93746.5439,93746.5439,93746.5439
2026-07-19T09:41:04.661Z,coinspot,92720,92767.7,92720,100,false,93695.3770,93695.3770,93695.3770,93695.3770
2026-07-19T09:41:04.661Z,digitalsurge,91987.24,92877.14,92432.19,50,false,93341.5257,93341.5257,93341.5257,93341.5257
2026-07-19T09:41:04.661Z,independentreserve,92388.89,92491.99,92505.98,50,false,92954.4499,92954.4499,92954.4503,93004.9645
2026-07-19T09:41:04.661Z,btcmarkets,92379.71,92514.63,92609.39,85,false,93301.0044,93301.3069,93301.3069,93307.8847
2026-07-19T09:41:04.661Z,coinjar,92390,92470,92490,10,false,92562.4700,92562.4700,92562.4700,92701.3004
2026-07-19T09:41:04.661Z,kraken,92401,92401.1,92449.1,40,false,92770.7044,92770.7044,92770.7044,92780.3673
2026-07-19T09:41:04.661Z,krakeninstant,92401,92401.1,92449.1,100,false,93325.1110,93325.1110,93325.1110,93325.1110
2026-07-19T09:41:04.661Z,okx,92155.8,92473.2,92858.3,70,false,93120.5124,93123.8576,93133.3494,93763.3584
2026-07-19T09:41:04.661Z,binance,92470.72334499999,92470.73768933,92470.730517165,10,false,92563.2084,92563.2084,92563.2084,92564.6978
2026-07-19T09:41:04.661Z,kucoin,92478.6127265,92478.75616979999,92491.66606679998,10,false,92571.2349,92571.2349,92580.3651,92637.8683
2026-07-19T09:41:04.661Z,cryptocom,92482.25618632,92482.27053065,92482.26335848498,50,false,92944.6819,92944.6819,92944.6819,92946.6405
2026-07-19T09:41:04.661Z,coinbase,93347.573780848,93347.588263224,93347.573780848,60,false,93907.6738,93907.6738,93907.6910,93914.4163
2026-07-19T09:41:04.661Z,pepperstone,92251.8,92425.1,92338.45000000001,0,false,92425.1000,92440.1916,92484.1168,92527.4859
2026-07-19T09:41:04.661Z,swyftx,91801.28571578,92891.2650898,92346.27540279,60,false,93448.6127,93448.6127,93448.6127,93448.6127
2026-07-19T12:44:47.503Z,coinspot,92300.92,92570.67,92300,100,false,93496.3767,93496.3767,93496.3767,93496.3767
2026-07-19T12:44:47.503Z,digitalsurge,91779.52,92734.71,92257.12,50,false,93198.3835,93198.3835,93198.3835,93198.3835
2026-07-19T12:44:47.503Z,independentreserve,92170.69,92227,92227,50,false,92688.1350,92807.2192,92812.0161,92845.8627
2026-07-19T12:44:47.503Z,btcmarkets,92171.08,92342.09,92095.34,85,false,93126.9978,93127.2095,93128.1771,93228.4048
2026-07-19T12:44:47.503Z,coinjar,92210,92340,92190,10,false,92432.3400,92432.3400,92432.3400,92562.9524
2026-07-19T12:44:47.503Z,kraken,92214.1,92221.6,92206,40,false,92590.4864,92614.1824,92627.9956,92639.8776
2026-07-19T12:44:47.503Z,krakeninstant,92214.1,92221.6,92206,100,false,93143.8160,93143.8160,93143.8160,93143.8160
2026-07-19T12:44:47.503Z,okx,92049.4,92320.6,92259,70,false,92966.8442,92970.4753,92979.3550,93627.7572
2026-07-19T12:44:47.503Z,binance,92402.66177141998,92402.67612575999,92402.66894858998,10,false,92495.0788,92495.0788,92495.0788,92509.2475
2026-07-19T12:44:47.503Z,kucoin,92404.77185939999,92404.91540279999,92385.96767399998,10,false,92497.3203,92497.3203,92502.7421,92517.8162
2026-07-19T12:44:47.503Z,cryptocom,92405.346033,92405.36038734,92405.35321017,50,false,92867.3872,92867.3872,92867.3872,92874.2218
2026-07-19T12:44:47.503Z,coinbase,93217.898586144,93218.521328312,93217.86962139199,60,false,93777.8325,93774.7763,93776.2788,93781.2516
2026-07-19T12:44:47.503Z,pepperstone,92101.7,92301.2,92201.45,0,false,92301.2000,92305.2244,92348.6702,92383.0428
2026-07-19T12:44:47.503Z,swyftx,91642.20563913,92730.296241,92186.250940065,60,false,93286.6780,93286.6780,93286.6780,93286.6780
2026-07-19T16:40:53.158Z,coinspot,92500,92600,92600,100,false,93526.0000,93526.0000,93526.0000,93526.0000
2026-07-19T16:40:53.158Z,digitalsurge,92008.78,92944.01,92476.4,50,false,93408.7300,93408.7300,93408.7300,93408.7300
2026-07-19T16:40:53.158Z,independentreserve,92412.35,92578.5,92578.67,50,false,93041.3925,93041.3925,93041.3925,93111.6520
2026-07-19T16:40:53.158Z,btcmarkets,92401.32,92589.61,92612.78,85,false,93376.6217,93377.7613,93377.7630,93422.1456
2026-07-19T16:40:53.158Z,coinjar,92410,92550,92390,10,false,92642.5500,92642.5500,92642.5500,92898.8221
2026-07-19T16:40:53.158Z,kraken,92400.9,92401,92395.7,40,false,92770.6040,92806.8965,92827.3050,92840.2709
2026-07-19T16:40:53.158Z,krakeninstant,92400.9,92401,92395.7,100,false,93325.0100,93325.0100,93325.0100,93325.0100
2026-07-19T16:40:53.158Z,okx,92401,92550.8,92521.4,70,false,93198.6556,93203.8876,93215.8064,93774.9536
2026-07-19T16:40:53.158Z,binance,92558.91228584,92558.92663016998,92558.919458005,10,false,92651.4856,92651.4856,92651.4856,92665.0309
2026-07-19T16:40:53.158Z,kucoin,92559.2278611,92559.37130439999,92536.99414959998,10,false,92651.9307,92651.9307,92656.0380,92675.6936
2026-07-19T16:40:53.158Z,cryptocom,92567.20330857999,92567.21765290998,92567.210480745,50,false,93030.0537,93030.0537,93030.0537,93034.8214
2026-07-19T16:40:53.158Z,coinbase,93448.2552588,93448.269741176,93448.2552588,60,false,94008.9594,94008.9594,94008.9594,94013.1522
2026-07-19T16:40:53.158Z,pepperstone,92351.6,92535.5,92443.55,0,false,92535.5000,92538.7755,92575.3359,92626.1189
2026-07-19T16:40:53.158Z,swyftx,91882.66285356,92973.59236466,92428.12760911,60,false,93531.4339,93531.4339,93531.4339,93531.4339
2026-07-19T20:35:04.593Z,coinspot,92300.92,92690.63,92645.47,100,false,93617.5363,93617.5363,93617.5363,93617.5363
2026-07-19T20:35:04.593Z,digitalsurge,91934.2,92795.6,92364.9,50,false,93259.5780,93259.5780,93259.5780,93259.5780
2026-07-19T20:35:04.593Z,independentreserve,92385.22,92495.05,92269.11,50,false,92957.5252,92957.5425,92957.5530,93055.9119
2026-07-19T20:35:04.593Z,btcmarkets,92326.44,92402.72,92402.89,85,false,93188.1431,93188.1431,93188.1431,93254.4402
2026-07-19T20:35:04.593Z,coinjar,92310,92330,92370,10,false,92422.3300,92422.3300,92516.3422,92795.4141
2026-07-19T20:35:04.593Z,kraken,92351.5,92351.6,92324.3,40,false,92721.0064,92717.5928,92721.0085,92770.6497
2026-07-19T20:35:04.593Z,krakeninstant,92351.5,92351.6,92324.3,100,false,93275.1160,93275.1160,93275.1160,93275.1160
2026-07-19T20:35:04.593Z,okx,92150.4,92861,92401,70,false,93511.0270,93511.0270,93511.1059,94123.3819
2026-07-19T20:35:04.593Z,binance,92552.65027007999,92552.66462442,92552.65744724999,10,false,92645.2173,92645.2173,92646.2112,92655.9769
2026-07-19T20:35:04.593Z,kucoin,92555.20534259999,92555.34888599999,92537.1188742,10,false,92647.9042,92647.9042,92650.4325,92686.9306
2026-07-19T20:35:04.593Z,cryptocom,92558.44942343999,92558.46377778,92558.45660060999,50,false,93021.2561,93021.2561,93021.2561,93024.9901
2026-07-19T20:35:04.593Z,coinbase,93362.418216248,93362.43269862399,93362.418216248,60,false,93922.6073,93922.6073,93922.6073,93928.9642
2026-07-19T20:35:04.593Z,pepperstone,92453.8,92639.3,92546.55,0,false,92639.3000,92642.6182,92680.2201,92730.9280
2026-07-19T20:35:04.593Z,swyftx,92020.55672321,93112.59813576,92566.577429485,60,false,93671.2737,93671.2737,93671.2737,93671.2737
2026-07-20T01:23:15.539Z,coinspot,92500,92829.59,92549.33246405,100,false,93757.8859,93757.8859,93757.8859,93757.8859
2026-07-20T01:23:15.539Z,digitalsurge,92170.59,93028.58,92599.58,50,false,93493.7229,93493.7229,93493.7229,93493.7229
2026-07-20T01:23:15.539Z,independentreserve,92689.01,92719.94,92659.01,50,false,93183.5397,93211.5038,93216.1755,93267.2401
2026-07-20T01:23:15.539Z,btcmarkets,92540,92629.99,92681,85,false,93417.3449,93417.3449,93419.4648,93490.9113
2026-07-20T01:23:15.539Z,coinjar,92550,92670,92870,10,false,92762.6700,92762.6700,92762.6700,92944.7957
2026-07-20T01:23:15.539Z,kraken,92624.7,92650.2,92584.1,40,false,93020.8008,93019.8972,93023.9325,93064.6684
2026-07-20T01:23:15.539Z,krakeninstant,92624.7,92650.2,92584.1,100,false,93576.7020,93576.7020,93576.7020,93576.7020
2026-07-20T01:23:15.539Z,okx,92598.3,92642.2,92223.4,70,false,93290.6954,93290.6954,93292.4502,93881.6508
2026-07-20T01:23:15.539Z,binance,92735.35375103998,92735.36807534998,92735.36091319499,10,false,92828.1034,92828.1034,92828.1034,92834.7780
2026-07-20T01:23:15.539Z,kucoin,92740.59644849999,92740.73969159999,92719.39646969998,10,false,92833.4804,92833.4804,92840.9281,92871.5195
2026-07-20T01:23:15.539Z,cryptocom,92730.69835028998,92730.71267459998,92730.70551244498,50,false,93194.3662,93194.3662,93194.3662,93199.3391
2026-07-20T01:23:15.539Z,coinbase,93178.38790797601,93178.402301824,93178.38790797601,60,false,93737.4727,93740.2620,93740.3960,93744.9194
2026-07-20T01:23:15.539Z,pepperstone,92557.8,92743.4,92650.6,0,false,92743.4000,92745.3588,92776.6366,92825.0041
2026-07-20T01:23:15.539Z,swyftx,92102.25059756,93104.82264734,92603.53662245,60,false,93663.4516,93663.4516,93663.4516,93663.4516
2026-07-20T06:35:53.087Z,coinspot,91601,91734.4,91675.86675,100,false,92651.7440,92651.7440,92651.7440,92651.7440
2026-07-20T06:35:53.087Z,digitalsurge,91011.73,91896.06,91453.89,50,false,92355.5403,92355.5403,92355.5403,92355.5403
2026-07-20T06:35:53.087Z,independentreserve,91450,91520,91536,50,false,91977.6000,91989.6499,91989.6499,92027.8408
2026-07-20T06:35:53.087Z,btcmarkets,91413,91501.95,91459,85,false,92279.7166,92294.7735,92294.7735,92315.3853
2026-07-20T06:35:53.087Z,coinjar,91360,91490,91700,10,false,91581.4900,91581.4900,91581.4900,91786.8118
2026-07-20T06:35:53.087Z,kraken,91473.1,91508.8,91531.4,40,false,91874.8352,91874.9264,91877.3315,91906.3859
2026-07-20T06:35:53.087Z,krakeninstant,91473.1,91508.8,91531.4,100,false,92423.8880,92423.8880,92423.8880,92423.8880
2026-07-20T06:35:53.087Z,okx,91439.4,91489.5,91650,70,false,92129.9265,92129.9265,92139.5241,92914.8722
2026-07-20T06:35:53.087Z,binance,91507.38346749998,91507.39778179998,91507.39062465,10,false,91598.9052,91607.2478,91607.6161,91612.4876
2026-07-20T06:35:53.087Z,kucoin,91490.13473599998,91490.27787899999,91506.30989499998,10,false,91581.7682,91581.7682,91584.2693,91622.2740
2026-07-20T06:35:53.087Z,cryptocom,91481.30281289999,91481.31712719999,91481.30997004999,50,false,91938.7237,91938.7237,91938.7237,91946.8919
2026-07-20T06:35:53.087Z,coinbase,91980.16265529601,91980.17704813801,91980.16265529601,60,false,92532.0581,92533.4047,92533.5922,92538.0028
2026-07-20T06:35:53.087Z,pepperstone,91364.6,91566,91465.3,0,false,91566.0000,91568.6053,91594.0697,91681.6730
2026-07-20T06:35:53.087Z,swyftx,90999.94745731,91984.11112463,91492.02929097001,60,false,92536.0158,92536.0158,92536.0158,92536.0158
2026-07-20T10:37:08.535Z,coinspot,91450.61,91878.19,92047.77,100,false,92796.9719,92796.9719,92796.9719,92796.9719
2026-07-20T10:37:08.535Z,digitalsurge,91213.57,92059.75,91636.66,50,false,92520.0487,92520.0487,92520.0487,92520.0487
2026-07-20T10:37:08.535Z,independentreserve,91637.03,91724.99,91719.99,50,false,92183.6149,92183.6149,92183.6149,92222.6280
2026-07-20T10:37:08.535Z,btcmarkets,91602.75,91669.99,91661.95,85,false,92449.1849,92449.1849,92469.6531,92534.3950
2026-07-20T10:37:08.535Z,coinjar,91580,91710,91870,10,false,91801.7100,91801.7100,91812.0029,91929.4439
2026-07-20T10:37:08.535Z,kraken,91698.5,91714.9,91666.6,40,false,92081.7596,92081.7679,92081.8508,92097.5108
2026-07-20T10:37:08.535Z,krakeninstant,91698.5,91714.9,91666.6,100,false,92632.0490,92632.0490,92632.0490,92632.0490
2026-07-20T10:37:08.535Z,okx,91652.9,91694.4,91153.5,70,false,92336.2608,92336.2608,92341.6763,93028.2743
2026-07-20T10:37:08.535Z,binance,91776.26333875999,91776.27762303,91776.27048089498,10,false,91868.0539,91868.0539,91868.0539,91869.1788
2026-07-20T10:37:08.535Z,kucoin,91778.72023319999,91778.8630759,91787.7193233,10,false,91870.6419,91870.6419,91876.2013,91900.3932
2026-07-20T10:37:08.535Z,cryptocom,91769.53544759,91769.54973186,91769.542589725,50,false,92228.3975,92228.3975,92228.3975,92233.1545
2026-07-20T10:37:08.535Z,coinbase,92197.00636574402,92197.02071734001,92197.00636574402,60,false,92750.2028,92750.2028,92750.8871,92755.5979
2026-07-20T10:37:08.535Z,pepperstone,91706.4,91764.4,91735.4,0,false,91764.4000,91768.2854,91817.7695,91873.5303
2026-07-20T10:37:08.535Z,swyftx,91198.87945869,92192.03619997,91695.45782933,60,false,92745.1884,92745.1884,92745.1884,92745.1884
2026-07-20T13:41:58.395Z,coinspot,92100,92294.63,92250,100,false,93217.5763,93217.5763,93217.5763,93217.5763
2026-07-20T13:41:58.395Z,digitalsurge,91665.93,92524.7,92095.32,50,false,92987.3235,92987.3235,92987.3235,92987.3235
2026-07-20T13:41:58.395Z,independentreserve,92094,92182.99,92133.99,50,false,92643.9049,92643.9049,92643.9049,92658.3411
2026-07-20T13:41:58.395Z,btcmarkets,92057.01,92132.97,91982.01,85,false,92916.1002,92916.1002,92916.1057,92981.6850
2026-07-20T13:41:58.395Z,coinjar,92040,92160,92180,10,false,92252.1600,92252.1600,92288.8281,92542.7215
2026-07-20T13:41:58.395Z,kraken,92121.7,92150.1,92143.1,40,false,92518.7004,92518.5722,92518.7777,92548.4989
2026-07-20T13:41:58.395Z,krakeninstant,92121.7,92150.1,92143.1,100,false,93071.6010,93071.6010,93071.6010,93071.6010
2026-07-20T13:41:58.395Z,okx,92108.8,92160.9,92305.3,70,false,92806.0263,92806.0263,92806.3083,93416.1889
2026-07-20T13:41:58.395Z,binance,92211.83379408,92211.84806833998,92211.84093120998,10,false,92304.0599,92309.9717,92311.6457,92321.9691
2026-07-20T13:41:58.395Z,kucoin,92213.860739,92214.00348159998,92198.44453819998,10,false,92306.2175,92306.2175,92315.2105,92350.8269
2026-07-20T13:41:58.395Z,cryptocom,92202.89810732,92202.91238158,92202.90524444998,50,false,92663.9269,92674.7149,92674.7149,92676.8988
2026-07-20T13:41:58.395Z,coinbase,93107.35116358001,93107.36557956,93107.35116358001,60,false,93666.0098,93666.0098,93666.0098,93674.5295
2026-07-20T13:41:58.395Z,pepperstone,92032.5,92226.5,92129.5,0,false,92226.5000,92230.5091,92273.3387,92311.9867
2026-07-20T13:41:58.395Z,swyftx,91578.81596841,92576.20576612,92077.510867265,60,false,93131.6630,93131.6630,93131.6630,93131.6630
2026-07-20T17:15:11.285Z,coinspot,93258.65,93499,93499,100,false,94433.9900,94433.9900,94433.9900,94433.9900
2026-07-20T17:15:11.285Z,digitalsurge,92941.48,93786.74,93364.11,50,false,94255.6737,94255.6737,94255.6737,94255.6737
2026-07-20T17:15:11.285Z,independentreserve,93324,93412.99,93413,50,false,93880.0549,93877.0399,93877.0399,93955.1139
2026-07-20T17:15:11.285Z,btcmarkets,93341.01,93389.66,93486.37,85,false,94183.4721,94240.8961,94240.9015,94260.0767
2026-07-20T17:15:11.285Z,coinjar,93220,93390,93260,10,false,93483.3900,93483.3900,93536.9102,93912.8631
2026-07-20T17:15:11.285Z,kraken,93379,93412.9,93454.6,40,false,93786.5516,93785.6794,93786.4644,93808.8496
2026-07-20T17:15:11.285Z,krakeninstant,93379,93412.9,93454.6,100,false,94347.0290,94347.0290,94347.0290,94347.0290
2026-07-20T17:15:11.285Z,okx,93361.3,93408.6,93484,70,false,94062.4602,94062.4602,94072.1120,94460.7350
2026-07-20T17:15:11.285Z,binance,93423.29680684,93423.31109111,93423.303948975,10,false,93516.7344,93516.7344,93517.4882,93523.8046
2026-07-20T17:15:11.285Z,kucoin,93428.2677328,93428.41057549999,93441.1235758,10,false,93521.8390,93521.8390,93522.9883,93584.6580
2026-07-20T17:15:11.285Z,cryptocom,93415.25476283,93415.2690471,93415.261904965,50,false,93882.3454,93883.0571,93883.2664,93890.3026
2026-07-20T17:15:11.285Z,coinbase,93918.96926017199,93920.836406232,93917.66225793,60,false,94484.3614,94484.5204,94484.5204,94488.1742
2026-07-20T17:15:11.285Z,pepperstone,93295.7,93480.9,93388.29999999999,0,false,93480.9000,93486.8530,93563.7483,93622.6385
2026-07-20T17:15:11.285Z,swyftx,92962.47500241,93974.72930271,93468.60215256,60,false,94538.5777,94538.5777,94538.5777,94538.5777
2026-07-20T20:57:32.623Z,coinspot,93121.35,93418.15,93394.47,100,false,94352.3315,94352.3315,94352.3315,94352.3315
2026-07-20T20:57:32.623Z,digitalsurge,92816.38,93667.57,93241.97,50,false,94135.9079,94135.9079,94135.9079,94135.9079
2026-07-20T20:57:32.623Z,independentreserve,93201.13,93285.88,93285.82,50,false,93752.3094,93757.3846,93757.3846,93873.8163
2026-07-20T20:57:32.623Z,btcmarkets,93212.36,93271,93293,85,false,94063.8035,94138.8988,94151.5128,94171.2076
2026-07-20T20:57:32.623Z,coinjar,93190,93330,93200,10,false,93423.3300,93423.3300,93435.4080,93827.8288
2026-07-20T20:57:32.623Z,kraken,93299.9,93300,93300,40,false,93673.2000,93688.2978,93715.9292,93730.2180
2026-07-20T20:57:32.623Z,krakeninstant,93299.9,93300,93300,100,false,94233.0000,94233.0000,94233.0000,94233.0000
2026-07-20T20:57:32.623Z,okx,93134.9,93508.2,93710,70,false,94162.7574,94168.1329,94180.2554,94353.7433
2026-07-20T20:57:32.623Z,binance,93379.94277611998,93379.95707039998,93379.94992325998,10,false,93473.3370,93473.3370,93473.3370,93473.3370
2026-07-20T20:57:32.623Z,kucoin,93376.81232879998,93376.95527159997,93379.95707039998,10,false,93470.3322,93470.3322,93471.6462,93531.5172
2026-07-20T20:57:32.623Z,cryptocom,93373.58182151997,93373.59611579998,93373.58896865998,50,false,93840.4641,93840.4641,93840.4641,93842.2737
2026-07-20T20:57:32.623Z,coinbase,93855.07503932,93855.08940902399,93855.07503932,60,false,94418.2199,94431.6784,94431.6784,94431.7172
2026-07-20T20:57:32.623Z,pepperstone,93227.7,93408.6,93318.15,0,false,93408.6000,93412.3220,93470.0873,93512.9820
2026-07-20T20:57:32.623Z,swyftx,92809.30959006,93819.82859657,93314.569093315,60,false,94382.7476,94382.7476,94382.7476,94382.7476
2026-07-21T01:20:01.555Z,coinspot,93352.26,93400,93400,100,false,94334.0000,94334.0000,94334.0000,94334.0000
2026-07-21T01:20:01.555Z,digitalsurge,92928.54,93804.8,93366.67,50,false,94273.8240,94273.8240,94273.8240,94273.8240
2026-07-21T01:20:01.555Z,independentreserve,93277.48,93334,94239.62,50,false,93800.6700,93800.6700,93870.2175,93959.7746
2026-07-21T01:20:01.555Z,btcmarkets,93325,93407.56,93360.62,85,false,94201.5243,94202.0487,94202.0509,94277.4415
2026-07-21T01:20:01.555Z,coinjar,93400,93480,93570,10,false,93573.4800,93573.4800,93676.8182,93966.4576
2026-07-21T01:20:01.555Z,kraken,93401.6,93431.5,93579.5,40,false,93805.2260,93819.8566,93828.8360,93836.3187
2026-07-21T01:20:01.555Z,krakeninstant,93401.6,93431.5,93579.5,100,false,94365.8150,94365.8150,94365.8150,94365.8150
2026-07-21T01:20:01.555Z,okx,93346.6,93385.7,93526,70,false,94039.3999,94039.3999,94045.7653,94513.5026
2026-07-21T01:20:01.555Z,binance,93408.64484951999,93408.65912377999,93408.65198664999,10,false,93502.0678,93502.0678,93502.0678,93502.0678
2026-07-21T01:20:01.555Z,kucoin,93402.47836919999,93402.62111179999,93405.047736,10,false,93496.0237,93496.0237,93498.9338,93572.9748
2026-07-21T01:20:01.555Z,cryptocom,93412.2562373,93412.27051155998,93412.26337443,50,false,93879.3319,93879.3319,93879.3319,93883.1489
2026-07-21T01:20:01.555Z,coinbase,93919.53261816,93919.546971768,93919.53261816,60,false,94483.0643,94483.3624,94483.5619,94491.4528
2026-07-21T01:20:01.555Z,pepperstone,93293.9,93482.7,93388.29999999999,0,false,93482.7000,93485.4882,93521.4973,93565.7221
2026-07-21T01:20:01.555Z,swyftx,92879.94153945,93891.36460071,93385.65307008,60,false,94454.7128,94454.7128,94454.7128,94454.7128
2026-07-21T06:19:49.567Z,coinspot,93454.23,93807.46,93355.88,100,false,94745.5346,94745.5346,94745.5346,94745.5346
2026-07-21T06:19:49.567Z,digitalsurge,93176.5,94059.22,93617.86,50,false,94529.5161,94529.5161,94529.5161,94529.5161
2026-07-21T06:19:49.567Z,independentreserve,93545.09,93578.59,93565.97,50,false,94046.4829,94073.0149,94073.0161,94209.9518
2026-07-21T06:19:49.567Z,btcmarkets,93574.02,93660.99,93688,85,false,94457.1084,94457.1084,94458.0433,94483.0941
2026-07-21T06:19:49.567Z,coinjar,93580,93700,93760,10,false,93793.7000,93800.8960,93803.4286,93957.3153
2026-07-21T06:19:49.567Z,kraken,93699,93699.1,93699.1,40,false,94073.8964,94073.8964,94073.8964,94081.2187
2026-07-21T06:19:49.567Z,krakeninstant,93699,93699.1,93699.1,100,false,94636.0910,94636.0910,94636.0910,94636.0910
2026-07-21T06:19:49.567Z,okx,93643.7,93696.8,93868.8,70,false,94352.6776,94343.0104,94349.2984,94733.5496
2026-07-21T06:19:49.567Z,binance,93600.48121423998,93600.49546847999,93600.48834135999,10,false,93694.0960,93694.0960,93694.0960,93694.0960
2026-07-21T06:19:49.567Z,kucoin,93597.7586544,93597.90119679998,93585.35746559998,10,false,93691.4991,93691.4991,93695.4679,93764.3804
2026-07-21T06:19:49.567Z,cryptocom,93592.57011104,93592.58436528,93592.57723815998,50,false,94060.5473,94060.5473,94060.5473,94064.1510
2026-07-21T06:19:49.567Z,coinbase,94200.456189658,94200.47053622399,94200.456189658,60,false,94765.6734,94765.6734,94765.9256,94770.5949
2026-07-21T06:19:49.567Z,pepperstone,93580.1,93762.2,93671.15,0,false,93762.2000,93765.5354,93810.6811,93857.7377
2026-07-21T06:19:49.567Z,swyftx,93139.18828049,94153.51362601,93646.35095324999,60,false,94718.4347,94718.4347,94718.4347,94718.4347
2026-07-21T10:11:11.418Z,coinspot,94380,94399.99,94380,100,false,95343.9899,95343.9899,95343.9899,95343.9899
2026-07-21T10:11:11.418Z,digitalsurge,93926.83,94823.15,94374.99,50,false,95297.2657,95297.2657,95297.2657,95297.2657
2026-07-21T10:11:11.418Z,independentreserve,94350.03,94366.88,94845.8,50,false,94838.7144,94838.7144,94840.8253,94956.8724
2026-07-21T10:11:11.418Z,btcmarkets,94327.63,94400,94312.06,85,false,95202.4000,95230.7510,95230.9942,95288.3601
2026-07-21T10:11:11.418Z,coinjar,94220,94490,94190,10,false,94584.4900,94584.4900,94584.4900,94858.7169
2026-07-21T10:11:11.418Z,kraken,94414.1,94432.9,94367.6,40,false,94810.6316,94815.7248,94824.6647,94842.6213
2026-07-21T10:11:11.418Z,krakeninstant,94414.1,94432.9,94367.6,100,false,95377.2290,95377.2290,95377.2290,95377.2290
2026-07-21T10:11:11.418Z,okx,94372.3,94422.3,94351.8,70,false,95083.2561,95083.2561,95083.7154,95855.5417
2026-07-21T10:11:11.418Z,binance,94365.92682517,94365.94104938,94365.93393727498,10,false,94460.3070,94460.3070,94460.3070,94461.6783
2026-07-21T10:11:11.418Z,kucoin,94353.0254667,94353.1677088,94343.63748810001,10,false,94447.5209,94447.5209,94450.5145,94493.2780
2026-07-21T10:11:11.418Z,cryptocom,94365.35785676999,94365.37208098,94365.364968875,50,false,94837.1989,94837.1989,94837.1989,94840.4879
2026-07-21T10:11:11.418Z,coinbase,94959.58443048001,94959.59874586,94959.58443048001,60,false,95529.3563,95529.3563,95529.3563,95534.2442
2026-07-21T10:11:11.418Z,pepperstone,94319.4,94511.9,94415.65,0,false,94511.9000,94514.0998,94548.2086,94583.3481
2026-07-21T10:11:11.418Z,swyftx,93816.37467981,94831.67746687,94324.02607334,60,false,95400.6675,95400.6675,95400.6675,95400.6675
2026-07-21T13:09:37.880Z,coinspot,94800,94900,94895,100,false,95849.0000,95849.0000,95849.0000,95849.0000
2026-07-21T13:09:37.880Z,digitalsurge,94388.31,95285.99,94837.15,50,false,95762.4199,95762.4199,95762.4199,95762.4199
2026-07-21T13:09:37.880Z,independentreserve,94750.95,94807,94769,50,false,95281.0350,95281.0350,95352.3724,95412.3367
2026-07-21T13:09:37.880Z,btcmarkets,94791.01,94882.47,94828.64,85,false,95688.9710,95689.2534,95689.2534,95717.8795
2026-07-21T13:09:37.880Z,coinjar,94760,94930,94850,10,false,95024.9300,95024.9300,95048.6868,95207.9326
2026-07-21T13:09:37.880Z,kraken,94834.1,94858.1,94890,40,false,95237.5324,95237.5661,95245.5807,95273.3432
2026-07-21T13:09:37.880Z,krakeninstant,94834.1,94858.1,94890,100,false,95806.6810,95806.6810,95806.6810,95806.6810
2026-07-21T13:09:37.880Z,okx,94815.2,94852.2,94545.4,70,false,95516.1654,95516.1654,95520.7326,96377.5024
2026-07-21T13:09:37.880Z,binance,94780.63636041,94780.65060463999,94780.64348252499,10,false,94875.4313,94875.4313,94875.4313,94875.4313
2026-07-21T13:09:37.880Z,kucoin,94786.94655430001,94787.0889966,94791.9320348,10,false,94881.8761,94881.8761,94886.2824,94944.0316
2026-07-21T13:09:37.880Z,cryptocom,94790.62156563999,94790.63580987,94790.628687755,50,false,95264.5890,95264.5890,95264.5890,95267.1365
2026-07-21T13:09:37.880Z,coinbase,95372.14812091201,95372.16245440001,95372.16245440001,60,false,95944.3954,95944.3954,95944.3954,95950.0572
2026-07-21T13:09:37.880Z,pepperstone,94747.5,94931.9,94839.7,0,false,94931.9000,94934.6707,94981.4045,95027.7272
2026-07-21T13:09:37.880Z,swyftx,94307.69460333,95334.86327636,94821.27893984501,60,false,95906.8725,95906.8725,95906.8725,95906.8725
2026-07-21T17:04:16.862Z,coinspot,95000,95082.48,94804.81,100,false,96033.3048,96033.3048,96033.3048,96033.3048
2026-07-21T17:04:16.862Z,digitalsurge,94411.52,95334.37,94872.94,50,false,95811.0418,95811.0418,95811.0418,95811.0418
2026-07-21T17:04:16.862Z,independentreserve,94817.01,94896,94829.83,50,false,95370.4800,95370.4800,95417.4432,95468.0142
2026-07-21T17:04:16.862Z,btcmarkets,94829,94930.58,94945.79,85,false,95737.4899,95737.8328,95737.8328,95769.0286
2026-07-21T17:04:16.862Z,coinjar,94740,94820,94990,10,false,94914.8200,94987.8122,95074.9121,95278.3406
2026-07-21T17:04:16.862Z,kraken,94900.4,94919.6,94925.1,40,false,95299.2784,95299.1780,95299.1780,95347.7664
2026-07-21T17:04:16.862Z,krakeninstant,94900.4,94919.6,94925.1,100,false,95868.7960,95868.7960,95868.7960,95868.7960
2026-07-21T17:04:16.862Z,okx,94862.7,94909.3,95344.5,70,false,95573.6651,95573.6651,95578.2769,96543.9094
2026-07-21T17:04:16.862Z,binance,94784.88027007999,94784.89452431997,94784.88739719997,10,false,94879.6794,94879.6794,94879.6794,94883.0845
2026-07-21T17:04:16.862Z,kucoin,94797.68057759998,94797.82311999999,94797.68057759998,10,false,94892.6209,94892.6209,94892.8338,94909.3583
2026-07-21T17:04:16.862Z,cryptocom,94786.33420255998,94786.34845679998,94786.34132968,50,false,95260.2802,95260.2802,95260.2802,95267.2154
2026-07-21T17:04:16.862Z,coinbase,95431.412322334,95431.426674936,95431.412322334,60,false,96004.0152,96004.0152,96004.0152,96005.7028
2026-07-21T17:04:16.862Z,pepperstone,94802.7,94985.3,94894,0,false,94985.3000,94988.2920,95039.3262,95087.9539
2026-07-21T17:04:16.862Z,swyftx,94360.50284335,95388.04835895,94874.27560115,60,false,95960.3766,95960.3766,95960.3766,95960.3766
2026-07-21T20:55:49.945Z,coinspot,94957.12,94999.99,94999,100,false,95949.9899,95949.9899,95949.9899,95949.9899
2026-07-21T20:55:49.945Z,digitalsurge,94412.84,95221.66,94817.25,50,false,95697.7683,95697.7683,95697.7683,95697.7683
2026-07-21T20:55:49.945Z,independentreserve,94767.01,94843.99,94843.99,50,false,95318.2099,95318.2099,95318.2099,95395.0787
2026-07-21T20:55:49.945Z,btcmarkets,94815.63,94818.49,94783.65,85,false,95624.4472,95624.8707,95638.1409,95678.6620
2026-07-21T20:55:49.945Z,coinjar,94750,94930,94900,10,false,95024.9300,95031.1388,95034.5599,95306.9334
2026-07-21T20:55:49.945Z,kraken,94847.9,94864.9,94868.2,40,false,95244.3596,95246.9628,95247.5128,95279.3977
2026-07-21T20:55:49.945Z,krakeninstant,94847.9,94864.9,94868.2,100,false,95813.5490,95813.5490,95813.5490,95813.5490
2026-07-21T20:55:49.945Z,okx,94830.4,94868.7,95344.5,70,false,95532.7809,95532.7809,95537.9552,96480.5673
2026-07-21T20:55:49.945Z,binance,94632.20310543998,94632.21735968,94632.21023255998,10,false,94726.8496,94726.8496,94726.8496,94726.8496
2026-07-21T20:55:49.945Z,kucoin,94633.04410559998,94633.18664799999,94633.18664799999,10,false,94727.8198,94727.8198,94729.1176,94782.8160
2026-07-21T20:55:49.945Z,cryptocom,94626.1307992,94626.14505343998,94626.13792631998,50,false,95099.2758,95099.2758,95099.2758,95101.7939
2026-07-21T20:55:49.945Z,coinbase,95384.906166636,95384.92053533401,95384.906166636,60,false,95957.2301,95957.2301,95957.2301,95960.0144
2026-07-21T20:55:49.945Z,pepperstone,94758.1,94942.7,94850.4,0,false,94942.7000,94947.4423,94983.6727,95030.2196
2026-07-21T20:55:49.945Z,swyftx,94326.93922479,95353.96230442,94840.45076460499,60,false,95926.0861,95926.0861,95926.0861,95926.0861
2026-07-22T01:18:21.460Z,coinspot,94899,95028.06,95000,100,false,95978.3406,95978.3406,95978.3406,95978.3406
2026-07-22T01:18:21.460Z,digitalsurge,94285.38,95174.94,94730.16,50,false,95650.8147,95650.8147,95650.8147,95650.8147
2026-07-22T01:18:21.460Z,independentreserve,94739.07,94804.12,94742.01,50,false,95278.1406,95278.1406,95284.9832,95391.0877
2026-07-22T01:18:21.460Z,btcmarkets,94687.77,94771.99,94865,85,false,95577.5519,95592.0912,95620.1941,95626.9370
2026-07-22T01:18:21.460Z,coinjar,94690,94790,94800,10,false,94884.7900,94884.7900,94884.7900,95078.1646
2026-07-22T01:18:21.460Z,kraken,94811.5,94832.6,94870.5,40,false,95211.9304,95214.3010,95216.0338,95226.4577
2026-07-22T01:18:21.460Z,krakeninstant,94811.5,94832.6,94870.5,100,false,95780.9260,95780.9260,95780.9260,95780.9260
2026-07-22T01:18:21.460Z,okx,94793.2,94834.3,94884.6,70,false,95498.1401,95498.1401,95498.2268,98796.4507
2026-07-22T01:18:21.460Z,binance,94920.81682082999,94920.83110509999,94920.82396296499,10,false,95015.7519,95015.7519,95015.7519,95021.3134
2026-07-22T01:18:21.460Z,kucoin,94924.25932989999,94924.40217259999,94924.68785799999,10,false,95019.3266,95019.3266,95021.9725,95063.7581
2026-07-22T01:18:21.460Z,cryptocom,94926.50196029,94926.51624455999,94926.50910242499,50,false,95401.1488,95401.1488,95401.1488,95407.1667
2026-07-22T01:18:21.460Z,coinbase,95354.191045056,95354.20539464001,95354.191045056,60,false,95926.3306,95926.3306,95926.6799,95930.8559
2026-07-22T01:18:21.460Z,pepperstone,94721.2,94905.2,94813.2,0,false,94905.2000,94907.4865,94945.8369,94988.5911
2026-07-22T01:18:21.460Z,swyftx,94259.87364396,95286.37333743,94773.123490695,60,false,95858.0916,95858.0916,95858.0916,95858.0916
2026-07-22T06:19:00.356Z,coinspot,94250,94325,94250,100,false,95268.2500,95268.2500,95268.2500,95268.2500
2026-07-22T06:19:00.356Z,digitalsurge,93693.32,94564.4,94128.86,50,false,95037.2220,95037.2220,95037.2220,95037.2220
2026-07-22T06:19:00.356Z,independentreserve,94177.05,94254.99,94235.93,50,false,94726.2649,94734.3049,94734.3049,94780.3006
2026-07-22T06:19:00.356Z,btcmarkets,94091.13,94163.92,94168.75,85,false,94964.3133,94964.4243,94964.4296,94997.1642
2026-07-22T06:19:00.356Z,coinjar,94020,94220,94130,10,false,94314.2200,94371.6508,94392.0346,94548.7383
2026-07-22T06:19:00.356Z,kraken,94165.5,94193.4,94195.7,40,false,94570.1736,94570.1736,94572.5106,94592.6282
2026-07-22T06:19:00.356Z,krakeninstant,94165.5,94193.4,94195.7,100,false,95135.3340,95135.3340,95135.3340,95135.3340
2026-07-22T06:19:00.356Z,okx,94165.7,94205.1,94303.2,70,false,94864.5357,94864.5357,94867.6594,97916.3858
2026-07-22T06:19:00.356Z,binance,94126.18288073,94126.19716499999,94126.19002286499,10,false,94220.3234,94220.3234,94220.3234,94220.3234
2026-07-22T06:19:00.356Z,kucoin,94139.76722149999,94139.9100642,94130.05391789999,10,false,94234.0500,94234.0500,94237.5211,94296.6457
2026-07-22T06:19:00.356Z,cryptocom,94128.93974483998,94128.95402910998,94128.94688697497,50,false,94599.5988,94589.9661,94589.9661,94593.1798
2026-07-22T06:19:00.356Z,coinbase,94709.686811424,94709.70118515201,94709.70118515201,60,false,95277.9594,95277.9594,95277.9594,95284.4554
2026-07-22T06:19:00.356Z,pepperstone,94084.8,94275.9,94180.35,0,false,94275.9000,94277.7998,94305.9690,94355.1863
2026-07-22T06:19:00.356Z,swyftx,93635.43787776,94654.92288941,94145.180383585,60,false,95222.8524,95222.8524,95222.8524,95222.8524
2026-07-22T10:10:53.514Z,coinspot,94290,94349.9,94290,100,false,95293.3990,95293.3990,95293.3990,95293.3990
2026-07-22T10:10:53.514Z,digitalsurge,93710.75,94604.54,94157.64,50,false,95077.5627,95077.5627,95077.5627,95077.5627
2026-07-22T10:10:53.514Z,independentreserve,94150.05,94216.97,94180.96,50,false,94688.0548,94688.0749,94688.0749,94758.3299
2026-07-22T10:10:53.514Z,btcmarkets,94110.55,94204,94175,85,false,95004.7340,95004.4077,95026.3936,95028.5974
2026-07-22T10:10:53.514Z,coinjar,94080,94240,94100,10,false,94334.2400,94415.4569,94432.4514,94650.5586
2026-07-22T10:10:53.514Z,kraken,94219.4,94247.2,94221.1,40,false,94624.1888,94624.1888,94624.3641,94663.9363
2026-07-22T10:10:53.514Z,krakeninstant,94219.4,94247.2,94221.1,100,false,95189.6720,95189.6720,95189.6720,95189.6720
2026-07-22T10:10:53.514Z,okx,94191.3,94241.6,94325.4,70,false,94901.2912,94901.2912,94903.4179,97928.7073
2026-07-22T10:10:53.514Z,binance,94027.93361961999,94027.94789388,94027.94075674999,10,false,94121.9758,94121.9758,94121.9758,94130.4264
2026-07-22T10:10:53.514Z,kucoin,94041.67973199999,94041.8224746,94019.55462899999,10,false,94135.8643,94135.8643,94138.5194,94185.3777
2026-07-22T10:10:53.514Z,cryptocom,94038.38237794,94038.39665219998,94038.38951507,50,false,94508.5886,94513.7577,94514.6810,94523.0584
2026-07-22T10:10:53.514Z,coinbase,94745.684692516,94745.699075298,94745.684692516,60,false,95314.1733,95314.1733,95314.8574,95319.6488
2026-07-22T10:10:53.514Z,pepperstone,94132.8,94313.3,94223.05,0,false,94313.3000,94315.1362,94342.5527,94398.4717
2026-07-22T10:10:53.514Z,swyftx,93682.48673883,94702.35773389,94192.42223636,60,false,95270.5719,95270.5719,95270.5719,95270.5719
2026-07-22T13:15:23.443Z,coinspot,93999,94079.6,94098.4,100,false,95020.3960,95020.3960,95020.3960,95020.3960
2026-07-22T13:15:23.443Z,digitalsurge,93311.77,94171.71,93741.74,50,false,94642.5685,94642.5685,94642.5685,94642.5685
2026-07-22T13:15:23.443Z,independentreserve,93810,93875.96,93923,50,false,94345.3398,94345.3398,94354.9539,94407.8935
2026-07-22T13:15:23.443Z,btcmarkets,93659.09,93815.07,93782.99,85,false,94612.4981,94546.0696,94557.2504,94615.8398
2026-07-22T13:15:23.443Z,coinjar,93720,93850,93740,10,false,93943.8500,94010.7685,94022.6137,94130.6953
2026-07-22T13:15:23.443Z,kraken,93822.3,93847.7,93883.4,40,false,94223.0908,94249.6846,94264.0886,94291.0391
2026-07-22T13:15:23.443Z,krakeninstant,93822.3,93847.7,93883.4,100,false,94786.1770,94786.1770,94786.1770,94786.1770
2026-07-22T13:15:23.443Z,okx,93838,93885.9,94016.9,70,false,94543.1013,94543.1013,94545.1180,97576.7074
2026-07-22T13:15:23.443Z,binance,93708.51082592999,93708.5251102,93708.51796806499,10,false,93802.2336,93802.2336,93802.2336,93813.3495
2026-07-22T13:15:23.443Z,kucoin,93707.0966832,93707.23952589999,93686.52733439999,10,false,93800.9468,93808.0960,93814.9265,93858.5515
2026-07-22T13:15:23.443Z,cryptocom,93706.86813488,93706.88241914999,93706.875277015,50,false,94175.4168,94176.3447,94179.0621,94191.7941
2026-07-22T13:15:23.443Z,coinbase,94385.719190976,94385.7335808,94385.719190976,60,false,94952.0480,94945.2286,94952.9057,94955.3984
2026-07-22T13:15:23.443Z,pepperstone,93749.1,93941.2,93845.15,0,false,93941.2000,93956.3263,93991.6711,94018.4310
2026-07-22T13:15:23.443Z,swyftx,93336.71083705,94352.78872028,93844.749778665,60,false,94918.9055,94918.9055,94918.9055,94918.9055
2026-07-22T17:04:20.385Z,coinspot,94603.14,94749.99,94749.99,100,false,95697.4899,95697.4899,95697.4899,95697.4899
2026-07-22T17:04:20.385Z,digitalsurge,94114.48,95008.25,94561.36,50,false,95483.2912,95483.2912,95483.2912,95483.2912
2026-07-22T17:04:20.385Z,independentreserve,94516.37,94568,94555.99,50,false,95040.8400,95054.9100,95098.3118,95176.2947
2026-07-22T17:04:20.385Z,btcmarkets,94516,94606,94591,85,false,95410.1510,95432.3279,95468.0165,95561.8434
2026-07-22T17:04:20.385Z,coinjar,94530,94700,94760,10,false,94794.7000,94794.7000,94794.7000,94934.5483
2026-07-22T17:04:20.385Z,kraken,94656.9,94660.6,94637.8,40,false,95039.2424,95041.1334,95041.6123,95102.9156
2026-07-22T17:04:20.385Z,krakeninstant,94656.9,94660.6,94637.8,100,false,95607.2060,95607.2060,95607.2060,95607.2060
2026-07-22T17:04:20.385Z,okx,94625,94663.4,94016.9,70,false,95326.0438,95326.0438,95330.5422,98286.0914
2026-07-22T17:04:20.385Z,binance,94516.18468292,94516.19895717998,94516.19182004998,10,false,94610.7152,94610.7152,94610.7152,94610.7152
2026-07-22T17:04:20.385Z,kucoin,94514.3004806,94514.44322319998,94522.72229399999,10,false,94608.9577,94606.6715,94607.4917,94660.8336
2026-07-22T17:04:20.385Z,cryptocom,94517.42654353999,94517.4408178,94517.43368066999,50,false,94990.0280,94990.0280,94990.0280,94991.3608
2026-07-22T17:04:20.385Z,coinbase,95192.60452234,95192.61889908601,95192.61889908601,60,false,95763.7746,95762.5163,95765.0104,95770.9799
2026-07-22T17:04:20.385Z,pepperstone,94556.4,94745.5,94650.95,0,false,94745.5000,94749.5219,94814.8372,94861.1304
2026-07-22T17:04:20.385Z,swyftx,94115.52766574,95140.16046866,94627.8440672,60,false,95711.0014,95711.0014,95711.0014,95711.0014
2026-07-22T20:52:01.203Z,coinspot,94033.41,94367.77,94366.03894569,100,false,95311.4477,95311.4477,95311.4477,95311.4477
2026-07-22T20:52:01.203Z,digitalsurge,93703.25,94593.48,94148.37,50,false,95066.4474,95066.4474,95066.4474,95066.4474
2026-07-22T20:52:01.203Z,independentreserve,94100.11,94174.99,94146.98,50,false,94645.8649,94645.8649,94649.3959,94718.8806
2026-07-22T20:52:01.203Z,btcmarkets,94103.02,94193.99,94044.99,85,false,94994.6389,94993.6304,95000.8475,95010.9640
2026-07-22T20:52:01.203Z,coinjar,94010,94200,94000,10,false,94294.2000,94294.2000,94294.2000,94548.5180
2026-07-22T20:52:01.203Z,kraken,94195.2,94210.2,94177.6,40,false,94587.0408,94592.8339,94600.7070,94614.0343
2026-07-22T20:52:01.203Z,krakeninstant,94195.2,94210.2,94177.6,100,false,95152.3020,95152.3020,95152.3020,95152.3020
2026-07-22T20:52:01.203Z,okx,94170.5,94207.2,94016.9,70,false,94866.6504,94866.6504,94870.0106,97875.2094
2026-07-22T20:52:01.203Z,binance,94078.079095,94078.09336925998,94078.08623213,10,false,94172.1715,94172.1715,94172.1715,94173.8246
2026-07-22T20:52:01.203Z,kucoin,94077.22263939999,94077.36538199999,94066.0887166,10,false,94171.4427,94171.4427,94173.8410,94205.2198
2026-07-22T20:52:01.203Z,cryptocom,94082.46129282001,94082.47556708,94082.46842995001,50,false,94552.8879,94552.8879,94553.4170,94557.6209
2026-07-22T20:52:01.203Z,coinbase,94735.70694508801,94735.721319822,94735.70694508801,60,false,95304.1356,95304.1356,95304.1356,95309.4257
2026-07-22T20:52:01.203Z,pepperstone,94101,94283.7,94192.35,0,false,94283.7000,94286.1455,94322.4630,94377.1545
2026-07-22T20:52:01.203Z,swyftx,93667.15716473,94686.94945715,94177.05331094,60,false,95255.0712,95255.0712,95255.0712,95255.0712
2026-07-23T01:26:04.214Z,coinspot,94200.5,94382.32,94442.49,100,false,95326.1432,95326.1432,95326.1432,95326.1432
2026-07-23T01:26:04.214Z,digitalsurge,93726.14,94618.59,94172.37,50,false,95091.6829,95091.6829,95091.6829,95091.6829
2026-07-23T01:26:04.214Z,independentreserve,94149.05,94218,94201,50,false,94689.0900,94689.0900,94708.5918,94727.6079
2026-07-23T01:26:04.214Z,btcmarkets,94126.03,94217.99,94199.97,85,false,95018.8429,95019.8430,95034.3636,95166.6113
2026-07-23T01:26:04.214Z,coinjar,94030,94230,94050,10,false,94324.2300,94324.2300,94324.2300,94456.5855
2026-07-23T01:26:04.214Z,kraken,94183.2,94205.9,94236.6,40,false,94582.7236,94583.8766,94592.1996,94623.2392
2026-07-23T01:26:04.214Z,krakeninstant,94183.2,94205.9,94236.6,100,false,95147.9590,95147.9590,95147.9590,95147.9590
2026-07-23T01:26:04.214Z,okx,94161.1,94203.4,94454.5,70,false,94862.8238,94862.8238,94870.7921,97901.0064
2026-07-23T01:26:04.214Z,binance,94055.09753639999,94055.11181065999,94055.10467352999,10,false,94149.1669,94149.1669,94149.1669,94149.2416
2026-07-23T01:26:04.214Z,kucoin,94058.38061619998,94058.5233588,94063.091122,10,false,94152.5819,94152.5819,94153.8463,94179.0933
2026-07-23T01:26:04.214Z,cryptocom,94049.47347796,94049.48775222,94049.48061508998,50,false,94519.7352,94519.7352,94519.7352,94527.6024
2026-07-23T01:26:04.214Z,coinbase,94702.5838941,94702.598266822,94702.598266822,60,false,95270.8139,95270.8139,95271.0733,95274.8351
2026-07-23T01:26:04.214Z,pepperstone,94086.7,94276,94181.35,0,false,94276.0000,94279.3180,94330.1478,94385.9879
2026-07-23T01:26:04.214Z,swyftx,93678.97603814,94698.89700561,94188.936521875,60,false,95267.0904,95267.0904,95267.0904,95267.0904
2026-07-23T06:21:25.658Z,coinspot,93649,93700,93700,100,false,94637.0000,94637.0000,94637.0000,94637.0000
2026-07-23T06:21:25.658Z,digitalsurge,93191.43,94059.23,93625.33,50,false,94529.5261,94529.5261,94529.5261,94529.5261
2026-07-23T06:21:25.658Z,independentreserve,93661,93735,93650,50,false,94203.6750,94210.6798,94210.6798,94231.2839
2026-07-23T06:21:25.658Z,btcmarkets,93582.01,93658,93544.01,85,false,94454.0930,94544.6032,94566.4081,94572.1622
2026-07-23T06:21:25.658Z,coinjar,93590,93760,93750,10,false,93853.7600,93853.7600,93853.7600,94218.6365
2026-07-23T06:21:25.658Z,kraken,93667.8,93669.3,93629.3,40,false,94043.9772,94044.0934,94044.5047,94095.1983
2026-07-23T06:21:25.658Z,krakeninstant,93667.8,93669.3,93629.3,100,false,94605.9930,94605.9930,94605.9930,94605.9930
2026-07-23T06:21:25.658Z,okx,93620.9,93670.6,93537.8,70,false,94326.2942,94326.2942,94329.3137,97164.4179
2026-07-23T06:21:25.658Z,binance,93499.59496877999,93499.60920299999,93499.60208588997,10,false,93593.1088,93593.1088,93593.1088,93593.7186
2026-07-23T06:21:25.658Z,kucoin,93497.33172779997,93497.47406999998,93502.5983892,10,false,93590.9715,93590.9715,93593.8152,93618.4267
2026-07-23T06:21:25.658Z,cryptocom,93493.18956977999,93493.20380399999,93493.19668688998,50,false,93960.6698,93960.6698,93960.6698,93964.5258
2026-07-23T06:21:25.658Z,coinbase,94185.9370011,94185.95134062399,94188.188306368,60,false,94751.0670,94751.0670,94751.0670,94751.1494
2026-07-23T06:21:25.658Z,pepperstone,93553.9,93743.4,93648.65,0,false,93743.4000,93746.1392,93783.0923,93842.3794
2026-07-23T06:21:25.658Z,swyftx,93138.15078056,94152.51409341,93645.332436985,60,false,94717.4292,94717.4292,94717.4292,94717.4292
2026-07-23T10:08:32.939Z,coinspot,93647.92,94053.11,93952.5,100,false,94993.6411,94993.6411,94993.6411,94993.6411
2026-07-23T10:08:32.939Z,digitalsurge,93382.74,94270.17,93826.46,50,false,94741.5208,94741.5208,94741.5208,94741.5208
2026-07-23T10:08:32.939Z,independentreserve,93765.01,93852.97,93774.92,50,false,94322.2348,94322.2348,94322.2348,94388.5431
2026-07-23T10:08:32.939Z,btcmarkets,93781.14,93870.96,93757.01,85,false,94668.8632,94669.4783,94669.6048,94713.7431
2026-07-23T10:08:32.939Z,coinjar,93760,93820,93770,10,false,93913.8200,93983.8452,94010.9117,94153.5777
2026-07-23T10:08:32.939Z,kraken,93840.7,93858.6,93854.4,40,false,94234.0344,94234.0341,94234.3928,94252.2172
2026-07-23T10:08:32.939Z,krakeninstant,93840.7,93858.6,93854.4,100,false,94797.1860,94797.1860,94797.1860,94797.1860
2026-07-23T10:08:32.939Z,okx,93808,93855.8,93754.5,70,false,94512.7906,94512.7906,94516.3216,97582.1142
2026-07-23T10:08:32.939Z,binance,93646.0279755,93646.04223974998,93646.03510762498,10,false,93739.6883,93739.6883,93739.6883,93742.8473
2026-07-23T10:08:32.939Z,kucoin,93649.2231675,93649.36580999999,93649.36580999999,10,false,93743.0152,93743.0152,93747.2757,93781.4134
2026-07-23T10:08:32.939Z,cryptocom,93643.5174675,93643.53173174999,93643.524599625,50,false,94111.7494,94111.7494,94111.7494,94116.3927
2026-07-23T10:08:32.939Z,coinbase,94371.64408804002,94371.65846378001,94371.64408804002,60,false,94937.8884,94937.8884,94938.5972,94944.2407
2026-07-23T10:08:32.939Z,pepperstone,93747.1,93930.1,93838.6,0,false,93930.1000,93932.8787,93971.5961,94016.2909
2026-07-23T10:08:32.939Z,swyftx,93323.35863792,94339.40790918,93831.38327354999,60,false,94905.4444,94905.4444,94905.4444,94905.4444
2026-07-23T13:18:17.358Z,coinspot,93300,93454,93300,100,false,94388.5400,94388.5400,94388.5400,94388.5400
2026-07-23T13:18:17.358Z,digitalsurge,92821,93691.67,93256.33,50,false,94160.1283,94160.1283,94160.1283,94160.1283
2026-07-23T13:18:17.358Z,independentreserve,93273.01,93346,93409,50,false,93812.7300,93806.7000,93807.6305,93836.9954
2026-07-23T13:18:17.358Z,btcmarkets,93217,93294.97,93284,85,false,94087.9772,94092.2915,94127.1790,94204.5899
2026-07-23T13:18:17.358Z,coinjar,93190,93380,93240,10,false,93473.3800,93473.3800,93473.3800,93589.0377
2026-07-23T13:18:17.358Z,kraken,93248.2,93269.6,93274,40,false,93642.6784,93642.7949,93648.6333,93670.7851
2026-07-23T13:18:17.358Z,krakeninstant,93248.2,93269.6,93274,100,false,94202.2960,94202.2960,94202.2960,94202.2960
2026-07-23T13:18:17.358Z,okx,93234.8,93279.3,93249,70,false,93932.2551,93932.2551,93941.5779,96933.8902
2026-07-23T13:18:17.358Z,binance,93249.57743101,93249.59177534,93249.584603175,10,false,93342.8414,93342.8414,93342.8414,93349.5327
2026-07-23T13:18:17.358Z,kucoin,93248.75980419999,93248.90324749998,93278.59601059998,10,false,93342.1522,93342.1522,93343.3540,93371.1528
2026-07-23T13:18:17.358Z,cryptocom,93231.86218345999,93231.87652778998,93231.869355625,50,false,93698.0359,93698.0359,93698.0359,93702.6243
2026-07-23T13:18:17.358Z,coinbase,93768.556622908,93768.57104995399,93768.542195862,60,false,94331.1825,94334.7987,94337.5975,94341.3315
2026-07-23T13:18:17.358Z,pepperstone,93152.4,93337.3,93244.85,0,false,93337.3000,93340.5099,93380.9990,93447.3432
2026-07-23T13:18:17.358Z,swyftx,92720.9281519,93723.36600328,93222.14707759,60,false,94285.7062,94285.7062,94285.7062,94285.7062
2026-07-23T17:06:51.507Z,coinspot,92900,92945.7,92927.5,100,false,93875.1570,93875.1570,93875.1570,93875.1570
2026-07-23T17:06:51.507Z,digitalsurge,92268.03,93286.15,92777.09,50,false,93752.5807,93752.5807,93752.5807,93752.5807
2026-07-23T17:06:51.507Z,independentreserve,92787,92844.97,93280.59,50,false,93309.1948,93309.1948,93309.1948,93375.7202
2026-07-23T17:06:51.507Z,coinjar,92730,92860,93220,10,false,92952.8600,92952.8600,92952.8600,93284.4017
2026-07-23T17:06:51.507Z,kraken,92751.1,92770,92780.2,40,false,93141.0800,93140.0015,93140.0685,93164.6736
2026-07-23T17:06:51.507Z,krakeninstant,92751.1,92770,92780.2,100,false,93697.7000,93697.7000,93697.7000,93697.7000
2026-07-23T17:06:51.507Z,okx,92749.1,92807.3,92727.2,70,false,93456.9511,93443.7594,93452.7068,96804.6842
2026-07-23T17:06:51.507Z,binance,92708.35242668998,92708.36675099998,92708.35958884498,10,false,92801.0751,92801.0608,92801.0608,92801.0608
2026-07-23T17:06:51.507Z,kucoin,92707.79377859998,92707.93702169998,92742.31536569998,10,false,92800.6450,92800.6450,92802.1923,92827.2992
2026-07-23T17:06:51.507Z,cryptocom,92696.64946541999,92696.66378973,92696.65662757498,50,false,93160.1471,93160.1471,93160.1471,93162.3949
2026-07-23T17:06:51.507Z,coinbase,93268.08797443201,93268.1023884,93268.1023884,60,false,93827.7110,93828.3272,93829.1392,93830.3948
2026-07-23T17:06:51.507Z,pepperstone,92655,92848.9,92751.95,0,false,92848.9000,92901.3000,92901.3000,92967.2044
2026-07-23T17:06:51.507Z,swyftx,92248.85379064,93252.85864179,92750.856216215,60,false,93812.3758,93812.3758,93812.3758,93812.3758
2026-07-23T20:48:16.447Z,coinspot,93235.47,93608.4,93241,100,false,94544.4840,94544.4840,94544.4840,94544.4840
2026-07-23T20:48:16.447Z,digitalsurge,92860.29,93913.05,93386.67,50,false,94382.6152,94382.6152,94382.6152,94382.6152
2026-07-23T20:48:16.447Z,independentreserve,93374,93445.99,93468.99,50,false,93913.2199,93913.2199,93913.2199,93996.0722
2026-07-23T20:48:16.447Z,btcmarkets,93093.74,93582.2,93284,85,false,94377.6487,94378.0824,94378.0824,94400.7274
2026-07-23T20:48:16.447Z,coinjar,93320,93510,93490,10,false,93603.5100,93603.5100,93603.5100,93733.2495
2026-07-23T20:48:16.447Z,kraken,93382.7,93405.1,93384.7,40,false,93778.7204,93784.7852,93785.5617,93800.6888
2026-07-23T20:48:16.447Z,krakeninstant,93382.7,93405.1,93384.7,100,false,94339.1510,94339.1510,94339.1510,94339.1510
2026-07-23T20:48:16.447Z,okx,93366.1,93399.7,92727.2,70,false,94053.4979,94053.4979,94057.5274,96985.5346
2026-07-23T20:48:16.447Z,binance,93337.57989555999,93337.59423989,93337.58706772499,10,false,93430.9318,93430.9318,93430.9318,93430.9318
2026-07-23T20:48:16.447Z,kucoin,93336.69054709999,93336.83399039999,93351.03487709998,10,false,93430.1708,93430.1708,93430.4148,93454.9319
2026-07-23T20:48:16.447Z,cryptocom,93347.63527089,93347.64961521998,93347.642443055,50,false,93814.3879,93814.3879,93814.3879,93816.1550
2026-07-23T20:48:16.447Z,coinbase,93921.008432232,93921.02286632001,93921.008432232,60,false,94484.5490,94484.5490,94484.5659,94484.6771
2026-07-23T20:48:16.447Z,pepperstone,93284.4,93472.5,93378.45,0,false,93472.5000,93475.8338,93518.8212,93570.1954
2026-07-23T20:48:16.447Z,swyftx,92874.20016455,93884.80115003,93379.50065729,60,false,94448.1100,94448.1100,94448.1100,94448.1100
2026-07-24T01:21:36.038Z,coinspot,93065.48,93402.1,93385,100,false,94336.1210,94336.1210,94336.1210,94336.1210
2026-07-24T01:21:36.038Z,digitalsurge,92754.28,93633.45,93193.86,50,false,94101.6172,94101.6172,94101.6172,94101.6172
2026-07-24T01:21:36.038Z,independentreserve,93150,93233.97,93221.92,50,false,93700.1398,93700.1398,93700.1398,93773.6152
2026-07-24T01:21:36.038Z,btcmarkets,93150,93236.95,93234.85,85,false,94029.4641,94031.7937,94031.8845,94117.1420
2026-07-24T01:21:36.038Z,coinjar,93120,93130,93340,10,false,93223.1300,93232.7442,93376.5856,93503.8798
2026-07-24T01:21:36.038Z,kraken,93164.6,93171.5,93199.8,40,false,93544.1860,93551.5606,93552.3389,93556.1120
2026-07-24T01:21:36.038Z,krakeninstant,93164.6,93171.5,93199.8,100,false,94103.2150,94103.2150,94103.2150,94103.2150
2026-07-24T01:21:36.038Z,okx,93120.7,93165.8,93260.8,70,false,93817.9606,93817.9606,93826.2795,96811.8910
2026-07-24T01:21:36.038Z,binance,93180.85374597998,93180.86809030999,93180.86091814499,10,false,93274.0490,93274.0490,93274.0490,93274.0783
2026-07-24T01:21:36.038Z,kucoin,93179.33324699999,93179.47669029998,93186.21852539999,10,false,93272.6562,93272.6562,93274.3212,93307.5347
2026-07-24T01:21:36.038Z,cryptocom,93185.28614395,93185.30048828,93185.29331611498,50,false,93651.2270,93651.2270,93651.2270,93655.2978
2026-07-24T01:21:36.038Z,coinbase,93682.012340224,93682.02676224,93682.012340224,60,false,94244.1189,94244.1189,94244.1189,94244.7593
2026-07-24T01:21:36.038Z,pepperstone,93055.1,93239.7,93147.4,0,false,93239.7000,93242.1328,93272.3422,93349.4748
2026-07-24T01:21:36.038Z,swyftx,92676.73156341,93685.29857727,93181.01507034,60,false,94247.4104,94247.4104,94247.4104,94247.4104
2026-07-24T06:16:09.490Z,coinspot,93505.18,93838,93750,100,false,94776.3800,94776.3800,94776.3800,94776.3800
2026-07-24T06:16:09.490Z,digitalsurge,93156.1,94048.21,93602.15,50,false,94518.4511,94518.4511,94518.4511,94518.4511
2026-07-24T06:16:09.490Z,independentreserve,93635.01,93725.99,93693.99,50,false,94194.6199,94194.6099,94194.6153,94253.8805
2026-07-24T06:16:09.490Z,btcmarkets,93553.53,93650.01,93595.97,85,false,94446.0351,94446.1460,94500.3003,94566.0742
2026-07-24T06:16:09.490Z,coinjar,93530,93740,93520,10,false,93833.7400,93849.6925,93862.3621,93943.0425
2026-07-24T06:16:09.490Z,kraken,93633.8,93651.9,93581.1,40,false,94026.5076,94027.1446,94028.4082,94039.5815
2026-07-24T06:16:09.490Z,krakeninstant,93633.8,93651.9,93581.1,100,false,94588.4190,94588.4190,94588.4190,94588.4190
2026-07-24T06:16:09.490Z,okx,93609.5,93658.7,93068.3,70,false,94314.3109,94314.3109,94317.4853,97205.7898
2026-07-24T06:16:09.490Z,binance,93630.0581216,93630.07245591999,93630.06528875999,10,false,93723.7025,93723.7025,93723.7025,93725.3213
2026-07-24T06:16:09.490Z,kucoin,93632.20826959999,93632.35161279999,93651.84628799999,10,false,93725.9840,93725.9840,93726.4912,93750.9081
2026-07-24T06:16:09.490Z,cryptocom,93632.65263351999,93632.66696783999,93632.65980067999,50,false,94100.8303,94100.8303,94100.8303,94104.0514
2026-07-24T06:16:09.490Z,coinbase,94162.410345072,94162.424762058,94162.410345072,60,false,94727.3993,94727.3993,94727.4659,94730.4337
2026-07-24T06:16:09.490Z,pepperstone,93532,93719.6,93625.8,0,false,93719.6000,93716.0388,93754.7496,93814.9094
2026-07-24T06:16:09.490Z,swyftx,93109.44659745,94122.79925431,93616.12292588,60,false,94687.5360,94687.5360,94687.5360,94687.5360
2026-07-24T10:03:35.038Z,coinspot,93116.16,93278.69,93250,100,false,94211.4769,94211.4769,94211.4769,94211.4769
2026-07-24T10:03:35.038Z,digitalsurge,92642.75,93501.86,93072.3,50,false,93969.3693,93969.3693,93969.3693,93969.3693
2026-07-24T10:03:35.038Z,independentreserve,93089.01,93146,93140,50,false,93611.7300,93611.7300,93653.2221,93666.5243
2026-07-24T10:03:35.038Z,btcmarkets,93037.99,93106,93139,85,false,93897.4010,93908.7289,93933.3051,93958.7539
2026-07-24T10:03:35.038Z,coinjar,92950,93180,93220,10,false,93273.1800,93273.1800,93273.1800,93369.0329
2026-07-24T10:03:35.038Z,kraken,93036.1,93066.5,93076.1,40,false,93438.7660,93439.1302,93452.9704,93458.2526
2026-07-24T10:03:35.038Z,krakeninstant,93036.1,93066.5,93076.1,100,false,93997.1650,93997.1650,93997.1650,93997.1650
2026-07-24T10:03:35.038Z,okx,93036.4,93074.6,92930,70,false,93726.1222,93726.1222,93728.4212,96458.4062
2026-07-24T10:03:35.038Z,binance,93073.63791726,93073.65222154999,93073.645069405,10,false,93166.7259,93166.7259,93166.7259,93169.6117
2026-07-24T10:03:35.038Z,kucoin,93066.85768379999,93067.0007267,93052.55339379999,10,false,93160.0677,93160.0677,93162.3104,93198.9652
2026-07-24T10:03:35.038Z,cryptocom,93067.37263823999,93067.38694252999,93067.379790385,50,false,93532.7239,93532.7239,93532.7239,93537.2516
2026-07-24T10:03:35.038Z,coinbase,93565.735640018,93565.7500228,93565.7500228,60,false,94127.1445,94127.1445,94127.1445,94128.0917
2026-07-24T10:03:35.038Z,pepperstone,92840.9,93194.7,93017.79999999999,0,false,93194.7000,93196.7002,93268.9414,93401.6663
2026-07-24T10:03:35.038Z,swyftx,92558.43054643,93559.51324616,93058.971896295,60,false,94120.8703,94120.8703,94120.8703,94120.8703
2026-07-24T13:11:44.628Z,coinspot,92416,92533.19,92416,100,false,93458.5219,93458.5219,93458.5219,93458.5219
2026-07-24T13:11:44.628Z,digitalsurge,91946.73,92804.79,92375.76,50,false,93268.8139,93268.8139,93268.8139,93268.8139
2026-07-24T13:11:44.628Z,independentreserve,92326.01,92412,92417,50,false,92874.0600,92875.0650,92875.3239,92917.9938
2026-07-24T13:11:44.628Z,btcmarkets,92326.01,92411.89,92382,85,false,93197.3911,93197.5423,93197.5440,93253.5729
2026-07-24T13:11:44.628Z,coinjar,92290,92440,92420,10,false,92532.4400,92542.4500,92542.4500,92940.2567
2026-07-24T13:11:44.628Z,kraken,92312.5,92328.5,92278.2,40,false,92697.8140,92711.6412,92712.2086,92773.5945
2026-07-24T13:11:44.628Z,krakeninstant,92312.5,92328.5,92278.2,100,false,93251.7850,93251.7850,93251.7850,93251.7850
2026-07-24T13:11:44.628Z,okx,92282.3,92328.6,92500,70,false,92974.9002,92958.7882,92965.3462,96107.5769
2026-07-24T13:11:44.628Z,binance,92224.07615421,92224.09047851998,92224.08331636498,10,false,92316.3146,92316.3146,92316.3146,92319.4650
2026-07-24T13:11:44.628Z,kucoin,92231.22398489999,92231.36722799999,92253.56990849998,10,false,92323.5986,92323.5986,92326.4092,92363.5060
2026-07-24T13:11:44.628Z,cryptocom,92222.50048010999,92222.51480441999,92222.50764226499,50,false,92683.6274,92683.6274,92683.6274,92692.6296
2026-07-24T13:11:44.628Z,coinbase,92916.006187056,92916.020621144,92916.020621144,60,false,93473.5167,93473.5167,93473.5668,93477.9000
2026-07-24T13:11:44.628Z,pepperstone,92191.3,92377.8,92284.55,0,false,92377.8000,92382.5381,92442.4431,92484.4369
2026-07-24T13:11:44.628Z,swyftx,91804.01407182,92803.13066557,92303.572368695,60,false,93359.9494,93359.9494,93359.9494,93359.9494
2026-07-24T17:17:41.797Z,coinspot,91616.29,91699.89,91616.29,100,false,92616.8889,92616.8889,92616.8889,92616.8889
2026-07-24T17:17:41.797Z,digitalsurge,91132.21,91991.39,91561.8,50,false,92451.3469,92451.3469,92451.3469,92451.3469
2026-07-24T17:17:41.797Z,independentreserve,91484.02,91558.99,91522.99,50,false,92016.7850,92016.7850,92016.7850,92064.5692
2026-07-24T17:17:41.797Z,btcmarkets,91521.01,91601.62,91545.56,85,false,92380.2338,92381.4944,92381.4984,92461.3282
2026-07-24T17:17:41.797Z,coinjar,91450,91660,91580,10,false,91751.6600,91741.6500,91741.6500,91907.8515
2026-07-24T17:17:41.797Z,kraken,91499.9,91515.7,91426.6,40,false,91881.7628,91885.1179,91886.8864,91897.8520
2026-07-24T17:17:41.797Z,krakeninstant,91499.9,91515.7,91426.6,100,false,92430.8570,92430.8570,92430.8570,92430.8570
2026-07-24T17:17:41.797Z,okx,91475.2,91516.8,91375.1,70,false,92157.4176,92157.4176,92158.4461,95086.0586
2026-07-24T17:17:41.797Z,binance,91443.39229024999,91443.40659453999,91443.399442395,10,false,91534.8500,91534.8500,91534.8500,91536.3356
2026-07-24T17:17:41.797Z,kucoin,91450.6159567,91450.7589996,91434.8812377,10,false,91542.2098,91542.2098,91543.4198,91554.9994
2026-07-24T17:17:41.797Z,cryptocom,91452.48981869,91452.50412298,91452.49697083501,50,false,91909.7666,91909.7666,91909.7666,91914.9114
2026-07-24T17:17:41.797Z,coinbase,92012.56893128401,92012.58332613802,92012.58332613802,60,false,92564.6588,92563.9927,92564.4663,92567.4789
2026-07-24T17:17:41.797Z,pepperstone,91386.7,91577,91481.85,0,false,91577.0000,91581.5291,91633.5984,91674.4568
2026-07-24T17:17:41.797Z,swyftx,90982.78770312,91979.64015469,91481.213928905,60,false,92531.5180,92531.5180,92531.5180,92531.5180
2026-07-24T20:52:59.703Z,coinspot,91908,92038.1,92000,100,false,92958.4810,92958.4810,92958.4810,92958.4810
2026-07-24T20:52:59.703Z,digitalsurge,91433.92,92314.44,91874.18,50,false,92776.0122,92776.0122,92776.0122,92776.0122
2026-07-24T20:52:59.703Z,independentreserve,91824.06,91923.98,91923.99,50,false,92383.5999,92383.5999,92388.1821,92408.2929
2026-07-24T20:52:59.703Z,btcmarkets,91824.01,91923.37,91894.62,85,false,92704.7186,92706.2314,92706.2481,92719.0932
2026-07-24T20:52:59.703Z,coinjar,91770,91890,92000,10,false,91981.8900,92009.1597,92011.6440,92172.4812
2026-07-24T20:52:59.703Z,kraken,91814.1,91829,91831.7,40,false,92196.3160,92196.3160,92196.3160,92209.4930
2026-07-24T20:52:59.703Z,krakeninstant,91814.1,91829,91831.7,100,false,92747.2900,92747.2900,92747.2900,92747.2900
2026-07-24T20:52:59.703Z,okx,91798.8,91842.2,91375.1,70,false,92485.0954,92485.0954,92489.2826,95674.9696
2026-07-24T20:52:59.703Z,binance,91746.20324869998,91746.21756299998,91746.21040584998,10,false,91837.9638,91837.9638,91837.9638,91837.9638
2026-07-24T20:52:59.703Z,kucoin,91755.95128699999,91756.09442999998,91755.95128699999,10,false,91847.8505,91847.8505,91849.2174,91872.6103
2026-07-24T20:52:59.703Z,cryptocom,91754.21925669999,91754.23357099998,91754.22641384999,50,false,92213.0047,92213.0047,92213.0047,92217.8454
2026-07-24T20:52:59.703Z,coinbase,92329.95479471999,92329.969201646,92329.95479471999,60,false,92883.9490,92883.9631,92885.6331,92891.0067
2026-07-24T20:52:59.703Z,pepperstone,91703,91900.7,91801.85,0,false,91900.7000,91904.2136,91940.1098,91989.5248
2026-07-24T20:52:59.703Z,swyftx,91301.68242188,92295.46401153,91798.573216705,60,false,92849.2368,92849.2368,92849.2368,92849.2368
2026-07-25T01:22:39.786Z,coinspot,91890,91897,91900,100,false,92815.9700,92815.9700,92815.9700,92815.9700
2026-07-25T01:22:39.786Z,digitalsurge,91236.83,92074.75,91655.79,50,false,92535.1237,92535.1237,92535.1237,92535.1237
2026-07-25T01:22:39.786Z,independentreserve,91750,91825.95,91969.6,50,false,92285.0797,92285.0797,92285.0820,92347.5888
2026-07-25T01:22:39.786Z,btcmarkets,91622.49,91684.9,91880.65,85,false,92464.2216,92464.2418,92491.1454,92553.5524
2026-07-25T01:22:39.786Z,coinjar,91630,91790,91860,10,false,91881.7900,91881.7900,91881.7900,91962.0641
2026-07-25T01:22:39.786Z,kraken,91646.9,91663.3,91652.4,40,false,92029.9532,92030.0160,92030.1402,92065.9060
2026-07-25T01:22:39.786Z,krakeninstant,91646.9,91663.3,91652.4,100,false,92579.9330,92579.9330,92579.9330,92579.9330
2026-07-25T01:22:39.786Z,okx,91470.3,91821.1,92007.2,70,false,92463.8477,92469.2170,92483.0060,95607.8529
2026-07-25T01:22:39.786Z,binance,91559.51614809998,91559.53046239998,91559.52330524998,10,false,91651.0900,91651.0900,91651.0900,91655.4788
2026-07-25T01:22:39.786Z,kucoin,91565.571097,91565.71423999999,91543.24078899999,10,false,91657.2800,91657.2800,91657.2800,91689.9767
2026-07-25T01:22:39.786Z,cryptocom,91561.39132139999,91561.40563569998,91561.39847854999,50,false,92019.2127,92019.2127,92019.2127,92025.2491
2026-07-25T01:22:39.786Z,coinbase,92007.0740446,92007.08843039999,92007.08843039999,60,false,92559.1310,92559.1310,92559.1310,92563.5091
2026-07-25T01:22:39.786Z,pepperstone,91542.3,91728.8,91635.55,0,false,91728.8000,91732.7270,91771.9408,91815.8057
2026-07-25T01:22:39.786Z,swyftx,91076.61489871,92158.00478772,91617.309843215,60,false,92710.9528,92710.9528,92710.9528,92710.9528
2026-07-25T06:07:55.495Z,coinspot,91821,91933.2,91887.1434,100,false,92852.5320,92852.5320,92852.5320,92852.5320
2026-07-25T06:07:55.495Z,digitalsurge,91246.74,92168.59,91707.67,50,false,92629.4329,92629.4329,92629.4329,92629.4329
2026-07-25T06:07:55.495Z,independentreserve,91750.04,91849.33,92296.12,50,false,92308.5766,92308.5766,92308.5813,92341.4040
2026-07-25T06:07:55.495Z,btcmarkets,91636.02,91778.38,91721.14,85,false,92558.4962,92559.2425,92559.2443,92628.6921
2026-07-25T06:07:55.495Z,coinjar,91660,91890,91890,10,false,91981.8900,91981.8900,91981.8900,92063.2460
2026-07-25T06:07:55.495Z,kraken,91684.2,91697.6,91697.6,40,false,92064.3904,92064.3904,92077.3966,92103.7878
2026-07-25T06:07:55.495Z,krakeninstant,91684.2,91697.6,91697.6,100,false,92614.5760,92614.5760,92614.5760,92614.5760
2026-07-25T06:07:55.495Z,okx,91545.2,91868.1,92007.2,70,false,92511.1767,92514.8897,92524.0931,95329.5619
2026-07-25T06:07:55.495Z,binance,91598.47967269998,91598.49398699998,91598.48682985,10,false,91690.0925,91690.0925,91690.0925,91693.5823
2026-07-25T06:07:55.495Z,kucoin,91594.48598299998,91594.62912599999,91594.48598299998,10,false,91686.2238,91686.2238,91690.0959,91708.7872
2026-07-25T06:07:55.495Z,cryptocom,91599.36715929999,91599.38147359998,91599.37431644999,50,false,92057.3784,92057.3784,92057.3784,92060.3633
2026-07-25T06:07:55.495Z,coinbase,92792.712396416,92792.726898912,92792.712396416,60,false,93349.4833,93349.5921,93349.7305,93354.1139
2026-07-25T06:07:55.495Z,pepperstone,91595.3,91779.7,91687.5,0,false,91779.7000,91783.4632,91821.2946,91864.5046
2026-07-25T06:07:55.495Z,swyftx,91145.41266981,92227.58887162,91686.500770715,60,false,92780.9544,92780.9544,92780.9544,92780.9544
2026-07-25T09:24:04.741Z,coinspot,91657.6,91724.69,91724.69,100,false,92641.9369,92641.9369,92641.9369,92641.9369
2026-07-25T09:24:04.741Z,digitalsurge,91051.04,91929.79,91490.42,50,false,92389.4389,92389.4389,92389.4389,92389.4389
2026-07-25T09:24:04.741Z,independentreserve,91422.68,91618.94,91618.89,50,false,92077.0347,92076.9141,92076.9596,92154.5902
2026-07-25T09:24:04.741Z,btcmarkets,91439.57,91540.5,91547.19,85,false,92318.5942,92319.0077,92319.0202,92402.7447
2026-07-25T09:24:04.741Z,coinjar,91450,91610,91610,10,false,91701.6100,91691.6000,91691.6000,91815.8414
2026-07-25T09:24:04.741Z,kraken,91460.3,91476.5,91439.9,40,false,91842.4060,91845.5073,91849.0216,91886.4551
2026-07-25T09:24:04.741Z,krakeninstant,91460.3,91476.5,91439.9,100,false,92391.2650,92391.2650,92391.2650,92391.2650
2026-07-25T09:24:04.741Z,okx,91520,91647.9,91844.2,70,false,92289.4353,92294.6903,92311.4260,95459.3153
2026-07-25T09:24:04.741Z,binance,91391.33743739998,91391.35175169999,91391.34459454998,10,false,91482.7431,91482.7431,91482.7431,91484.3633
2026-07-25T09:24:04.741Z,kucoin,91382.34805699998,91382.49119999999,91373.47319099998,10,false,91473.8737,91473.8737,91481.9285,91502.1125
2026-07-25T09:24:04.741Z,cryptocom,91392.56846719999,91392.5827815,91392.57562434998,50,false,91849.5457,91849.5457,91849.5457,91850.2090
2026-07-25T09:24:04.741Z,coinbase,92578.118963104,92578.1334656,92578.118963104,60,false,93133.6023,93133.6023,93133.9599,93134.8308
2026-07-25T09:24:04.741Z,pepperstone,91382.5,91566.9,91474.7,0,false,91566.9000,91570.8364,91609.3218,91656.4114
2026-07-25T09:24:04.741Z,swyftx,90916.06175848,91995.51489625,91455.78832736501,60,false,92547.4880,92547.4880,92547.4880,92547.4880
2026-07-25T12:54:19.271Z,coinspot,91960,92016.5,91960,100,false,92936.6650,92936.6650,92936.6650,92936.6650
2026-07-25T12:54:19.271Z,digitalsurge,91330.21,92269.92,91800.07,50,false,92731.2696,92731.2696,92731.2696,92731.2696
2026-07-25T12:54:19.271Z,independentreserve,91805.48,91932.97,91805.21,50,false,92392.6348,92392.6348,92392.6612,92430.6349
2026-07-25T12:54:19.271Z,btcmarkets,91719.85,91879.24,91771.49,85,false,92660.2135,92662.0288,92662.0288,92679.9600
2026-07-25T12:54:19.271Z,coinjar,91790,91920,91810,10,false,92011.9200,92011.9200,92011.9200,92053.2456
2026-07-25T12:54:19.271Z,kraken,91755.8,91774.4,91774.5,40,false,92141.4976,92141.5888,92165.0706,92182.8535
2026-07-25T12:54:19.271Z,krakeninstant,91755.8,91774.4,91774.5,100,false,92692.1440,92692.1440,92692.1440,92692.1440
2026-07-25T12:54:19.271Z,okx,91672,91938.7,91844.2,70,false,92582.2709,92585.3270,92593.3623,95390.9526
2026-07-25T12:54:19.271Z,binance,91741.17501549,91741.1893398,91741.18217764498,10,false,91832.9305,91832.9305,91832.9305,91835.6372
2026-07-25T12:54:19.271Z,kucoin,91737.32177609998,91737.46501919998,91737.32177609998,10,false,91829.2025,91829.2025,91829.4429,91872.9474
2026-07-25T12:54:19.271Z,cryptocom,91737.09258714,91737.10691144998,91737.09974929498,50,false,92195.7924,92195.7924,92195.7924,92199.9011
2026-07-25T12:54:19.271Z,coinbase,92591.075242134,92591.08970137201,92591.08970137201,60,false,93146.6362,93146.6362,93146.6362,93150.2975
2026-07-25T12:54:19.271Z,pepperstone,91673.2,91857.9,91765.54999999999,0,false,91857.9000,91862.1886,91905.7566,91954.3269
2026-07-25T12:54:19.271Z,swyftx,91229.41977018,92312.59338121,91771.006575695,60,false,92866.4689,92866.4689,92866.4689,92866.4689
2026-07-25T16:41:36.123Z,coinspot,92000,92172.71,92148.23,100,false,93094.4371,93094.4371,93094.4371,93094.4371
2026-07-25T16:41:36.123Z,digitalsurge,91446.86,92347.97,91897.42,50,false,92809.7098,92809.7098,92809.7098,92809.7098
2026-07-25T16:41:36.123Z,independentreserve,91876.51,92009.99,91875,50,false,92470.0399,92470.0400,92480.4081,92547.3813
2026-07-25T16:41:36.123Z,btcmarkets,91837.04,91956.99,91945.19,85,false,92738.6244,92738.6446,92738.6500,92805.1006
2026-07-25T16:41:36.123Z,coinjar,91880,92000,92000,10,false,92092.0000,92092.0000,92092.0000,92163.5316
2026-07-25T16:41:36.123Z,kraken,91901.6,91928.9,91842.8,40,false,92296.6156,92304.1436,92311.9271,92321.9355
2026-07-25T16:41:36.123Z,krakeninstant,91901.6,91928.9,91842.8,100,false,92848.1890,92848.1890,92848.1890,92848.1890
2026-07-25T16:41:36.123Z,okx,91845,92102.4,92131.9,70,false,92747.1168,92749.3447,92758.6575,95829.8210
2026-07-25T16:41:36.123Z,binance,91883.22919775998,91883.24352206998,91883.23635991498,10,false,91975.1268,91975.1268,91975.1268,91984.3992
2026-07-25T16:41:36.123Z,kucoin,91881.85406399998,91881.99730709998,91881.85406399998,10,false,91973.8793,91982.8965,91992.3518,92009.2057
2026-07-25T16:41:36.123Z,cryptocom,91887.95622005999,91887.97054436998,91887.96338221499,50,false,92347.4104,92347.4104,92347.4104,92353.0971
2026-07-25T16:41:36.123Z,coinbase,92746.45421368201,92746.46867292,92746.46867292,60,false,93302.9475,93305.6385,93306.7896,93308.6754
2026-07-25T16:41:36.123Z,pepperstone,91830,92017.4,91923.7,0,false,92017.4000,92021.3175,92061.9798,92103.7571
2026-07-25T16:41:36.123Z,swyftx,91371.73218425,92456.56350197,91914.14784311,60,false,93011.3029,93011.3029,93011.3029,93011.3029
2026-07-25T20:38:00.011Z,coinspot,92100,92398.06,92263.25,100,false,93322.0406,93322.0406,93322.0406,93322.0406
2026-07-25T20:38:00.011Z,digitalsurge,91672.09,92551.37,92111.73,50,false,93014.1268,93014.1268,93014.1268,93014.1268
2026-07-25T20:38:00.011Z,independentreserve,92156.65,92198,92347.57,50,false,92658.9900,92697.5755,92700.7842,92781.4319
2026-07-25T20:38:00.011Z,btcmarkets,92063.19,92159.38,92175.22,85,false,92942.7347,92943.4205,92944.3504,92984.6681
2026-07-25T20:38:00.011Z,coinjar,92090,92350,92310,10,false,92442.3500,92669.4326,92690.2827,92914.5077
2026-07-25T20:38:00.011Z,kraken,92069.7,92097.9,92068.7,40,false,92466.2916,92481.0672,92484.9375,92506.0239
2026-07-25T20:38:00.011Z,krakeninstant,92069.7,92097.9,92068.7,100,false,93018.8790,93018.8790,93018.8790,93018.8790
2026-07-25T20:38:00.011Z,okx,91944.7,92286.7,92131.9,70,false,92932.7069,92932.7069,92935.9834,96007.7421
2026-07-25T20:38:00.011Z,binance,92067.35387849998,92067.36820280999,92067.361040655,10,false,92159.4356,92159.4356,92159.4356,92159.4356
2026-07-25T20:38:00.011Z,kucoin,92071.22144219998,92071.3646853,92076.66467999999,10,false,92163.4360,92163.4360,92163.4360,92187.8655
2026-07-25T20:38:00.011Z,cryptocom,92068.09874261999,92068.11306692999,92068.10590477497,50,false,92528.4536,92528.4536,92528.4536,92530.1435
2026-07-25T20:38:00.011Z,coinbase,92921.338697292,92921.35315653,92921.338697292,60,false,93478.8813,93478.8813,93478.8813,93480.2882
2026-07-25T20:38:00.011Z,pepperstone,91999.6,92186.8,92093.20000000001,0,false,92186.8000,92190.4471,92229.1929,92284.9050
2026-07-25T20:38:00.011Z,swyftx,91556.06967345,92649.56780247,92102.81873796,60,false,93205.4652,93205.4652,93205.4652,93205.4652
2026-07-26T01:25:30.879Z,coinspot,92525,92589,92525,100,false,93514.8900,93514.8900,93514.8900,93514.8900
2026-07-26T01:25:30.879Z,digitalsurge,91870.12,92764.51,92317.32,50,false,93228.3325,93228.3325,93228.3325,93228.3325
2026-07-26T01:25:30.879Z,independentreserve,92352.41,92455.08,92455.78,50,false,92917.3554,92917.5966,92917.5990,92937.9162
2026-07-26T01:25:30.879Z,btcmarkets,92262.07,92371.76,92260.25,85,false,93156.9200,93156.9200,93156.9254,93230.1428
2026-07-26T01:25:30.879Z,coinjar,92470,92520,92590,10,false,92612.5200,92612.5200,92612.5200,92842.1177
2026-07-26T01:25:30.879Z,kraken,92285.9,92307.2,92324.7,40,false,92676.4288,92686.5969,92687.6563,92725.3191
2026-07-26T01:25:30.879Z,krakeninstant,92285.9,92307.2,92324.7,100,false,93230.2720,93230.2720,93230.2720,93230.2720
2026-07-26T01:25:30.879Z,okx,92138.2,92488.8,92562.4,70,false,93136.2216,93137.2499,93142.9932,96179.1667
2026-07-26T01:25:30.879Z,binance,92285.08339049999,92285.09771480999,92285.09055265499,10,false,92377.3828,92377.3828,92377.3828,92378.2481
2026-07-26T01:25:30.879Z,kucoin,92284.79690429999,92284.94014739999,92287.0887939,10,false,92377.2251,92377.2251,92377.2251,92392.1879
2026-07-26T01:25:30.879Z,cryptocom,92281.77447488999,92281.78879919999,92281.78163704499,50,false,92743.1977,92743.1977,92743.1977,92747.3338
2026-07-26T01:25:30.879Z,coinbase,93133.40988136799,93133.4243396,93133.40988136799,60,false,93692.2249,93692.2249,93692.2249,93695.1627
2026-07-26T01:25:30.879Z,pepperstone,92225.6,92413.2,92319.4,0,false,92413.2000,92416.7869,92456.1268,92506.6571
2026-07-26T01:25:30.879Z,swyftx,91776.16987109,92865.80290192,92320.986386505,60,false,93422.9977,93422.9977,93422.9977,93422.9977
2026-07-26T06:27:02.628Z,coinspot,92000,92100,92100,100,false,93021.0000,93021.0000,93021.0000,93021.0000
2026-07-26T06:27:02.628Z,digitalsurge,91602.16,92534.97,92068.56,50,false,92997.6448,92997.6448,92997.6448,92997.6448
2026-07-26T06:27:02.628Z,independentreserve,92005.18,92200.1,92252.59,50,false,92661.1005,92661.1005,92661.1005,92705.4749
2026-07-26T06:27:02.628Z,btcmarkets,91993,92144.41,91974.59,85,false,92927.6375,92926.8811,92926.8828,92960.3804
2026-07-26T06:27:02.628Z,coinjar,92060,92190,92280,10,false,92282.1900,92282.1900,92282.1900,92429.0056
2026-07-26T06:27:02.628Z,kraken,92055,92069.8,92104.4,40,false,92438.0792,92438.0792,92448.4530,92475.7210
2026-07-26T06:27:02.628Z,krakeninstant,92069.7,92069.8,92104.4,100,false,92990.4980,92990.4980,92990.4980,92990.4980
2026-07-26T06:27:02.628Z,okx,91888.1,92256.4,92167.1,70,false,92902.1948,92905.4223,92913.7764,95953.9226
2026-07-26T06:27:02.628Z,binance,92044.11984767999,92044.13417199,92044.12700983499,10,false,92136.1783,92136.1783,92136.1783,92136.6803
2026-07-26T06:27:02.628Z,kucoin,92040.85390499998,92040.99714809998,92015.07014699999,10,false,92133.0381,92133.0381,92133.0381,92144.8100
2026-07-26T06:27:02.628Z,cryptocom,92039.02039331998,92039.03471762998,92039.027555475,50,false,92499.2299,92499.2299,92499.2299,92507.5477
2026-07-26T06:27:02.628Z,coinbase,92892.55019448,92892.564652712,92892.564652712,60,false,93449.9200,93449.9200,93452.0281,93455.2547
2026-07-26T06:27:02.628Z,pepperstone,91994.9,92179.3,92087.1,0,false,92179.3000,92183.2396,92225.0519,92273.9743
2026-07-26T06:27:02.628Z,swyftx,91538.79286239,92625.57558531,92082.18422385,60,false,93181.3290,93181.3290,93181.3290,93181.3290
2026-07-26T09:48:00.419Z,coinspot,92298.39,92500,92500,100,false,93425.0000,93425.0000,93425.0000,93425.0000
2026-07-26T09:48:00.419Z,digitalsurge,91938.46,92838.9,92388.68,50,false,93303.0945,93303.0945,93303.0945,93303.0945
2026-07-26T09:48:00.419Z,independentreserve,92361.01,92533.74,92535.16,50,false,92996.4087,92996.4187,92996.4242,93047.1176
2026-07-26T09:48:00.419Z,btcmarkets,92330.61,92445.9,92295.77,85,false,93231.6901,93232.2146,93232.2146,93279.4061
2026-07-26T09:48:00.419Z,coinjar,92380,92560,92380,10,false,92652.5600,92642.5500,92642.5500,92743.1130
2026-07-26T09:48:00.419Z,kraken,92405.1,92422.2,92420.8,40,false,92791.8888,92791.8888,92806.2764,92836.1768
2026-07-26T09:48:00.419Z,krakeninstant,92405.1,92422.2,92420.8,100,false,93346.4220,93346.4220,93346.4220,93346.4220
2026-07-26T09:48:00.419Z,okx,92228.4,92593.8,92167.1,70,false,93241.9566,93241.9566,93244.9911,96244.8280
2026-07-26T09:48:00.419Z,binance,92391.68490551999,92391.69922982999,92391.69206767499,10,false,92484.0909,92484.0909,92484.0909,92486.0641
2026-07-26T09:48:00.419Z,kucoin,92383.20491399999,92383.34815709999,92375.89951589999,10,false,92475.7315,92475.7315,92479.9951,92494.7082
2026-07-26T09:48:00.419Z,cryptocom,92383.07599520999,92383.09031951998,92383.08315736499,50,false,92845.0058,92845.0058,92845.0058,92852.3272
2026-07-26T09:48:00.419Z,coinbase,93063.552014048,93063.56644411199,93063.552014048,60,false,93621.9478,93622.6240,93623.7473,93627.6161
2026-07-26T09:48:00.419Z,pepperstone,92348.6,92532.9,92440.75,0,false,92532.9000,92536.4676,92576.2749,92619.8632
2026-07-26T09:48:00.419Z,swyftx,91878.6164332,92969.43361495,92424.025024075,60,false,93527.2502,93527.2502,93527.2502,93527.2502
2026-07-26T12:51:42.268Z,coinspot,92400,92519.25,92339.21,100,false,93444.4425,93444.4425,93444.4425,93444.4425
2026-07-26T12:51:42.268Z,digitalsurge,91828.67,92755.16,92291.91,50,false,93218.9358,93218.9358,93218.9358,93218.9358
2026-07-26T12:51:42.268Z,independentreserve,92325.03,92424.05,92400,50,false,92886.1702,92886.4215,92886.4215,92919.4796
2026-07-26T12:51:42.268Z,btcmarkets,92133.02,92362.45,92473.14,85,false,93147.5308,93147.5308,93147.5308,93238.0961
2026-07-26T12:51:42.268Z,coinjar,92250,92470,92420,10,false,92562.4700,92562.4700,92562.4700,92713.7039
2026-07-26T12:51:42.268Z,kraken,92352.8,92352.9,92352.8,40,false,92722.3116,92722.3116,92722.3116,92730.2569
2026-07-26T12:51:42.268Z,krakeninstant,92352.8,92352.9,92352.8,100,false,93276.4290,93276.4290,93276.4290,93276.4290
2026-07-26T12:51:42.268Z,okx,92401,92478.3,92653.4,70,false,93125.6481,93141.3128,93151.1907,96161.4843
2026-07-26T12:51:42.268Z,binance,92274.84150884999,92274.85583315999,92274.84867100498,10,false,92367.1307,92367.1307,92367.1307,92370.2593
2026-07-26T12:51:42.268Z,kucoin,92268.61043399999,92268.75367709999,92268.75367709999,10,false,92361.0224,92361.0224,92365.1289,92423.3804
2026-07-26T12:51:42.268Z,cryptocom,92275.84421054999,92275.85853485999,92275.85137270499,50,false,92737.2378,92737.2378,92737.2378,92742.2389
2026-07-26T12:51:42.268Z,coinbase,92866.79110172,92866.805519712,92866.79110172,60,false,93424.0064,93424.7143,93429.1782,93434.9234
2026-07-26T12:51:42.268Z,pepperstone,92238.7,92424.5,92331.6,0,false,92424.5000,92427.9377,92465.7021,92510.7224
2026-07-26T12:51:42.268Z,swyftx,91776.59972533,92866.1736103,92321.38666781501,60,false,93423.3707,93423.3707,93423.3707,93423.3707
2026-07-26T16:42:18.267Z,coinspot,92654.15,92899.99,92900,100,false,93828.9899,93828.9899,93828.9899,93828.9899
2026-07-26T16:42:18.267Z,digitalsurge,92393.34,93263.3,92828.32,50,false,93729.6165,93729.6165,93729.6165,93729.6165
2026-07-26T16:42:18.267Z,independentreserve,92742.99,92743,92801,50,false,93206.7150,93333.1928,93339.1909,93399.5074
2026-07-26T16:42:18.267Z,btcmarkets,92787.52,92890.46,92971.6,85,false,93680.0289,93680.0289,93680.0343,93765.4656
2026-07-26T16:42:18.267Z,coinjar,92780,92940,92790,10,false,93032.9400,93032.9400,93032.9400,93057.7776
2026-07-26T16:42:18.267Z,kraken,92824.5,92849,92843.7,40,false,93220.3960,93228.6259,93229.5321,93253.8099
2026-07-26T16:42:18.267Z,krakeninstant,92824.5,92849,92843.7,100,false,93777.4900,93777.4900,93777.4900,93777.4900
2026-07-26T16:42:18.267Z,okx,92671.2,92999.9,92829.7,70,false,93650.8993,93661.6400,93662.1239,94105.2635
2026-07-26T16:42:18.267Z,binance,92927.23164725,92927.24599158,92927.238819415,10,false,93020.1732,93020.1732,93020.1732,93020.1732
2026-07-26T16:42:18.267Z,kucoin,92920.9918637,92921.13530699999,92900.90980169999,10,false,93014.0564,93014.0564,93014.0564,93028.7420
2026-07-26T16:42:18.267Z,cryptocom,92924.4345029,92924.44884722999,92924.44167506498,50,false,93389.0711,93389.0711,93389.0711,93389.1529
2026-07-26T16:42:18.267Z,coinbase,93474.75111779198,93474.76554785599,93474.76554785599,60,false,94035.6141,94035.6141,94035.8459,94038.8619
2026-07-26T16:42:18.267Z,pepperstone,92767.2,92948,92857.6,0,false,92948.0000,92951.7567,92996.3433,93043.8046
2026-07-26T16:42:18.267Z,swyftx,92304.90052669,93400.74632788,92852.82342728501,60,false,93961.1508,93961.1508,93961.1508,93961.1508
2026-07-26T20:43:06.136Z,coinspot,92500,92591.8,92573.7,100,false,93517.7180,93517.7180,93517.7180,93517.7180
2026-07-26T20:43:06.136Z,digitalsurge,92073.84,92957.92,92515.88,50,false,93422.7096,93422.7096,93422.7096,93422.7096
2026-07-26T20:43:06.136Z,independentreserve,92445.14,92537.99,92438,50,false,93000.6799,93000.6799,93000.6826,93066.0473
2026-07-26T20:43:06.136Z,btcmarkets,92466.72,92569.73,92576.05,85,false,93356.5727,93351.6613,93351.6667,93426.6874
2026-07-26T20:43:06.136Z,coinjar,92490,92590,92620,10,false,92682.5900,92682.5900,92682.5900,92784.3123
2026-07-26T20:43:06.136Z,kraken,92525.1,92536.7,92562.8,40,false,92906.8468,92906.8468,92906.8468,92943.6308
2026-07-26T20:43:06.136Z,krakeninstant,92525.1,92536.7,92562.8,100,false,93462.0670,93462.0670,93462.0670,93462.0670
2026-07-26T20:43:06.136Z,okx,92401,92716.3,92492,70,false,93365.3141,93365.1127,93365.1326,94236.5340
2026-07-26T20:43:06.136Z,binance,92547.99177623999,92548.00610054999,92547.99893839499,10,false,92640.5541,92640.5541,92640.5541,92640.7529
2026-07-26T20:43:06.136Z,kucoin,92550.08312549998,92550.22636859998,92557.67500979999,10,false,92642.7766,92642.7766,92642.7766,92658.5618
2026-07-26T20:43:06.136Z,cryptocom,92545.38475181999,92545.39907613,92545.39191397499,50,false,93008.1261,93008.1261,93008.1261,93012.6348
2026-07-26T20:43:06.136Z,coinbase,93229.94508203198,93229.95951209599,93229.95951209599,60,false,93789.3393,93789.3393,93789.3393,93794.2703
2026-07-26T20:43:06.136Z,pepperstone,92248.6,92432.5,92340.55,0,false,92432.5000,92435.8660,92472.8850,92522.8348
2026-07-26T20:43:06.136Z,swyftx,91797.87729281,92888.35513964,92343.116216225,60,false,93445.6853,93445.6853,93445.6853,93445.6853
2026-07-27T01:29:54.832Z,coinspot,92950,93015.3,93000,100,false,93945.4530,93945.4530,93945.4530,93945.4530
2026-07-27T01:29:54.832Z,digitalsurge,92360.52,93221.67,92791.1,50,false,93687.7783,93687.7783,93687.7783,93687.7783
2026-07-27T01:29:54.832Z,independentreserve,92800,92827,93501.23,50,false,93291.1350,93291.1350,93336.0204,93368.0526
2026-07-27T01:29:54.832Z,btcmarkets,92754.64,92826.99,92851.99,85,false,93616.0194,93616.0194,93616.0194,93659.3749
2026-07-27T01:29:54.832Z,coinjar,92730,93010,92760,10,false,93103.0100,93082.9900,93082.9900,93124.7302
2026-07-27T01:29:54.832Z,kraken,92840.9,92867.3,92869.3,40,false,93238.7692,93239.3157,93240.2028,93249.4548
2026-07-27T01:29:54.832Z,krakeninstant,92840.9,92867.3,92869.3,100,false,93795.9730,93795.9730,93795.9730,93795.9730
2026-07-27T01:29:54.832Z,okx,92834,92880.1,93089.2,70,false,93530.2607,93530.2607,93537.1967,96624.7404
2026-07-27T01:29:54.832Z,binance,92992.43483529998,92992.44914959998,92992.44199244998,10,false,93085.4416,93085.4416,93085.4416,93085.8710
2026-07-27T01:29:54.832Z,kucoin,92989.27137499998,92989.41451799998,93002.15424499998,10,false,93082.4039,93082.4039,93084.0743,93124.3481
2026-07-27T01:29:54.832Z,cryptocom,92990.43083329998,92990.44514759998,92990.43799045,50,false,93455.3974,93455.3974,93455.3974,93457.5937
2026-07-27T01:29:54.832Z,coinbase,93357.455214842,93357.469587564,93357.455214842,60,false,93917.6144,93921.8509,93921.9511,93923.5130
2026-07-27T01:29:54.832Z,pepperstone,92736.8,92916.2,92826.5,0,false,92916.2000,92920.2638,92968.2636,93016.1816
2026-07-27T01:29:54.832Z,swyftx,92355.45190826,93354.46722219,92854.959565225,60,false,93914.5940,93914.5940,93914.5940,93914.5940
2026-07-27T06:52:54.928Z,coinspot,93250,93463.63,93474.79,100,false,94398.2663,94398.2663,94398.2663,94398.2663
2026-07-27T06:52:54.928Z,digitalsurge,92912.02,93783.95,93347.99,50,false,94252.8697,94252.8697,94252.8697,94252.8697
2026-07-27T06:52:54.928Z,independentreserve,93308,93378.63,93270,50,false,93845.5231,93845.7040,93845.7155,93928.8308
2026-07-27T06:52:54.928Z,btcmarkets,93308.45,93386.89,93306,85,false,94180.6786,94180.6786,94180.6839,94207.4300
2026-07-27T06:52:54.928Z,coinjar,93190,93340,93360,10,false,93433.3400,93433.3400,93433.3400,93625.9251
2026-07-27T06:52:54.928Z,kraken,93320.3,93321.3,93320.4,40,false,93694.5852,93694.6762,93701.3810,93728.1498
2026-07-27T06:52:54.928Z,krakeninstant,93320.3,93321.3,93320.4,100,false,94254.5130,94254.5130,94254.5130,94254.5130
2026-07-27T06:52:54.928Z,okx,93358.6,93377.8,93412.8,70,false,94031.4446,94031.4446,94034.9955,97057.9146
2026-07-27T06:52:54.928Z,binance,93457.73224787998,93457.74654215998,93457.73939501998,10,false,93551.2043,93551.2043,93551.2043,93556.8347
2026-07-27T06:52:54.928Z,kucoin,93456.57441119998,93456.71735399998,93472.72694759998,10,false,93550.1741,93550.1741,93553.7097,93588.7761
2026-07-27T06:52:54.928Z,cryptocom,93458.84720171998,93458.86149599998,93458.85434885997,50,false,93926.1558,93926.1558,93926.1558,93929.7454
2026-07-27T06:52:54.928Z,coinbase,93837.59892804,93837.613280642,93837.59892804,60,false,94400.6390,94400.6390,94402.7680,94408.4420
2026-07-27T06:52:54.928Z,pepperstone,93322.5,93409.5,93366,0,false,93409.5000,93412.7278,93453.9208,93492.7433
2026-07-27T06:52:54.928Z,swyftx,92785.8042925,93789.66921803,93287.73675526501,60,false,94352.4072,94352.4072,94352.4072,94352.4072
2026-07-27T10:59:04.314Z,coinspot,93149.99,93250,93250,100,false,94182.5000,94182.5000,94182.5000,94182.5000
2026-07-27T10:59:04.314Z,digitalsurge,92812.58,93688.13,93250.35,50,false,94156.5706,94156.5706,94156.5706,94156.5706
2026-07-27T10:59:04.314Z,independentreserve,93185,93260.89,93278.85,50,false,93727.1944,93727.1944,93727.1944,93775.0040
2026-07-27T10:59:04.314Z,btcmarkets,93199.03,93291.47,93381.99,85,false,94084.4475,94084.4475,94084.4519,94135.9137
2026-07-27T10:59:04.314Z,coinjar,93110,93260,93110,10,false,93353.2600,93353.2600,93353.2600,93511.0970
2026-07-27T10:59:04.314Z,kraken,93234.6,93253.3,93261.1,40,false,93626.3132,93627.6788,93630.4943,93643.4551
2026-07-27T10:59:04.314Z,krakeninstant,93234.6,93253.3,93261.1,100,false,94185.8330,94185.8330,94185.8330,94185.8330
2026-07-27T10:59:04.314Z,okx,93266.3,93297.8,93000,70,false,93950.8846,93950.8846,93959.1986,96989.3535
2026-07-27T10:59:04.314Z,binance,93324.15220127998,93324.16649555997,93324.15934841998,10,false,93417.4907,93417.4907,93417.4907,93419.1282
2026-07-27T10:59:04.314Z,kucoin,93316.63340999998,93316.77635279998,93316.63340999998,10,false,93410.0931,93410.0931,93417.3548,93474.1005
2026-07-27T10:59:04.314Z,cryptocom,93318.99196619999,93319.00626047999,93318.99911333997,50,false,93785.6013,93785.6013,93785.6013,93791.2307
2026-07-27T10:59:04.314Z,coinbase,93750.003675144,93750.0180368,93750.003675144,60,false,94312.5181,94311.3423,94312.8945,94313.4748
2026-07-27T10:59:04.314Z,pepperstone,93133.1,93320.6,93226.85,0,false,93320.6000,93323.5109,93360.1295,93409.7767
2026-07-27T10:59:04.314Z,swyftx,92711.8656502,93721.40153262,93216.63359141,60,false,94283.7299,94283.7299,94283.7299,94283.7299
2026-07-27T14:05:07.529Z,coinspot,93163.04,93485.72,93300,100,false,94420.5772,94420.5772,94420.5772,94420.5772
2026-07-27T14:05:07.529Z,digitalsurge,92826.97,93707.73,93267.35,50,false,94176.2686,94176.2686,94176.2686,94176.2686
2026-07-27T14:05:07.529Z,independentreserve,93189,93262.98,93301,50,false,93729.2949,93729.2949,93747.1424,93841.1718
2026-07-27T14:05:07.529Z,btcmarkets,93225.07,93314.99,93299.99,85,false,94108.1674,94104.1334,94104.1334,94150.1875
2026-07-27T14:05:07.529Z,coinjar,93180,93310,93280,10,false,93403.3100,93416.5250,93431.6582,93564.9573
2026-07-27T14:05:07.529Z,kraken,93290.8,93306.8,93219.4,40,false,93680.0272,93685.9978,93708.7277,93715.2856
2026-07-27T14:05:07.529Z,krakeninstant,93290.8,93306.8,93219.4,100,false,94239.8680,94239.8680,94239.8680,94239.8680
2026-07-27T14:05:07.529Z,okx,93311,93362.3,93667.4,70,false,94015.8361,94027.1145,94028.5142,96704.7141
2026-07-27T14:05:07.529Z,binance,93511.88892044999,93511.90324475999,93511.89608260499,10,false,93605.4151,93605.4151,93605.4151,93610.4951
2026-07-27T14:05:07.529Z,kucoin,93505.08487319999,93505.22811629999,93476.86598249999,10,false,93598.7333,93609.0673,93616.0599,93647.2868
2026-07-27T14:05:07.529Z,cryptocom,93515.99999741999,93516.01432172999,93516.00715957498,50,false,93983.5944,93989.1554,93990.3607,93998.1877
2026-07-27T14:05:07.529Z,coinbase,93832.38132916001,93832.3957049,93832.38132916001,60,false,94395.3901,94397.9989,94399.6338,94402.2126
2026-07-27T14:05:07.529Z,pepperstone,93214.2,93394.9,93304.54999999999,0,false,93394.9000,93404.8621,93444.7163,93494.3610
2026-07-27T14:05:07.529Z,swyftx,92792.66945889,93802.9982055,93297.833832195,60,false,94365.8162,94365.8162,94365.8162,94365.8162
2026-07-27T17:26:13.561Z,coinspot,92808.98,93154.27,92250,100,false,94085.8127,94085.8127,94085.8127,94085.8127
2026-07-27T17:26:13.561Z,digitalsurge,92588.66,93443.21,93015.93,50,false,93910.4260,93910.4260,93910.4260,93910.4260
2026-07-27T17:26:13.561Z,independentreserve,92922,92986.87,92742.97,50,false,93451.8043,93451.8043,93451.8043,93508.2744
2026-07-27T17:26:13.561Z,btcmarkets,92983.67,93047.6,92760.7,85,false,93838.5046,93838.5954,93838.5954,93878.8260
2026-07-27T17:26:13.561Z,coinjar,92880,93000,92730,10,false,93093.0000,93093.0000,93093.0000,93330.2080
2026-07-27T17:26:13.561Z,kraken,92961.6,92989.3,92890.1,40,false,93361.2572,93363.1509,93363.3441,93386.4145
2026-07-27T17:26:13.561Z,krakeninstant,92961.6,92989.3,92890.1,100,false,93919.1930,93919.1930,93919.1930,93919.1930
2026-07-27T17:26:13.561Z,okx,93001,93033.8,92200,70,false,93685.0366,93685.0366,93690.2027,97012.0159
2026-07-27T17:26:13.561Z,binance,92870.05151423998,92870.06580851997,92870.05866137998,10,false,92962.9359,92962.9359,92962.9359,92967.3000
2026-07-27T17:26:13.561Z,kucoin,92873.08190159997,92873.22484439999,92869.22244599999,10,false,92966.0981,92966.0981,92969.3829,92989.0098
2026-07-27T17:26:13.561Z,cryptocom,92873.88238127998,92873.89667555998,92873.88952841998,50,false,93338.2662,93338.2662,93338.2662,93338.3551
2026-07-27T17:26:13.561Z,coinbase,93496.34669646,93496.361088296,93496.34669646,60,false,94057.3393,94057.3406,94059.3664,94060.9587
2026-07-27T17:26:13.561Z,pepperstone,92883.9,93063.8,92973.85,0,false,93063.8000,93067.4257,93111.2303,93150.1190
2026-07-27T17:26:13.561Z,swyftx,92449.10618377,93455.53069814,92952.318440955,60,false,94016.2639,94016.2639,94016.2639,94016.2639
2026-07-27T20:58:29.730Z,coinspot,92686.34,93022.3,93029.1,100,false,93952.5230,93952.5230,93952.5230,93952.5230
2026-07-27T20:58:29.730Z,digitalsurge,92459.55,93312.38,92885.96,50,false,93778.9419,93778.9419,93778.9419,93778.9419
2026-07-27T20:58:29.730Z,independentreserve,92795,92860.87,92811.95,50,false,93325.1743,93325.1743,93325.1743,93381.1440
2026-07-27T20:58:29.730Z,btcmarkets,92854.01,92917.31,92917.48,85,false,93707.1071,93707.1071,93707.1125,93765.0506
2026-07-27T20:58:29.730Z,coinjar,92740,92880,92760,10,false,92972.8800,92972.8800,92972.8800,93422.8135
2026-07-27T20:58:29.730Z,kraken,92845.2,92867.4,92874.8,40,false,93238.8696,93247.1575,93248.0268,93272.1182
2026-07-27T20:58:29.730Z,krakeninstant,92845.2,92867.4,92874.8,100,false,93796.0740,93796.0740,93796.0740,93796.0740
2026-07-27T20:58:29.730Z,okx,92884.8,92907.2,92200,70,false,93557.5504,93557.5504,93565.7264,96603.2240
2026-07-27T20:58:29.730Z,binance,92842.52350373,92842.53780801999,92842.530655875,10,false,92935.3803,92935.3803,92935.3803,92936.9018
2026-07-27T20:58:29.730Z,kucoin,92844.855103,92844.9981459,92833.8407997,10,false,92937.8431,92937.8431,92938.0790,92962.7394
2026-07-27T20:58:29.730Z,cryptocom,92843.15289248999,92843.16719677999,92843.160044635,50,false,93307.3830,93307.2680,93307.2680,93307.2874
2026-07-27T20:58:29.730Z,coinbase,93370.49730366,93370.511691472,93370.49730366,60,false,93930.7348,93930.7492,93933.5068,93938.5598
2026-07-27T20:58:29.730Z,pepperstone,92743.6,92937.9,92840.75,0,false,92937.9000,92940.6179,92972.8205,93025.4922
2026-07-27T20:58:29.730Z,swyftx,92342.00390552,93347.28198842,92844.64294697001,60,false,93907.3657,93907.3657,93907.3657,93907.3657
2026-07-28T01:17:32.506Z,coinspot,90400,90548.6,90595.6,100,false,91454.0860,91454.0860,91454.0860,91454.0860
2026-07-28T01:17:32.506Z,digitalsurge,89991.07,90822.61,90406.84,50,false,91276.7230,91276.7230,91276.7230,91276.7230
2026-07-28T01:17:32.506Z,independentreserve,90375,90457.99,90365,50,false,90910.2799,90910.2799,90910.2799,90922.9185
2026-07-28T01:17:32.506Z,btcmarkets,90375,90437.76,90410.98,85,false,91206.4810,91206.7633,91206.7652,91248.2192
2026-07-28T01:17:32.506Z,coinjar,90300,90430,90320,10,false,90520.4300,90540.4500,90540.4500,91039.1548
2026-07-28T01:17:32.506Z,kraken,90350,90356.8,90350,40,false,90718.2272,90718.2272,90719.2565,90756.5459
2026-07-28T01:17:32.506Z,krakeninstant,90350,90356.8,90350,100,false,91260.3680,91260.3680,91260.3680,91260.3680
2026-07-28T01:17:32.506Z,okx,90354.3,90409.2,90500,70,false,91042.0644,91042.0644,91045.9664,94034.6302
2026-07-28T01:17:32.506Z,binance,90318.44570749,90318.46001178,90318.452859635,10,false,90408.7785,90408.7785,90408.7785,90412.8504
2026-07-28T01:17:32.506Z,kucoin,90313.4249017,90313.5679446,90259.6407713,10,false,90403.8815,90403.8815,90412.7289,90436.6642
2026-07-28T01:17:32.506Z,cryptocom,90315.82802242,90315.84232671,90315.835174565,50,false,90767.4215,90767.4215,90767.4215,90778.8053
2026-07-28T01:17:32.506Z,coinbase,90857.12863527199,90859.02835762399,90857.718700548,60,false,91404.1825,91404.1825,91404.1825,91408.7654
2026-07-28T01:17:32.506Z,pepperstone,90246.9,90441.5,90344.2,0,false,90441.5000,90445.9140,90484.4767,90556.5758
2026-07-28T01:17:32.506Z,swyftx,89844.71930257,90822.76437837,90333.74184047,60,false,91367.7010,91367.7010,91367.7010,91367.7010
2026-07-28T06:15:58.642Z,coinspot,90900,91000,91000,100,false,91910.0000,91910.0000,91910.0000,91910.0000
2026-07-28T06:15:58.642Z,digitalsurge,90471.07,91323.64,90897.35,50,false,91780.2582,91780.2582,91780.2582,91780.2582
2026-07-28T06:15:58.642Z,independentreserve,90922.01,90983.96,90956.97,50,false,91438.8798,91438.8798,91438.8798,91475.3019
2026-07-28T06:15:58.642Z,btcmarkets,90857.1,90936.99,90882.89,85,false,91709.9544,91709.9544,91709.9544,91728.0067
2026-07-28T06:15:58.642Z,coinjar,90870,91020,91020,10,false,91111.0200,91111.0200,91111.0200,91498.6506
2026-07-28T06:15:58.642Z,kraken,90938.5,90966.4,90951.3,40,false,91330.2656,91338.9913,91339.7755,91373.2505
2026-07-28T06:15:58.642Z,krakeninstant,90938.5,90966.4,90951.3,100,false,91876.0640,91876.0640,91876.0640,91876.0640
2026-07-28T06:15:58.642Z,okx,90976.6,91026.4,91160.4,70,false,91663.5848,91663.5848,91663.7333,94804.0656
2026-07-28T06:15:58.642Z,binance,90930.38615661,90930.40050093998,90930.393328775,10,false,91021.3309,91021.3309,91021.3309,91022.0633
2026-07-28T06:15:58.642Z,kucoin,90927.12999369999,90927.273437,90904.1790657,10,false,91018.2007,91018.2007,91020.9959,91042.1367
2026-07-28T06:15:58.642Z,cryptocom,90931.26116073999,90931.27550506999,90931.26833290499,50,false,91385.9319,91385.9319,91385.9319,91389.1306
2026-07-28T06:15:58.642Z,coinbase,91465.14626597,91465.16069704002,91465.16069704002,60,false,92013.9517,92008.8117,92012.9100,92019.0242
2026-07-28T06:15:58.642Z,pepperstone,90844.6,91034.5,90939.55,0,false,91034.5000,91037.8698,91068.6758,91118.6310
2026-07-28T06:15:58.642Z,swyftx,90434.615938,91418.74458847,90926.680263235,60,false,91967.2571,91967.2571,91967.2571,91967.2571
2026-07-28T10:19:19.705Z,coinspot,90999,91157.4,91095.9,100,false,92068.9740,92068.9740,92068.9740,92068.9740
2026-07-28T10:19:19.705Z,digitalsurge,90540.59,91394.95,90967.77,50,false,91851.9247,91851.9247,91851.9247,91851.9247
2026-07-28T10:19:19.705Z,independentreserve,91004.01,91092,91010,50,false,91547.4600,91558.5150,91558.5150,91566.0132
2026-07-28T10:19:19.705Z,btcmarkets,90926.86,91000.99,90886.63,85,false,91774.4984,91781.5579,91783.2115,91800.0625
2026-07-28T10:19:19.705Z,coinjar,90960,91090,91020,10,false,91181.0900,91181.0900,91181.0900,91434.0053
2026-07-28T10:19:19.705Z,kraken,90984.5,91006.3,90927.9,40,false,91370.3252,91370.3252,91373.9423,91409.5634
2026-07-28T10:19:19.705Z,krakeninstant,90984.5,91006.3,90927.9,100,false,91916.3630,91916.3630,91916.3630,91916.3630
2026-07-28T10:19:19.705Z,okx,91030.3,91085.2,90950.5,70,false,91722.7964,91722.7964,91723.6620,94829.3480
2026-07-28T10:19:19.705Z,binance,90965.20380948,90965.21816382,90965.21098665,10,false,91056.1834,91056.1834,91056.1834,91056.1834
2026-07-28T10:19:19.705Z,kucoin,90969.3378594,90969.48140279998,90972.6393576,10,false,91060.4509,91060.4509,91061.8348,91101.8718
2026-07-28T10:19:19.705Z,cryptocom,90949.08388565999,90949.09823999999,90949.09106282999,50,false,91403.8437,91403.8437,91403.8437,91410.1802
2026-07-28T10:19:19.705Z,coinbase,91487.38901148,91487.40345261,91488.42877284,60,false,92036.3279,92039.6112,92039.6112,92042.2633
2026-07-28T10:19:19.705Z,pepperstone,90875.3,91071.5,90973.4,0,false,91071.5000,91075.4893,91112.1273,91149.0414
2026-07-28T10:19:19.705Z,swyftx,90452.71614518,91430.56832454,90941.64223486,60,false,91979.1517,91979.1517,91979.1517,91979.1517
2026-07-28T13:24:47.983Z,coinspot,90900,90995.2,91000,100,false,91905.1520,91905.1520,91905.1520,91905.1520
2026-07-28T13:24:47.983Z,digitalsurge,90423.24,91243.67,90833.45,50,false,91699.8883,91699.8883,91699.8883,91699.8883
2026-07-28T13:24:47.983Z,independentreserve,90900,90932.94,90519.8,50,false,91387.6047,91387.6147,91387.6220,91423.0404
2026-07-28T13:24:47.983Z,btcmarkets,90809.01,90860.23,91066.98,85,false,91632.5420,91620.9845,91625.7177,91647.6951
2026-07-28T13:24:47.983Z,coinjar,90850,90910,91130,10,false,91000.9100,91000.9100,91044.3950,91489.6133
2026-07-28T13:24:47.983Z,kraken,90830.5,90859.9,90880.7,40,false,91223.3396,91223.3670,91223.4327,91265.1460
2026-07-28T13:24:47.983Z,krakeninstant,90830.5,90859.9,90880.7,100,false,91768.4990,91768.4990,91768.4990,91768.4990
2026-07-28T13:24:47.983Z,okx,90887,90939.6,90950.5,70,false,91576.1772,91576.1772,91576.3472,94436.5383
2026-07-28T13:24:47.983Z,binance,90804.79231823998,90804.80665255999,90804.79948539998,10,false,90895.6115,90895.6115,90895.6115,90899.7752
2026-07-28T13:24:47.983Z,kucoin,90807.34382719999,90807.48717039998,90789.71261359999,10,false,90898.2947,90898.2947,90898.3915,90929.5456
2026-07-28T13:24:47.983Z,cryptocom,90804.92132712,90804.93566143999,90804.92849427999,50,false,91258.9603,91258.9603,91258.9603,91264.4282
2026-07-28T13:24:47.983Z,coinbase,91340.55121231801,91340.56563534,91339.72910006401,60,false,91888.6090,91887.7675,91889.9994,91894.3451
2026-07-28T13:24:47.983Z,pepperstone,90733.3,90921.8,90827.55,0,false,90921.8000,90923.9782,90953.8597,90999.2663
2026-07-28T13:24:47.983Z,swyftx,90319.11621551,91302.05475078,90810.585483145,60,false,91849.8671,91849.8671,91849.8671,91849.8671
2026-07-28T17:15:19.164Z,coinspot,91250,91518.69,91454.1,100,false,92433.8769,92433.8769,92433.8769,92433.8769
2026-07-28T17:15:19.164Z,digitalsurge,90913.33,91753.7,91333.51,50,false,92212.4685,92212.4685,92212.4685,92212.4685
2026-07-28T17:15:19.164Z,independentreserve,91318.01,91405.99,90935.78,50,false,91863.0200,91865.0098,91865.0098,91907.6105
2026-07-28T17:15:19.164Z,btcmarkets,91301.19,91365.23,91523.9,85,false,92141.8345,92141.8345,92141.8399,92161.0536
2026-07-28T17:15:19.164Z,coinjar,91300,91490,91430,10,false,91581.4900,91681.5900,91681.5900,92142.1610
2026-07-28T17:15:19.164Z,kraken,91312.1,91335.4,91515,40,false,91700.7416,91700.7416,91700.7668,91777.9422
2026-07-28T17:15:19.164Z,krakeninstant,91312.1,91335.4,91515,100,false,92248.7540,92248.7540,92248.7540,92248.7540
2026-07-28T17:15:19.164Z,okx,91382.6,91437,90869,70,false,92077.0590,92077.0590,92080.7938,95156.0181
2026-07-28T17:15:19.164Z,binance,91312.17625529999,91312.19057960999,91312.18341745499,10,false,91403.5028,91403.5028,91403.5028,91405.1663
2026-07-28T17:15:19.164Z,kucoin,91304.29788479999,91304.44112789999,91314.32490179999,10,false,91395.7456,91405.6392,91410.7394,91449.6368
2026-07-28T17:15:19.164Z,cryptocom,91311.27382376998,91311.28814807998,91311.280985925,50,false,91767.8446,91763.0651,91763.0651,91763.0818
2026-07-28T17:15:19.164Z,coinbase,91847.12417322399,91847.138583168,91847.12417322399,60,false,92398.2214,92397.3806,92397.3806,92399.3771
2026-07-28T17:15:19.164Z,pepperstone,91221.1,91412.8,91316.95000000001,0,false,91412.8000,91415.2381,91438.6031,91499.8338
2026-07-28T17:15:19.164Z,swyftx,90830.71795305,91819.34510388,91325.031528465,60,false,92370.2612,92370.2612,92370.2612,92370.2612
2026-07-28T20:55:26.003Z,coinspot,91718.5,91775.6,91717.26193754,100,false,92693.3560,92693.3560,92693.3560,92693.3560
2026-07-28T20:55:26.003Z,digitalsurge,91132.32,91979.62,91555.97,50,false,92439.5181,92439.5181,92439.5181,92439.5181
2026-07-28T20:55:26.003Z,independentreserve,91549,91623.99,91616,50,false,92082.1099,92082.1099,92082.1099,92130.9893
2026-07-28T20:55:26.003Z,btcmarkets,91521.12,91590.2,91539.75,85,false,92368.7167,92368.7167,92368.7222,92390.3786
2026-07-28T20:55:26.003Z,coinjar,91530,91700,91760,10,false,91791.7000,91781.6900,91781.6900,92087.2643
2026-07-28T20:55:26.003Z,kraken,91553.6,91599.9,91591.4,40,false,91966.2996,91966.0988,91966.0988,91995.2684
2026-07-28T20:55:26.003Z,krakeninstant,91553.6,91599.9,91591.4,100,false,92515.8990,92515.8990,92515.8990,92515.8990
2026-07-28T20:55:26.003Z,okx,91615.5,91659.3,90869,70,false,92300.9151,92300.9151,92304.6817,95321.3738
2026-07-28T20:55:26.003Z,binance,91731.5722323,91731.58659664998,91731.579414475,10,false,91823.3182,91823.3182,91823.3182,91824.8316
2026-07-28T20:55:26.003Z,kucoin,91727.29165599999,91727.4352995,91717.95482849999,10,false,91819.1627,91819.1627,91819.4261,91841.9384
2026-07-28T20:55:26.003Z,cryptocom,91726.1712367,91726.18560104999,91726.17841887499,50,false,92184.8165,92184.8165,92184.8165,92187.4160
2026-07-28T20:55:26.003Z,coinbase,92070.73645086,92070.75087187001,92070.73645086,60,false,92623.1754,92623.1754,92623.3268,92626.5346
2026-07-28T20:55:26.003Z,pepperstone,91451.9,91639,91545.45,0,false,91639.0000,91642.9028,91681.4185,91734.7853
2026-07-28T20:55:26.003Z,swyftx,91057.42485582,92042.01278838,91549.7188221,60,false,92594.2649,92594.2649,92594.2649,92594.2649
2026-07-29T01:19:21.556Z,coinspot,91600,91663.4,91600,100,false,92580.0340,92580.0340,92580.0340,92580.0340
2026-07-29T01:19:21.556Z,digitalsurge,91002.65,91846.86,91424.76,50,false,92306.0943,92306.0943,92306.0943,92306.0943
2026-07-29T01:19:21.556Z,independentreserve,91479.04,91545,91503.99,50,false,92002.7250,92008.7449,92010.7907,92014.7564
2026-07-29T01:19:21.556Z,btcmarkets,91390.94,91570.35,91400,85,false,92348.6980,92348.6980,92348.6980,92348.7838
2026-07-29T01:19:21.556Z,coinjar,91500,91610,91550,10,false,91701.6100,91701.6100,91701.6100,91951.6436
2026-07-29T01:19:21.556Z,kraken,91475.6,91479.9,91513.3,40,false,91845.8196,91845.8196,91871.1591,91908.5412
2026-07-29T01:19:21.556Z,krakeninstant,91475.6,91479.9,91513.3,100,false,92394.6990,92394.6990,92394.6990,92394.6990
2026-07-29T01:19:21.556Z,okx,91543.5,91578.8,91777.1,70,false,92219.8516,92219.8516,92222.8668,95243.6202
2026-07-29T01:19:21.556Z,binance,91604.10299039999,91604.11735475,91604.11017257499,10,false,91695.7215,91695.7215,91695.7215,91696.1300
2026-07-29T01:19:21.556Z,kucoin,91599.59258449999,91599.736228,91604.47646349999,10,false,91691.3360,91691.3360,91696.5824,91727.6059
2026-07-29T01:19:21.556Z,cryptocom,91598.15614949999,91598.17051385,91598.163331675,50,false,92056.1614,92056.1614,92056.1614,92057.5746
2026-07-29T01:19:21.556Z,pepperstone,91384.1,91568.1,91476.1,0,false,91568.1000,91571.8590,91608.6143,91664.2149
2026-07-29T01:19:21.556Z,swyftx,90949.75405769,91939.48846823,91444.62126296,60,false,92491.1254,92491.1254,92491.1254,92491.1254
2026-07-29T06:21:52.580Z,coinspot,91990.29,92250,91999,100,false,93172.5000,93172.5000,93172.5000,93172.5000
2026-07-29T06:21:52.580Z,digitalsurge,91637.35,92473.14,92055.25,50,false,92935.5057,92935.5057,92935.5057,92935.5057
2026-07-29T06:21:52.580Z,independentreserve,92121,92197.97,92153,50,false,92658.9598,92658.9648,92658.9694,92682.3236
2026-07-29T06:21:52.580Z,btcmarkets,92028.38,92081.57,92093.99,85,false,92864.2633,92864.5760,92885.3012,92931.7550
2026-07-29T06:21:52.580Z,coinjar,92000,92160,92130,10,false,92252.1600,92252.1600,92284.2146,92544.8608
2026-07-29T06:21:52.580Z,kraken,92082.2,92114.4,92078.8,40,false,92482.8576,92485.4336,92486.3515,92546.4158
2026-07-29T06:21:52.580Z,krakeninstant,92082.2,92116.2,92078.8,100,false,93037.3620,93037.3620,93037.3620,93037.3620
2026-07-29T06:21:52.580Z,okx,92152.6,92198,91645,70,false,92843.3860,92843.3860,92850.8231,95422.0679
2026-07-29T06:21:52.580Z,binance,92217.14924422,92217.16363859999,92217.15644140998,10,false,92309.3808,92309.3808,92309.3808,92309.9522
2026-07-29T06:21:52.580Z,kucoin,92211.83771799998,92211.98166179999,92239.18703999999,10,false,92304.1936,92304.1936,92304.2733,92332.0180
2026-07-29T06:21:52.580Z,cryptocom,92208.45503869999,92208.46943308,92208.46223588998,50,false,92669.5118,92669.5118,92669.5118,92675.4734
2026-07-29T06:21:52.580Z,coinbase,92616.30111364799,92616.315573892,92616.315573892,60,false,93172.0135,93172.1670,93173.0604,93176.8130
2026-07-29T06:21:52.580Z,pepperstone,91999.9,92186.2,92093.04999999999,0,false,92186.2000,92189.9254,92229.5007,92277.5551
2026-07-29T06:21:52.580Z,swyftx,91582.49471115,92578.88724884,92080.690979995,60,false,93134.3606,93134.3606,93134.3606,93134.3606
2026-07-29T10:25:24.989Z,coinspot,92902.54,93191.91,93192.09,100,false,94123.8291,94123.8291,94123.8291,94123.8291
2026-07-29T10:25:24.989Z,digitalsurge,92522.79,93409.47,92966.13,50,false,93876.5173,93876.5173,93876.5173,93876.5173
2026-07-29T10:25:24.989Z,independentreserve,92929.07,93018.99,93031.99,50,false,93484.0849,93497.1499,93497.1499,93527.3823
2026-07-29T10:25:24.989Z,btcmarkets,92917.71,93000,93031,85,false,93790.5000,93812.2332,93836.9390,93850.3531
2026-07-29T10:25:24.989Z,coinjar,92920,93060,92930,10,false,93153.0600,93153.0600,93178.3379,93741.8826
2026-07-29T10:25:24.989Z,kraken,93021.6,93030.7,93051,40,false,93402.8228,93416.8739,93423.0204,93460.1045
2026-07-29T10:25:24.989Z,krakeninstant,93021.6,93030.7,93051,100,false,93961.0070,93961.0070,93961.0070,93961.0070
2026-07-29T10:25:24.989Z,okx,93069.2,93118.8,93074.9,70,false,93770.6316,93770.6316,93773.0832,100661.0946
2026-07-29T10:25:24.989Z,binance,93004.70967787999,93004.72408226998,93004.716880075,10,false,93097.7288,93097.7288,93097.7288,93097.7288
2026-07-29T10:25:24.989Z,kucoin,93006.26535199999,93006.40939589999,93006.40939589999,10,false,93099.4158,93099.4158,93099.4633,93118.7251
2026-07-29T10:25:24.989Z,cryptocom,93000.25872136999,93000.27312575998,93000.26592356499,50,false,93465.2745,93465.2745,93465.2745,93470.7152
2026-07-29T10:25:24.989Z,coinbase,93533.102139816,93533.116628228,93533.116628228,60,false,94094.3153,94094.3153,94094.3153,94096.1081
2026-07-29T10:25:24.989Z,pepperstone,92911.8,93097.9,93004.85,0,false,93097.9000,93101.9974,93151.7668,93208.0084
2026-07-29T10:25:24.989Z,swyftx,92488.38991467,93494.37238549,92991.38115008001,60,false,94055.3386,94055.3386,94055.3386,94055.3386
2026-07-29T13:39:23.522Z,coinspot,92400,92563.43,92564.4015485,100,false,93489.0643,93489.0643,93489.0643,93489.0643
2026-07-29T13:39:23.522Z,digitalsurge,91876.04,92750.56,92313.3,50,false,93214.3128,93214.3128,93214.3128,93214.3128
2026-07-29T13:39:23.522Z,independentreserve,92268,92344.44,92334.92,50,false,92806.1622,92806.1622,92806.1622,92821.4638
2026-07-29T13:39:23.522Z,btcmarkets,92268.01,92357.79,92509.97,85,false,93142.8312,93126.3221,93137.4437,93189.9551
2026-07-29T13:39:23.522Z,coinjar,92200,92330,92260,10,false,92422.3300,92422.3300,92422.3300,92686.2856
2026-07-29T13:39:23.522Z,kraken,92305,92332,92512,40,false,92701.3280,92703.8453,92740.3659,92814.0402
2026-07-29T13:39:23.522Z,krakeninstant,92305,92332,92512,100,false,93255.3200,93255.3200,93255.3200,93255.3200
2026-07-29T13:39:23.522Z,okx,92369.6,92419.5,92850.1,70,false,93066.4365,93066.4365,93070.2894,100545.7080
2026-07-29T13:39:23.522Z,binance,92356.18082690999,92356.19523129998,92356.18802910499,10,false,92448.5514,92448.5514,92448.5514,92454.0459
2026-07-29T13:39:23.522Z,kucoin,92353.89052889998,92354.03457279998,92380.53865039999,10,false,92446.3886,92446.3886,92449.8564,92484.4424
2026-07-29T13:39:23.522Z,cryptocom,92360.28607805999,92360.30048245,92360.29328025499,50,false,92822.1020,92822.1020,92822.1020,92824.2163
2026-07-29T13:39:23.522Z,coinbase,92828.15938386,92829.53511401001,92829.53511401001,60,false,93386.5123,93388.5645,93388.5663,93393.1926
2026-07-29T13:39:23.522Z,pepperstone,92213.6,92401.5,92307.55,0,false,92401.5000,92404.1510,92433.1741,92524.1506
2026-07-29T13:39:23.522Z,swyftx,91811.77368542,92810.41534311,92311.094514265,60,false,93367.2778,93367.2778,93367.2778,93367.2778
2026-07-29T17:00:45.980Z,coinspot,91890,92174.3,91999,100,false,93096.0430,93096.0430,93096.0430,93096.0430
2026-07-29T17:00:45.980Z,digitalsurge,91541.47,92400.81,91971.14,50,false,92862.8140,92862.8140,92862.8140,92862.8140
2026-07-29T17:00:45.980Z,independentreserve,91948,92020.99,92005,50,false,92481.0949,92515.4733,92546.0467,92562.2382
2026-07-29T17:00:45.980Z,btcmarkets,91932.01,92009.5,92012.5,85,false,92791.5807,92791.6917,92791.6971,92811.6661
2026-07-29T17:00:45.980Z,coinjar,91900,92070,92330,10,false,92162.0700,92225.6842,92231.4944,92486.1162
2026-07-29T17:00:45.980Z,kraken,91950.3,91979,92012.7,40,false,92346.9160,92364.9880,92364.9880,92384.4381
2026-07-29T17:00:45.980Z,krakeninstant,91950.3,91979,92012.7,100,false,92898.7900,92898.7900,92898.7900,92898.7900
2026-07-29T17:00:45.980Z,okx,92039.9,92076.1,92552.4,70,false,92720.6327,92720.6327,92720.6950,100224.0038
2026-07-29T17:00:45.980Z,binance,92009.71313533999,92009.72756976,92009.72035254998,10,false,92101.7373,92101.7373,92101.7373,92105.2491
2026-07-29T17:00:45.980Z,kucoin,92002.2505402,92002.39488439998,92002.39488439998,10,false,92094.3973,92094.3973,92099.4670,92124.4967
2026-07-29T17:00:45.980Z,cryptocom,92002.61140069999,92002.62583512,92002.61861790999,50,false,92462.6390,92462.6390,92462.6390,92464.1484
2026-07-29T17:00:45.980Z,coinbase,92480.83795729802,92480.85247086002,92480.83795729802,60,false,93035.7376,93039.9356,93039.9470,93043.9616
2026-07-29T17:00:45.980Z,pepperstone,91880,92065.5,91972.75,0,false,92065.5000,92068.2206,92102.4515,92158.6562
2026-07-29T17:00:45.980Z,swyftx,91470.36723787,92465.01604493,91967.6916414,60,false,93019.8061,93019.8061,93019.8061,93019.8061
2026-07-29T20:40:56.027Z,coinspot,91361.41,91714.59,91714.59,100,false,92631.7359,92631.7359,92631.7359,92631.7359
2026-07-29T20:40:56.027Z,digitalsurge,91068.65,91930.15,91499.4,50,false,92389.8007,92389.8007,92389.8007,92389.8007
2026-07-29T20:40:56.027Z,independentreserve,91543,91613.99,91436,50,false,92072.0599,92072.0599,92072.0599,92148.5619
2026-07-29T20:40:56.027Z,btcmarkets,91457.28,91540.93,91453.96,85,false,92319.0279,92319.0884,92322.5668,92394.4741
2026-07-29T20:40:56.027Z,coinjar,91510,91660,91470,10,false,91751.6600,91751.6600,91751.6600,92014.3023
2026-07-29T20:40:56.027Z,kraken,91568.7,91588.6,91560.5,40,false,91954.9544,91958.3470,91962.7161,92001.6036
2026-07-29T20:40:56.027Z,krakeninstant,91568.7,91588.6,91560.5,100,false,92504.4860,92504.4860,92504.4860,92504.4860
2026-07-29T20:40:56.027Z,okx,91614.1,91654.6,91494.8,70,false,92296.1822,92296.1822,92301.1435,99950.3234
2026-07-29T20:40:56.027Z,binance,91710.14393540999,91710.15833979998,91710.15113760499,10,false,91801.8685,91801.8685,91801.8685,91801.8685
2026-07-29T20:40:56.027Z,kucoin,91705.69297889998,91705.83702279998,91714.76774459999,10,false,91797.5429,91797.5429,91799.7673,91828.1144
2026-07-29T20:40:56.027Z,cryptocom,91708.96277542999,91708.97717981998,91708.96997762499,50,false,92167.5221,92167.5221,92167.5221,92168.3824
2026-07-29T20:40:56.027Z,coinbase,92083.33501641,92083.349483696,92083.33501641,60,false,92635.8496,92635.8496,92635.8496,92640.4387
2026-07-29T20:40:56.027Z,pepperstone,91469.2,91647.7,91558.45,0,false,91647.7000,91652.7501,91702.6520,91746.9825
2026-07-29T20:40:56.027Z,swyftx,91032.88901349,92023.20029336,91528.044653425,60,false,92575.3395,92575.3395,92575.3395,92575.3395
2026-07-30T01:13:05.696Z,coinspot,91500,91682.56,91515.55,100,false,92599.3856,92599.3856,92599.3856,92599.3856
2026-07-30T01:13:05.696Z,digitalsurge,91112.29,91952.69,91532.49,50,false,92412.4534,92412.4534,92412.4534,92412.4534
2026-07-30T01:13:05.696Z,independentreserve,91464,91552.99,91603,50,false,92010.7550,92010.7550,92010.7550,92077.1823
2026-07-30T01:13:05.696Z,btcmarkets,91487.01,91563.25,91485.99,85,false,92341.5376,92341.9612,92342.0760,92381.8722
2026-07-30T01:13:05.696Z,coinjar,91450,91580,91400,10,false,91671.5800,91671.5800,91671.5800,91838.9660
2026-07-30T01:13:05.696Z,kraken,91537.9,91544.9,91583,40,false,91911.0796,91911.1800,91911.1800,91928.8749
2026-07-30T01:13:05.696Z,krakeninstant,91537.9,91544.9,91583,100,false,92460.3490,92460.3490,92460.3490,92460.3490
2026-07-30T01:13:05.696Z,okx,91571.4,91625.3,91723,70,false,92266.6771,92266.6771,92273.7861,99969.1732
2026-07-30T01:13:05.696Z,binance,91621.93516476,91621.94954912999,91621.942356945,10,false,91713.5715,91713.5715,91713.5715,91713.5715
2026-07-30T01:13:05.696Z,kucoin,91615.7786544,91615.9224981,91633.4714295,10,false,91707.5384,91707.5384,91711.5161,91744.7031
2026-07-30T01:13:05.696Z,cryptocom,91617.61985376,91617.63423812999,91617.627045945,50,false,92075.7224,92075.7224,92076.0484,92086.9417
2026-07-30T01:13:05.696Z,coinbase,92027.034808884,92027.049262086,92027.034808884,60,false,92579.2116,92579.2116,92579.2116,92580.9331
2026-07-30T01:13:05.696Z,pepperstone,91420.8,91612.7,91516.75,0,false,91612.7000,91617.9555,91669.6523,91722.6444
2026-07-30T01:13:05.696Z,swyftx,91008.19501065,91998.39670737,91503.29585901,60,false,92550.3871,92550.3871,92550.3871,92550.3871
2026-07-30T06:14:55.463Z,coinspot,92230,92249.99,92230,100,false,93172.4899,93172.4899,93172.4899,93172.4899
2026-07-30T06:14:55.463Z,digitalsurge,91573.47,92433.32,92003.39,50,false,92895.4866,92895.4866,92895.4866,92895.4866
2026-07-30T06:14:55.463Z,independentreserve,92008,92080.93,92087.99,50,false,92541.3346,92541.3346,92541.3346,92584.2068
2026-07-30T06:14:55.463Z,btcmarkets,91966.01,92041.95,92043.97,85,false,92824.3066,92824.3066,92824.3120,92892.0637
2026-07-30T06:14:55.463Z,coinjar,91910,92070,91910,10,false,92162.0700,92162.0700,92183.0823,92363.5278
2026-07-30T06:14:55.463Z,kraken,92028.9,92049,92083.4,40,false,92417.1960,92417.4972,92417.5237,92427.7595
2026-07-30T06:14:55.463Z,krakeninstant,92028.9,92049,92083.4,100,false,92969.4900,92969.4900,92969.4900,92969.4900
2026-07-30T06:14:55.463Z,okx,92070,92108.2,92037,70,false,92752.9574,92751.9504,92759.6242,100309.0160
2026-07-30T06:14:55.463Z,binance,92037.04676165998,92037.06115603998,92037.05395884998,10,false,92129.0982,92125.1070,92125.1070,92125.1070
2026-07-30T06:14:55.463Z,kucoin,92035.93839439999,92036.0823382,92039.82487699999,10,false,92128.1184,92128.1184,92129.5347,92158.4889
2026-07-30T06:14:55.463Z,cryptocom,92038.87484791999,92038.88924229998,92038.88204510999,50,false,92499.0837,92487.1345,92487.1345,92490.7997
2026-07-30T06:14:55.463Z,coinbase,92522.71609449999,92522.730569834,92522.730569834,60,false,93077.8670,93077.8670,93077.8670,93079.1163
2026-07-30T06:14:55.463Z,pepperstone,91962.1,92093.7,92027.9,0,false,92093.7000,92097.9434,92142.4520,92187.6328
2026-07-30T06:14:55.463Z,swyftx,91532.56961085,92528.24031758,92030.404964215,60,false,93083.4098,93083.4098,93083.4098,93083.4098
2026-07-30T10:08:24.994Z,coinspot,92460,92500,92500,100,false,93425.0000,93425.0000,93425.0000,93425.0000
2026-07-30T10:08:24.994Z,digitalsurge,92017.51,92860.14,92438.83,50,false,93324.4407,93324.4407,93324.4407,93324.4407
2026-07-30T10:08:24.994Z,independentreserve,92543,92587.56,92587.56,50,false,93050.4978,93050.4978,93050.4978,93158.1381
2026-07-30T10:08:24.994Z,btcmarkets,92378.08,92466.99,92378.65,85,false,93252.9594,93252.9594,93252.9594,93368.9612
2026-07-30T10:08:24.994Z,coinjar,92450,92580,92490,10,false,92672.5800,92672.5800,92712.4316,93141.0265
2026-07-30T10:08:24.994Z,kraken,92542.7,92568.9,92509.1,40,false,92939.1756,92953.1651,92957.1920,92994.7063
2026-07-30T10:08:24.994Z,krakeninstant,92542.7,92568.9,92509.1,100,false,93494.5890,93494.5890,93494.5890,93494.5890
2026-07-30T10:08:24.994Z,okx,92608.7,92648.7,92274.4,70,false,93297.2409,93297.2409,93299.5177,100790.7400
2026-07-30T10:08:24.994Z,binance,92731.14425574998,92731.15862009999,92731.151437925,10,false,92823.8898,92823.8898,92823.8898,92828.0870
2026-07-30T10:08:24.994Z,kucoin,92725.1830505,92725.326694,92711.10598749999,10,false,92818.0520,92818.0520,92822.9527,92849.9113
2026-07-30T10:08:24.994Z,cryptocom,92727.30897429999,92727.32333864999,92727.316156475,50,false,93190.9600,93190.9600,93190.9600,93192.1418
2026-07-30T10:08:24.994Z,coinbase,93068.090136384,93068.104556388,93068.090136384,60,false,93626.5132,93626.5132,93626.5132,93632.5734
2026-07-30T10:08:24.994Z,pepperstone,92451.8,92640.8,92546.3,0,false,92640.8000,92644.1837,92682.5366,92720.5936
2026-07-30T10:08:24.994Z,swyftx,92026.67669295,93028.26347953,92527.47008624,60,false,93586.4331,93586.4331,93586.4331,93586.4331
2026-07-30T13:20:56.115Z,coinspot,92695.12,93000,92750,100,false,93930.0000,93930.0000,93930.0000,93930.0000
2026-07-30T13:20:56.115Z,digitalsurge,92260.85,93138.32,92699.58,50,false,93604.0116,93604.0116,93604.0116,93604.0116
2026-07-30T13:20:56.115Z,independentreserve,92777.01,92840,92840,50,false,93304.2000,93304.2000,93338.1600,93481.6386
2026-07-30T13:20:56.115Z,btcmarkets,92654.55,92743.99,92751.4,85,false,93532.3139,93532.3139,93543.5271,93605.1550
2026-07-30T13:20:56.115Z,coinjar,92680,92790,92740,10,false,92882.7900,92882.7900,92933.9015,93429.4573
2026-07-30T13:20:56.115Z,kraken,92787.4,92808.1,92816.8,40,false,93179.3324,93179.5332,93179.5332,93231.6003
2026-07-30T13:20:56.115Z,krakeninstant,92787.4,92808.1,92816.8,100,false,93736.1810,93736.1810,93736.1810,93736.1810
2026-07-30T13:20:56.115Z,okx,92833.7,92880.6,92470.5,70,false,93530.7642,93530.7642,93531.6175,101008.9507
2026-07-30T13:20:56.115Z,binance,92891.41385523998,92891.42819956999,92891.421027405,10,false,92984.3196,92984.3196,92984.3342,92993.1845
2026-07-30T13:20:56.115Z,kucoin,92885.84825519999,92885.99169849999,92939.20916279999,10,false,92978.8777,92978.8777,92982.4529,93029.7476
2026-07-30T13:20:56.115Z,cryptocom,92885.7048119,92885.71915622998,92885.711984065,50,false,93350.1478,93350.1478,93350.1478,93353.2958
2026-07-30T13:20:56.115Z,coinbase,93294.70334220001,93294.71775314999,93294.71775314999,60,false,93854.4861,93854.4861,93856.0339,93859.7243
2026-07-30T13:20:56.115Z,pepperstone,92682.2,92864.9,92773.54999999999,0,false,92864.9000,92871.0235,92901.7812,92953.1777
2026-07-30T13:20:56.115Z,swyftx,92276.2215661,93280.61046346,92778.41601478,60,false,93840.2941,93840.2941,93840.2941,93840.2941
2026-07-30T17:11:53.983Z,coinspot,92250,92444.73,92428.64,100,false,93369.1773,93369.1773,93369.1773,93369.1773
2026-07-30T17:11:53.983Z,digitalsurge,91688.33,92544.82,92116.57,50,false,93007.5441,93007.5441,93007.5441,93007.5441
2026-07-30T17:11:53.983Z,independentreserve,92110,92189.99,92205.99,50,false,92650.9399,92640.8899,92642.4251,92669.6790
2026-07-30T17:11:53.983Z,btcmarkets,92079.5,92153,92180,85,false,92936.3005,92941.9587,92962.2891,92979.0465
2026-07-30T17:11:53.983Z,coinjar,92120,92370,92340,10,false,92462.3700,92452.3600,92452.3600,92664.8977
2026-07-30T17:11:53.983Z,kraken,92153.2,92182.9,92229.9,40,false,92551.6316,92553.8505,92554.3836,92631.7774
2026-07-30T17:11:53.983Z,krakeninstant,92153.2,92182.9,92229.9,100,false,93104.7290,93104.7290,93104.7290,93104.7290
2026-07-30T17:11:53.983Z,okx,92211.7,92257.3,92362,70,false,92903.1011,92903.1011,92913.4347,100674.3792
2026-07-30T17:11:53.983Z,binance,92289.26218511998,92289.27643935998,92289.26931223998,10,false,92381.5657,92381.5657,92386.1021,92393.8066
2026-07-30T17:11:53.983Z,kucoin,92285.65586239999,92285.79840479998,92276.39060639999,10,false,92378.0842,92378.0842,92382.0610,92402.1161
2026-07-30T17:11:53.983Z,cryptocom,92282.51992959999,92282.53418383999,92282.52705671999,50,false,92743.9469,92743.9469,92743.9469,92745.6362
2026-07-30T17:11:53.983Z,coinbase,92679.959415428,92679.973731814,92679.959415428,60,false,93236.0536,93226.5193,93226.5193,93228.6719
2026-07-30T17:11:53.983Z,pepperstone,92054.6,92249.5,92152.05,0,false,92249.5000,92253.0016,92290.5285,92361.0042
2026-07-30T17:11:53.983Z,swyftx,91677.65404924,92676.39828794,92177.02616859,60,false,93232.4567,93232.4567,93232.4567,93232.4567
2026-07-30T20:52:27.718Z,coinspot,92250,92299.98,92300,100,false,93222.9798,93222.9798,93222.9798,93222.9798
2026-07-30T20:52:27.718Z,digitalsurge,91712.58,92577.93,92145.25,50,false,93040.8196,93040.8196,93040.8196,93040.8196
2026-07-30T20:52:27.718Z,independentreserve,92104.01,92202.55,92151.01,50,false,92663.5627,92651.9550,92658.6305,92691.2053
2026-07-30T20:52:27.718Z,btcmarkets,92103.85,92185.97,92185.95,85,false,92969.5507,92968.5631,92995.0469,93003.2622
2026-07-30T20:52:27.718Z,coinjar,92030,92340,92010,10,false,92432.3400,92432.3400,92432.3400,92629.1818
2026-07-30T20:52:27.718Z,kraken,92182.2,92203,92221.6,40,false,92571.8120,92569.6032,92569.6295,92578.1149
2026-07-30T20:52:27.718Z,krakeninstant,92182.2,92203,92221.6,100,false,93125.0300,93125.0300,93125.0300,93125.0300
2026-07-30T20:52:27.718Z,okx,92232.6,92280.4,92224,70,false,92926.3628,92912.1641,92919.8071,100694.7119
2026-07-30T20:52:27.718Z,binance,92298.7644579,92298.77870213,92298.771580015,10,false,92391.0775,92391.0775,92391.0775,92391.0775
2026-07-30T20:52:27.718Z,kucoin,92291.6423429,92291.7847852,92314.29066859999,10,false,92384.0766,92384.0766,92385.6310,92410.4093
2026-07-30T20:52:27.718Z,cryptocom,92284.84784519,92284.86208942,92284.854967305,50,false,92746.2864,92746.2864,92746.2864,92746.4687
2026-07-30T20:52:27.718Z,coinbase,92681.4659628,92681.480270132,92682.624856692,60,false,93237.5692,93238.9941,93238.9941,93239.0336
2026-07-30T20:52:27.718Z,pepperstone,92056.9,92250,92153.45,0,false,92250.0000,92253.5169,92291.2100,92345.0819
2026-07-30T20:52:27.718Z,swyftx,91654.5227442,92653.08192231,92153.80233325501,60,false,93209.0004,93209.0004,93209.0004,93209.0004
2026-07-31T01:25:52.837Z,coinspot,92531.1,92985.24,93000,100,false,93915.0924,93915.0924,93915.0924,93915.0924
2026-07-31T01:25:52.837Z,digitalsurge,92238.11,93036.9,92637.51,50,false,93502.0845,93502.0845,93502.0845,93502.0845
2026-07-31T01:25:52.837Z,independentreserve,92588,92662,92618,50,false,93125.3100,93139.6186,93164.3945,93166.8809
2026-07-31T01:25:52.837Z,btcmarkets,92631.63,92643,92507.99,85,false,93430.4655,93448.6420,93481.4311,93517.8337
2026-07-31T01:25:52.837Z,coinjar,92580,92760,92630,10,false,92852.7600,92852.7600,92852.7600,93192.8231
2026-07-31T01:25:52.837Z,kraken,92656.7,92668.3,92534.5,40,false,93038.9732,93049.8135,93058.5095,93101.4179
2026-07-31T01:25:52.837Z,krakeninstant,92656.7,92668.3,92534.5,100,false,93594.9830,93594.9830,93594.9830,93594.9830
2026-07-31T01:25:52.837Z,okx,92681.6,92726,92638.7,70,false,93375.0820,93375.0820,93375.1021,101014.8450
2026-07-31T01:25:52.837Z,binance,92551.72646719999,92551.74068139998,92551.73357429999,10,false,92644.2924,92644.2924,92644.2924,92644.6865
2026-07-31T01:25:52.837Z,kucoin,92544.10765599998,92544.24979799998,92551.64118199998,10,false,92636.7940,92636.7940,92638.8810,92681.1363
2026-07-31T01:25:52.837Z,cryptocom,92539.85761019998,92539.87182439998,92539.86471729998,50,false,93002.5712,93002.5712,93002.5712,93002.8876
2026-07-31T01:25:52.837Z,coinbase,93160.81017963,93160.82449199201,93160.81017963,60,false,93719.7894,93719.7894,93719.7894,93724.9494
2026-07-31T01:25:52.837Z,pepperstone,92538.6,92731,92634.8,0,false,92731.0000,92719.0821,92777.3241,92825.4949
2026-07-31T01:25:52.837Z,swyftx,92078.29885589,93173.12047642,92625.70966615499,60,false,93732.1592,93732.1592,93732.1592,93732.1592
2026-07-31T06:34:47.480Z,coinspot,91500,91774.09,91737.55168817,100,false,92691.8309,92691.8309,92691.8309,92691.8309
2026-07-31T06:34:47.480Z,digitalsurge,91103.32,91956.33,91529.83,50,false,92416.1116,92416.1116,92416.1116,92416.1116
2026-07-31T06:34:47.480Z,independentreserve,91462.01,91525.95,91468.87,50,false,91983.5797,91983.5797,91983.5797,92083.8708
2026-07-31T06:34:47.480Z,btcmarkets,91492.01,91567,91520.99,85,false,92345.3195,92351.8914,92355.5070,92387.8347
2026-07-31T06:34:47.480Z,coinjar,91400,91550,91430,10,false,91641.5500,91641.5500,91641.5500,91819.9877
2026-07-31T06:34:47.480Z,kraken,91532.2,91552,91511,40,false,91918.2080,91923.2244,91923.7256,91967.8002
2026-07-31T06:34:47.480Z,krakeninstant,91532.2,91552,91511,100,false,92467.5200,92467.5200,92467.5200,92467.5200
2026-07-31T06:34:47.480Z,okx,91558,91600,91497,70,false,92241.2000,92241.2000,92241.2201,100150.8150
2026-07-31T06:34:47.480Z,binance,91912.23279,91912.24706099999,91912.23992549999,10,false,92004.1593,92004.1593,92004.1593,92005.6930
2026-07-31T06:34:47.480Z,kucoin,91914.51614999998,91914.65885999998,91948.33841999999,10,false,92006.5735,92006.5735,92013.1591,92049.9111
2026-07-31T06:34:47.480Z,cryptocom,91903.170705,91903.18497599999,91903.1778405,50,false,92362.7009,92362.7009,92362.7009,92365.2962
2026-07-31T06:34:47.480Z,coinbase,91887.87219299999,91887.88646399998,91889.35637699999,60,false,92439.2138,92440.6853,92440.7863,92444.0773
2026-07-31T06:34:47.480Z,pepperstone,91449.8,91631.2,91540.5,0,false,91631.2000,91634.4124,91666.0800,91720.1185
2026-07-31T06:34:47.480Z,swyftx,90946.90855878,92028.56481673,91487.736687755,60,false,92580.7362,92580.7362,92580.7362,92580.7362
2026-07-31T10:25:03.916Z,coinspot,90100,90678.19,90140,100,false,91584.9719,91584.9719,91584.9719,91584.9719
2026-07-31T10:25:03.916Z,digitalsurge,90126.05,90935,90530.53,50,false,91389.6750,91389.6750,91389.6750,91389.6750
2026-07-31T10:25:03.916Z,independentreserve,90520,90597.97,90584.97,50,false,91050.9598,91050.8694,91050.8694,91093.2528
2026-07-31T10:25:03.916Z,btcmarkets,90497.01,90505,90505,85,false,91274.2925,91337.1110,91359.1685,91397.9408
2026-07-31T10:25:03.916Z,coinjar,90460,90630,90590,10,false,90720.6300,90720.6300,90749.0462,91137.6859
2026-07-31T10:25:03.916Z,kraken,90638.3,90657.6,90657.5,40,false,91020.2304,91047.3587,91065.2734,91072.7265
2026-07-31T10:25:03.916Z,krakeninstant,90638.3,90657.6,90657.5,100,false,91564.1760,91564.1760,91564.1760,91564.1760
2026-07-31T10:25:03.916Z,okx,90621.8,90672.9,90551.6,70,false,91307.6103,91307.6103,91308.2901,99381.0067
2026-07-31T10:25:03.916Z,binance,90947.570274,90947.58454499999,90947.5774095,10,false,91038.5321,91038.5321,91038.5321,91038.8086
2026-07-31T10:25:03.916Z,kucoin,90954.36326999999,90954.50597999999,90961.21334999999,10,false,91045.4605,91045.4605,91046.3991,91079.5089
2026-07-31T10:25:03.916Z,cryptocom,90950.56718399998,90950.58145499999,90950.57431949998,50,false,91405.3344,91405.3344,91405.3344,91406.3161
2026-07-31T10:25:03.916Z,coinbase,90920.55527099999,90920.56954199998,90920.55527099999,60,false,91466.0930,91466.0930,91470.9574,91475.1904
2026-07-31T10:25:03.916Z,pepperstone,90529.1,90709.2,90619.15,0,false,90709.2000,90713.4996,90751.2982,90809.4562
2026-07-31T10:25:03.916Z,swyftx,90089.2613064,91160.59151219,90624.926409295,60,false,91707.5551,91707.5551,91707.5551,91707.5551
2026-07-31T13:24:46.119Z,coinspot,90787.93,90913.33,90870.21,100,false,91822.4633,91822.4633,91822.4633,91822.4633
2026-07-31T13:24:46.119Z,digitalsurge,90288.16,91129.83,90708.99,50,false,91585.4791,91585.4791,91585.4791,91585.4791
2026-07-31T13:24:46.119Z,independentreserve,90780,90839.99,90780.01,50,false,91294.1899,91294.1899,91294.1899,91344.2382
2026-07-31T13:24:46.119Z,btcmarkets,90671.98,90731,90851.99,85,false,91502.2135,91519.6747,91558.0810,91581.2475
2026-07-31T13:24:46.119Z,coinjar,90640,90750,90650,10,false,90840.7500,90840.7500,90862.1784,91085.7893
2026-07-31T13:24:46.119Z,kraken,90766.5,90782.9,90879,40,false,91146.0316,91143.1200,91143.1200,91143.5771
2026-07-31T13:24:46.119Z,krakeninstant,90766.5,90782.9,90879,100,false,91690.7290,91690.7290,91690.7290,91690.7290
2026-07-31T13:24:46.119Z,okx,90771.6,90817,90906.7,70,false,91452.7190,91452.7190,91461.4248,99498.2419
2026-07-31T13:24:46.119Z,binance,91172.10513284999,91172.11943399998,91172.11228342498,10,false,91263.2916,91263.2916,91263.2916,91265.3672
2026-07-31T13:24:46.119Z,kucoin,91190.56791749998,91190.71092899998,91198.00451549998,10,false,91281.9016,91281.9016,91294.3079,91304.6892
2026-07-31T13:24:46.119Z,cryptocom,91167.24274184999,91167.25704299999,91167.24989242498,50,false,91623.0933,91623.0933,91623.0933,91630.3026
2026-07-31T13:24:46.119Z,coinbase,91150.81072049998,91150.82502164999,91150.82502164999,60,false,91697.7300,91697.7300,91697.7536,91698.0917
2026-07-31T13:24:46.119Z,pepperstone,90675,90859.8,90767.4,0,false,90859.8000,90856.6831,90901.2459,90961.9454
2026-07-31T13:24:46.119Z,swyftx,90256.39123764,91329.39284376,90792.8920407,60,false,91877.3692,91877.3692,91877.3692,91877.3692
2026-07-31T17:15:03.526Z,coinspot,89300.42,89569.52,89531.06,100,false,90465.2152,90465.2152,90465.2152,90465.2152
2026-07-31T17:15:03.526Z,digitalsurge,88943.55,89790.04,89366.8,50,false,90238.9902,90238.9902,90238.9902,90238.9902
2026-07-31T17:15:03.526Z,independentreserve,89394,89463.99,89405.85,50,false,89911.3099,89911.2999,89935.2850,89993.3079
2026-07-31T17:15:03.526Z,btcmarkets,89323.01,89409.95,89319.86,85,false,90169.9346,90169.8942,90169.8942,90209.4151
2026-07-31T17:15:03.526Z,coinjar,89300,89400,89280,10,false,89489.4000,89489.4000,89503.1404,89699.3574
2026-07-31T17:15:03.526Z,kraken,89382.5,89402.6,89384.8,40,false,89760.2104,89762.8949,89775.9946,89796.3569
2026-07-31T17:15:03.526Z,krakeninstant,89382.5,89402.6,89384.8,100,false,90296.6260,90296.6260,90296.6260,90296.6260
2026-07-31T17:15:03.526Z,okx,89371.2,89414.4,89356.6,70,false,90040.3008,90040.3008,90042.7780,98188.3475
2026-07-31T17:15:03.526Z,binance,89810.07420959999,89810.0885007,89810.08135515,10,false,89899.8986,89899.8986,89899.8986,89901.8875
2026-07-31T17:15:03.526Z,kucoin,89807.84479799999,89807.987709,89782.263729,10,false,89897.7957,89897.7957,89902.2029,89919.1783
2026-07-31T17:15:03.526Z,cryptocom,89807.987709,89808.0020001,89807.99485455,50,false,90257.0420,90257.0420,90257.0420,90257.0420
2026-07-31T17:15:03.526Z,coinbase,89786.57964119999,89788.5375219,89793.8823933,60,false,90327.2687,90327.2687,90327.4732,90332.6238
2026-07-31T17:15:03.526Z,pepperstone,89268.2,89471.9,89370.04999999999,10,false,89561.3719,89566.8597,89608.8554,89659.8149
2026-07-31T17:15:03.526Z,swyftx,88841.25767242,89897.74697338,89369.50232289999,60,false,90437.1335,90437.1335,90437.1335,90437.1335
2026-07-31T20:49:37.710Z,coinspot,89501,89627.29,89668.65,100,false,90523.5629,90523.5629,90523.5629,90523.5629
2026-07-31T20:49:37.710Z,digitalsurge,88952.69,89758.01,89355.35,50,false,90206.8000,90206.8000,90206.8000,90206.8000
2026-07-31T20:49:37.710Z,independentreserve,89453.01,89527.99,89549.99,50,false,89975.6300,89975.6300,89984.5045,90040.6347
2026-07-31T20:49:37.710Z,btcmarkets,89317.91,89378,89400.99,85,false,90137.7130,90137.7029,90139.6339,90192.4064
2026-07-31T20:49:37.710Z,coinjar,89340,89410,89450,10,false,89499.4100,89499.4100,89524.4099,89923.4757
2026-07-31T20:49:37.710Z,kraken,89403,89403.1,89419.6,40,false,89760.7124,89760.7124,89760.7124,89774.9999
2026-07-31T20:49:37.710Z,krakeninstant,89403,89403.1,89419.6,100,false,90297.1310,90297.1310,90297.1310,90297.1310
2026-07-31T20:49:37.710Z,okx,89355.5,89390.8,89483.3,70,false,90016.5356,90016.5356,90024.5574,98227.4056
2026-07-31T20:49:37.710Z,binance,89804.97692999999,89804.99120099998,89804.98406549999,10,false,89894.7962,89894.7962,89894.7962,89895.4233
2026-07-31T20:49:37.710Z,kucoin,89798.12684999999,89798.26955999999,89812.82598,10,false,89888.0678,89888.0678,89891.3080,89936.5709
2026-07-31T20:49:37.710Z,cryptocom,89808.77301599999,89808.78728699998,89808.78015149999,50,false,90257.8312,90257.8312,90257.8312,90264.0055
2026-07-31T20:49:37.710Z,coinbase,89788.451112,89788.46538299999,89788.46538299999,60,false,90327.1962,90327.1962,90327.1962,90330.6683
2026-07-31T20:49:37.710Z,pepperstone,89250.6,89440.6,89345.6,10,false,89530.0406,89536.0198,89581.6269,89644.4368
2026-07-31T20:49:37.710Z,swyftx,88799.10171215,89944.11262773,89371.60716994,60,false,90483.7773,90483.7773,90483.7773,90483.7773
2026-08-01T01:27:02.881Z,coinspot,89650,89771,89700,100,false,90668.7100,90668.7100,90668.7100,90668.7100
2026-08-01T01:27:02.881Z,digitalsurge,89124.11,89926.04,89525.07,50,false,90375.6702,90375.6702,90375.6702,90375.6702
2026-08-01T01:27:02.881Z,independentreserve,89507.62,89661.01,89661.01,50,false,90109.3150,90109.3150,90109.3150,90117.5238
2026-08-01T01:27:02.881Z,btcmarkets,89504.35,89572.17,89622.77,85,false,90333.5334,90333.7452,90333.7452,90334.0057
2026-08-01T01:27:02.881Z,coinjar,89420,89690,89490,10,false,89779.6900,89800.7399,89861.8722,90170.3796
2026-08-01T01:27:02.881Z,kraken,89432.9,89453.3,89483.1,40,false,89811.1132,89810.9124,89810.9124,89896.9340
2026-08-01T01:27:02.881Z,krakeninstant,89432.9,89453.3,89483.1,100,false,90347.8330,90347.8330,90347.8330,90347.8330
2026-08-01T01:27:02.881Z,okx,89363.8,89739.4,89762,70,false,90367.5758,90367.5758,90371.3185,98388.3690
2026-08-01T01:27:02.881Z,binance,89864.3946807,89864.40897179999,89864.40182624999,10,false,89954.2734,89954.2734,89954.2734,89954.3723
2026-08-01T01:27:02.881Z,kucoin,89862.15097799999,89862.293889,89906.31047699999,10,false,89952.1562,89952.1562,89953.8614,89976.9143
2026-08-01T01:27:02.881Z,cryptocom,89863.02273509999,89863.03702619999,89863.02988064999,50,false,90312.3522,90312.3522,90312.3522,90315.1329
2026-08-01T01:27:02.881Z,coinbase,89837.51312159999,89837.52741269999,89837.52741269999,60,false,90376.5526,90376.5526,90376.5526,90379.7196
2026-08-01T01:27:02.881Z,pepperstone,89380.9,89567.5,89474.2,10,false,89657.0675,89662.4428,89703.9992,89766.3636
2026-08-01T01:27:02.881Z,swyftx,88911.98443899,90057.79493465,89484.88968682,60,false,90598.1417,90598.1417,90598.1417,90598.1417
2026-08-01T06:18:27.523Z,coinspot,89850,89898.09,89850,100,false,90797.0709,90797.0709,90797.0709,90797.0709
2026-08-01T06:18:27.523Z,digitalsurge,89194.78,90068.92,89631.85,50,false,90519.2646,90519.2646,90519.2646,90519.2646
2026-08-01T06:18:27.523Z,independentreserve,89630.27,89724.56,89630.15,50,false,90173.1828,90173.1828,90173.1828,90272.9849
2026-08-01T06:18:27.523Z,btcmarkets,89575.35,89687.59,89690.1,85,false,90449.9345,90449.9345,90449.9401,90490.1715
2026-08-01T06:18:27.523Z,coinjar,89620,89670,89660,10,false,89759.6700,89759.6700,89873.4430,90081.2685
2026-08-01T06:18:27.523Z,kraken,89607.3,89632.7,89646,40,false,89991.2308,89991.3312,90002.7464,90064.7726
2026-08-01T06:18:27.523Z,krakeninstant,89607.3,89632.7,89646,100,false,90529.0270,90529.0270,90529.0270,90529.0270
2026-08-01T06:18:27.523Z,okx,89561.3,89844.1,89862,70,false,90473.0087,90473.0087,90473.0646,96689.5990
2026-08-01T06:18:27.523Z,binance,90098.74992719998,90098.76423839998,90098.75708279999,10,false,90188.8630,90188.8630,90188.8630,90189.3779
2026-08-01T06:18:27.523Z,kucoin,90094.72847999998,90094.87159199998,90121.77664799998,10,false,90184.9665,90184.9665,90191.2710,90216.4159
2026-08-01T06:18:27.523Z,cryptocom,90103.25795519998,90103.27226639999,90103.26511079998,50,false,90553.7886,90553.7886,90553.7886,90561.0966
2026-08-01T06:18:27.523Z,coinbase,90089.00399999999,90089.01831119998,90089.00399999999,60,false,90629.5524,90629.5524,90629.5524,90630.0504
2026-08-01T06:18:27.523Z,pepperstone,89490.6,89686.9,89588.75,10,false,89776.5869,89783.6536,89839.0014,89889.8947
2026-08-01T06:18:27.523Z,swyftx,89039.35208449,90186.78221419,89613.06714934,60,false,90727.9029,90727.9029,90727.9029,90727.9029
2026-08-01T09:46:32.260Z,coinspot,89925.01,89953.1,89940.43849896,100,false,90852.6310,90852.6310,90852.6310,90852.6310
2026-08-01T09:46:32.260Z,digitalsurge,89326.11,90193.53,89759.82,50,false,90644.4976,90644.4976,90644.4976,90644.4976
2026-08-01T09:46:32.260Z,independentreserve,89738.75,89914.97,89738.04,50,false,90364.5448,90364.5448,90364.5448,90471.2316
2026-08-01T09:46:32.260Z,btcmarkets,89707.23,89827.8,89747.21,85,false,90591.3363,90591.1144,90591.1200,90639.4224
2026-08-01T09:46:32.260Z,coinjar,89700,90000,90000,10,false,90090.0000,90090.0000,90090.0000,90308.0279
2026-08-01T09:46:32.260Z,kraken,89661.8,89683,89671.8,40,false,90041.7320,90055.0589,90056.8556,90104.7890
2026-08-01T09:46:32.260Z,krakeninstant,89661.8,89683,89671.8,100,false,90579.8300,90579.8300,90579.8300,90579.8300
2026-08-01T09:46:32.260Z,okx,89596,89972.2,89862,70,false,90602.0054,90602.0054,90602.0254,98572.6895
2026-08-01T09:46:32.260Z,binance,90230.09812079997,90230.11243199998,90230.10527639999,10,false,90320.3425,90320.3425,90320.3425,90320.9540
2026-08-01T09:46:32.260Z,kucoin,90241.13205599999,90241.27516799998,90246.14097599998,10,false,90331.5164,90331.5164,90331.6395,90358.1903
2026-08-01T09:46:32.260Z,cryptocom,90228.23766479998,90228.25197599999,90228.24482039998,50,false,90679.3932,90679.3932,90679.3932,90680.4957
2026-08-01T09:46:32.260Z,coinbase,90216.34505759999,90216.35936879998,90216.34505759999,60,false,90757.6575,90757.6575,90757.6575,90759.5044
2026-08-01T09:46:32.260Z,pepperstone,89696.3,89879.5,89787.9,10,false,89969.3795,89975.4145,90010.0716,90068.6272
2026-08-01T09:46:32.260Z,swyftx,89208.84981178,90364.58545662,89786.7176342,60,false,90906.7730,90906.7730,90906.7730,90906.7730
2026-08-01T12:49:27.285Z,coinspot,89999,90000,89999.99,100,false,90900.0000,90900.0000,90900.0000,90900.0000
2026-08-01T12:49:27.285Z,digitalsurge,89346.48,90162.37,89754.43,50,false,90613.1818,90613.1818,90613.1818,90613.1818
2026-08-01T12:49:27.285Z,independentreserve,89716.68,89896.47,89881.46,50,false,90345.9523,90345.9523,90345.9556,90475.9515
2026-08-01T12:49:27.285Z,btcmarkets,89727.66,89780.64,89777.88,85,false,90543.7754,90577.8466,90585.4218,90622.9557
2026-08-01T12:49:27.285Z,coinjar,89650,89870,89620,10,false,89959.8700,89959.8700,89959.8700,90315.2608
2026-08-01T12:49:27.285Z,kraken,89651.3,89670.8,89670.8,40,false,90029.4832,90029.4832,90032.5457,90094.0816
2026-08-01T12:49:27.285Z,krakeninstant,89651.3,89670.8,89670.8,100,false,90567.5080,90567.5080,90567.5080,90567.5080
2026-08-01T12:49:27.285Z,okx,89593.1,89960,89940.5,70,false,90589.7200,90589.7200,90589.7400,98556.7394
2026-08-01T12:49:27.285Z,binance,90167.30633384998,90167.32063499998,90167.31348442499,10,false,90257.4880,90257.4880,90257.4880,90258.3682
2026-08-01T12:49:27.285Z,kucoin,90163.7453475,90163.88835899999,90163.7453475,10,false,90254.0522,90254.0522,90262.2113,90278.9344
2026-08-01T12:49:27.285Z,cryptocom,90167.40644189999,90167.42074304998,90167.41359247499,50,false,90618.2578,90618.2578,90618.2578,90621.8287
2026-08-01T12:49:27.285Z,coinbase,90149.47279979999,90149.48710094999,90149.47279979999,60,false,90690.3840,90690.3840,90690.3840,90692.4946
2026-08-01T12:49:27.285Z,pepperstone,89689.1,89879,89784.05,10,false,89968.8790,89972.8185,90004.3167,90055.6636
2026-08-01T12:49:27.285Z,swyftx,89204.37989221,90353.73912848,89779.05951034499,60,false,90895.8616,90895.8616,90895.8616,90895.8616
2026-08-01T16:43:50.357Z,coinspot,89650,89859.9,89650,100,false,90758.4990,90758.4990,90758.4990,90758.4990
2026-08-01T16:43:50.357Z,digitalsurge,89128.79,90015.18,89571.98,50,false,90465.2559,90465.2559,90465.2559,90465.2559
2026-08-01T16:43:50.357Z,independentreserve,89510.18,89667.02,89510.13,50,false,90115.3551,90115.5963,90115.5963,90173.8478
2026-08-01T16:43:50.357Z,btcmarkets,89509.04,89662.66,89615.42,85,false,90424.7926,90425.4582,90425.4582,90433.4867
2026-08-01T16:43:50.357Z,coinjar,89480,89630,89460,10,false,89719.6300,89719.6300,89719.6300,89809.0978
2026-08-01T16:43:50.357Z,kraken,89515,89528.4,89515.1,40,false,89886.5136,89886.6292,89887.5872,89958.4724
2026-08-01T16:43:50.357Z,krakeninstant,89515,89528.4,89515.1,100,false,90423.6840,90423.6840,90423.6840,90423.6840
2026-08-01T16:43:50.357Z,okx,89561.3,89778.8,89953.8,70,false,90407.2516,90407.2516,90407.2716,98419.8584
2026-08-01T16:43:50.357Z,binance,89965.96044299999,89965.97474415,89965.96759357498,10,false,90055.9407,90055.9407,90055.9407,90055.9407
2026-08-01T16:43:50.357Z,kucoin,89973.82607549998,89973.96908699999,89998.85308799999,10,false,90063.9431,90063.9431,90063.9646,90070.3580
2026-08-01T16:43:50.357Z,cryptocom,89963.10021299998,89963.11451414999,89963.10736357499,50,false,90412.9301,90412.9301,90412.9301,90415.3311
2026-08-01T16:43:50.357Z,coinbase,89945.32388354998,89945.33818469998,89945.33818469998,60,false,90485.0102,90485.0102,90485.0102,90485.1393
2026-08-01T16:43:50.357Z,pepperstone,89487.1,89669.7,89578.4,10,false,89759.3697,89764.8267,89807.4807,89864.1765
2026-08-01T16:43:50.357Z,swyftx,89007.40180845,90154.20259225,89580.80220035001,60,false,90695.1278,90695.1278,90695.1278,90695.1278
2026-08-01T20:37:58.361Z,coinspot,89030,89315.19,89317.34,100,false,90208.3419,90208.3419,90208.3419,90208.3419
2026-08-01T20:37:58.361Z,digitalsurge,88624.76,89523.43,89074.09,50,false,89971.0471,89971.0471,89971.0471,89971.0471
2026-08-01T20:37:58.361Z,independentreserve,88956.9,89160.2,89159.51,50,false,89606.0010,89606.0010,89606.0010,89677.4001
2026-08-01T20:37:58.361Z,btcmarkets,89002.86,89144.17,89046.84,85,false,89901.8954,89902.4905,89902.4905,89925.3257
2026-08-01T20:37:58.361Z,coinjar,88790,88990,89070,10,false,89078.9900,89078.9900,89078.9900,89710.3295
2026-08-01T20:37:58.361Z,kraken,89098,89120.3,89109.8,40,false,89476.7812,89476.7841,89480.7885,89509.9880
2026-08-01T20:37:58.361Z,krakeninstant,89098,89120.3,89109.8,100,false,90011.5030,90011.5030,90011.5030,90011.5030
2026-08-01T20:37:58.361Z,okx,88885.9,89269.7,88964.1,70,false,89894.5879,89894.3865,89894.4065,94506.5903
2026-08-01T20:37:58.361Z,binance,89470.29688514999,89470.3111863,89470.304035725,10,false,89559.7815,89559.7815,89559.7815,89559.7815
2026-08-01T20:37:58.361Z,kucoin,89462.55996299998,89462.70297449999,89477.57617049999,10,false,89552.1657,89552.1657,89554.1316,89586.6317
2026-08-01T20:37:58.361Z,cryptocom,89456.08154204999,89456.09584319999,89456.088692625,50,false,89903.3763,89903.3763,89903.3763,89903.8920
2026-08-01T20:37:58.361Z,coinbase,89444.22588869998,89444.24018984998,89444.24018984998,60,false,89980.9056,89980.9056,89982.5526,89984.4281
2026-08-01T20:37:58.361Z,pepperstone,89007.9,89191.1,89099.5,10,false,89280.2911,89285.9685,89328.1539,89377.8964
2026-08-01T20:37:58.361Z,swyftx,88534.79877072,89675.44412415,89105.121447435,60,false,90213.4968,90213.4968,90213.4968,90213.4968
2026-08-02T01:24:39.878Z,coinspot,89582.29,89868.98,89898.04711375,100,false,90767.6698,90767.6698,90767.6698,90767.6698
2026-08-02T01:24:39.878Z,digitalsurge,89107.94,89994.61,89551.28,50,false,90444.5830,90444.5830,90444.5830,90444.5830
2026-08-02T01:24:39.878Z,independentreserve,89451.15,89695.38,89730.52,50,false,90143.8569,90143.8569,90143.8569,90173.9788
2026-08-02T01:24:39.878Z,btcmarkets,89487.88,89613.37,89526.49,85,false,90375.0836,90376.1527,90376.1527,90388.8674
2026-08-02T01:24:39.878Z,coinjar,89450,89680,89410,10,false,89769.6800,89769.6800,89769.6800,90175.9774
2026-08-02T01:24:39.878Z,kraken,89672,89672.1,89672.1,40,false,90030.7884,90030.7884,90030.7884,90031.2669
2026-08-02T01:24:39.878Z,krakeninstant,89672,89672.1,89672.1,100,false,90568.8210,90568.8210,90568.8210,90568.8210
2026-08-02T01:24:39.878Z,okx,89409.4,89778.8,89525.7,70,false,90407.2516,90407.2516,90407.2716,95631.9982
2026-08-02T01:24:39.878Z,binance,89930.3909805,89930.40527159999,89930.39812604999,10,false,90020.3357,90020.3357,90020.3357,90020.3357
2026-08-02T01:24:39.878Z,kucoin,89931.17699099999,89931.31990199999,89931.31990199999,10,false,90021.2512,90021.2512,90021.6830,90040.4414
2026-08-02T01:24:39.878Z,cryptocom,89922.3308001,89922.3450912,89922.33794565,50,false,90371.9568,90371.9568,90371.9568,90375.0702
2026-08-02T01:24:39.878Z,coinbase,89902.39471559999,89902.40900669999,89906.4390969,60,false,90441.8235,90445.8921,90446.3655,90449.9162
2026-08-02T01:24:39.878Z,pepperstone,89520.4,89706.6,89613.5,10,false,89796.3066,89801.4147,89841.5001,89893.7007
2026-08-02T01:24:39.878Z,swyftx,89045.46710505,90192.73524209,89619.10117357,60,false,90733.8917,90733.8917,90733.8917,90733.8917
2026-08-02T06:24:06.068Z,coinspot,90544.64,90549.12,90544.64,100,false,91454.6112,91454.6112,91454.6112,91454.6112
2026-08-02T06:24:06.068Z,digitalsurge,89733.38,90630.26,90181.82,50,false,91083.4113,91083.4113,91083.4113,91083.4113
2026-08-02T06:24:06.068Z,independentreserve,90142.93,90170,90170,50,false,90620.8500,90756.6535,90759.8935,90806.0651
2026-08-02T06:24:06.068Z,btcmarkets,90114.07,90246.37,90270.47,85,false,91013.4641,91014.0692,91014.0692,91052.0614
2026-08-02T06:24:06.068Z,coinjar,90050,90260,90260,10,false,90350.2600,90350.2600,90350.2600,90888.5728
2026-08-02T06:24:06.068Z,kraken,90256.2,90265.7,90269.7,40,false,90626.7628,90626.8632,90643.6050,90757.9381
2026-08-02T06:24:06.068Z,krakeninstant,90256.2,90265.7,90269.7,100,false,91168.3570,91168.3570,91168.3570,91168.3570
2026-08-02T06:24:06.068Z,okx,90100.1,90450.3,90386.4,70,false,91083.4521,91083.2507,91083.2707,95473.3752
2026-08-02T06:24:06.068Z,binance,90607.146021,90607.1603121,90607.15316655,10,false,90697.7675,90697.7675,90697.7675,90700.0557
2026-08-02T06:24:06.068Z,kucoin,90609.003864,90609.14677499999,90614.00574899999,10,false,90699.7559,90699.7559,90714.6764,90738.7210
2026-08-02T06:24:06.068Z,cryptocom,90599.3716626,90599.3859537,90599.37880815,50,false,91052.3829,91052.3829,91052.3829,91060.4323
2026-08-02T06:24:06.068Z,coinbase,90591.7545063,90591.76879739999,90591.76879739999,60,false,91135.3194,91135.3194,91136.8094,91139.6394
2026-08-02T06:24:06.068Z,pepperstone,90207.1,90396.9,90302,10,false,90487.2969,90491.4190,90526.3562,90578.9018
2026-08-02T06:24:06.068Z,swyftx,89726.28288512,90882.30190752,90304.29239632,60,false,91427.5957,91427.5957,91427.5957,91427.5957
2026-08-02T09:46:21.731Z,coinspot,90085,90099,90099,100,false,90999.9900,90999.9900,90999.9900,90999.9900
2026-08-02T09:46:21.731Z,digitalsurge,89617.66,90417.66,90017.66,50,false,90869.7483,90869.7483,90869.7483,90869.7483
2026-08-02T09:46:21.731Z,independentreserve,89922.63,90068.83,90068.73,50,false,90519.1741,90519.1943,90519.1943,90591.4067
2026-08-02T09:46:21.731Z,btcmarkets,90000,90034.85,89904.49,85,false,90800.1462,90800.1462,90800.1518,90813.1534
2026-08-02T09:46:21.731Z,coinjar,89870,90030,89870,10,false,90120.0300,90120.0300,90120.0367,90295.5148
2026-08-02T09:46:21.731Z,kraken,90013.2,90039.7,90056.5,40,false,90399.8588,90404.4787,90411.6851,90443.6940
2026-08-02T09:46:21.731Z,krakeninstant,90013.2,90039.7,90056.5,100,false,90940.0970,90940.0970,90940.0970,90940.0970
2026-08-02T09:46:21.731Z,okx,89839.8,90220,90386.4,70,false,90851.5400,90851.4393,90851.4491,95279.5817
2026-08-02T09:46:21.731Z,binance,90362.95399529999,90362.96828639999,90362.96114084999,10,false,90453.3313,90453.3313,90453.3313,90453.3939
2026-08-02T09:46:21.731Z,kucoin,90351.621153,90351.76406399999,90351.621153,10,false,90442.1158,90442.1158,90444.8451,90469.7995
2026-08-02T09:46:21.731Z,cryptocom,90344.50418519998,90344.5184763,90344.51133074999,50,false,90796.2411,90796.2411,90796.2411,90803.5138
2026-08-02T09:46:21.731Z,coinbase,90332.5711167,90332.5854078,90332.5854078,60,false,90874.5809,90875.3361,90875.8408,90881.0511
2026-08-02T09:46:21.731Z,pepperstone,89952.2,90135.3,90043.75,10,false,90225.4353,90230.2757,90267.6293,90320.3517
2026-08-02T09:46:21.731Z,swyftx,89457.54403518,90610.10071228,90033.82237373,60,false,91153.7613,91153.7613,91153.7613,91153.7613
2026-08-02T12:51:06.293Z,coinspot,89910,90240.95,90242.94039886,100,false,91143.3595,91143.3595,91143.3595,91143.3595
2026-08-02T12:51:06.293Z,digitalsurge,89403.04,90303.73,89853.38,50,false,90755.2486,90755.2486,90755.2486,90755.2486
2026-08-02T12:51:06.293Z,independentreserve,89755.82,89951.59,89909.6,50,false,90401.3479,90401.3680,90401.3680,90438.3323
2026-08-02T12:51:06.293Z,btcmarkets,89784.46,89921.17,89803.78,85,false,90685.4999,90686.0546,90686.0546,90718.4626
2026-08-02T12:51:06.293Z,coinjar,89690,89890,89840,10,false,89979.8900,89979.8900,89979.8900,90601.1301
2026-08-02T12:51:06.293Z,kraken,89819.8,89843.7,89827.8,40,false,90203.0748,90201.4684,90203.2491,90240.3304
2026-08-02T12:51:06.293Z,krakeninstant,89819.8,89843.7,89827.8,100,false,90742.1370,90742.1370,90742.1370,90742.1370
2026-08-02T12:51:06.293Z,okx,89649.9,90039.9,90386.4,70,false,90670.1793,90670.1793,90670.1993,98634.8256
2026-08-02T12:51:06.293Z,binance,90227.90030639998,90227.91460754999,90227.907456975,10,false,90318.1425,90318.1425,90318.1425,90318.1425
2026-08-02T12:51:06.293Z,kucoin,90227.24245349999,90227.38546499998,90227.24245349999,10,false,90317.6129,90317.6129,90318.6915,90342.8940
2026-08-02T12:51:06.293Z,cryptocom,90221.19306704999,90221.20736819999,90221.200217625,50,false,90672.3134,90672.3134,90672.3134,90674.5626
2026-08-02T12:51:06.293Z,coinbase,90200.78532599998,90200.79962714999,90200.78532599998,60,false,90742.0044,90742.0044,90742.0044,90746.2394
2026-08-02T12:51:06.293Z,pepperstone,89764.4,89948.3,89856.35,10,false,90038.2483,90042.1005,90073.1368,90141.4407
2026-08-02T12:51:06.293Z,swyftx,89289.2889038,90439.65467078,89864.47178729001,60,false,90982.2926,90982.2926,90982.2926,90982.2926
2026-08-02T16:42:45.149Z,coinspot,89999,90125.06,90125.06,100,false,91026.3106,91026.3106,91026.3106,91026.3106
2026-08-02T16:42:45.149Z,digitalsurge,89479.43,90383.42,89931.42,50,false,90835.3371,90835.3371,90835.3371,90835.3371
2026-08-02T16:42:45.149Z,independentreserve,89818.42,90070.7,89932.69,50,false,90521.0535,90489.0442,90503.5724,90516.6747
2026-08-02T16:42:45.149Z,btcmarkets,89913.7,90000,89875.29,85,false,90765.0000,90765.9985,90784.6196,90867.8788
2026-08-02T16:42:45.149Z,coinjar,89840,89960,89780,10,false,90049.9600,90118.7123,90164.9406,90355.7343
2026-08-02T16:42:45.149Z,kraken,89946.9,89964.1,89783,40,false,90323.9564,90355.1317,90356.4409,90396.8046
2026-08-02T16:42:45.149Z,krakeninstant,89946.9,89964.1,89783,100,false,90863.7410,90863.7410,90863.7410,90863.7410
2026-08-02T16:42:45.149Z,okx,89826.8,90227.6,89993.1,70,false,90859.1932,90849.7274,90851.7353,96772.0151
2026-08-02T16:42:45.149Z,binance,90208.532268,90208.54653899999,90208.53940349999,10,false,90298.7551,90298.7551,90298.7551,90299.5276
2026-08-02T16:42:45.149Z,kucoin,90213.98378999998,90214.12649999998,90207.56184,10,false,90304.3406,90304.3406,90310.5596,90336.4083
2026-08-02T16:42:45.149Z,cryptocom,90198.84225899998,90198.85652999999,90198.84939449998,50,false,90649.8508,90649.8508,90649.8508,90657.9945
2026-08-02T16:42:45.149Z,coinbase,90192.420309,90192.43457999999,90192.43457999999,60,false,90733.5892,90733.5892,90733.5892,90736.5682
2026-08-02T16:42:45.149Z,pepperstone,89936.5,90125.7,90031.1,10,false,90215.8257,90205.8487,90266.8954,90311.4892
2026-08-02T16:42:45.149Z,swyftx,89393.97235937,90545.68680731,89969.82958334,60,false,91088.9609,91088.9609,91088.9609,91088.9609
2026-08-02T20:40:21.605Z,coinspot,90300,90408.2,90407.39,100,false,91312.2820,91312.2820,91312.2820,91312.2820
2026-08-02T20:40:21.605Z,digitalsurge,89699.38,90573.56,90136.47,50,false,91026.4278,91026.4278,91026.4278,91026.4278
2026-08-02T20:40:21.605Z,independentreserve,89939.41,90105.99,90064,50,false,90556.5200,90554.5099,90554.5099,90623.8156
2026-08-02T20:40:21.605Z,btcmarkets,90082.27,90189.89,90216.3,85,false,90956.5041,90956.7461,90956.7480,91033.8290
2026-08-02T20:40:21.605Z,coinjar,90030,90190,90240,10,false,90280.1900,90289.3753,90299.1264,90778.0834
2026-08-02T20:40:21.605Z,kraken,90222.3,90222.4,90222.4,40,false,90583.2896,90583.2896,90583.2896,90597.3703
2026-08-02T20:40:21.605Z,krakeninstant,90222.3,90222.4,90222.4,100,false,91124.6240,91124.6240,91124.6240,91124.6240
2026-08-02T20:40:21.605Z,okx,89445.7,90333.4,89993.1,70,false,90965.7338,90965.7338,90965.7435,95458.2091
2026-08-02T20:40:21.605Z,binance,90558.3276234,90558.3419145,90558.33476895,10,false,90648.9003,90648.9003,90648.9003,90649.5717
2026-08-02T20:40:21.605Z,kucoin,90557.27008199999,90557.41299299999,90557.27008199999,10,false,90647.9704,90647.9704,90649.8914,90680.4288
2026-08-02T20:40:21.605Z,cryptocom,90555.3979479,90555.412239,90555.40509345,50,false,91008.1893,91008.1893,91008.1893,91010.3588
2026-08-02T20:40:21.605Z,coinbase,90529.73113229999,90531.50322869999,90531.53181089999,60,false,91074.6922,91074.2893,91075.5965,91076.6361
2026-08-02T20:40:21.605Z,pepperstone,89791.2,89973.7,89882.45,10,false,90063.6737,90068.3083,90105.7570,90165.7750
2026-08-02T20:40:21.605Z,swyftx,89279.67826607,90520.53430584,89900.106285955,60,false,91063.6575,91063.6575,91063.6575,91063.6575
2026-08-03T01:25:20.484Z,coinspot,89799.99,89800,89800,100,false,90698.0000,90698.0000,90698.0000,90698.0000
2026-08-03T01:25:20.484Z,digitalsurge,89338.9,90188.83,89763.87,50,false,90639.7741,90639.7741,90639.7741,90639.7741
2026-08-03T01:25:20.484Z,independentreserve,89756,89822.98,89802.95,50,false,90272.0949,90281.1499,90281.1499,90300.2830
2026-08-03T01:25:20.484Z,btcmarkets,89720.01,89806.99,89690.35,85,false,90570.3494,90570.3494,90570.3494,90642.6929
2026-08-03T01:25:20.484Z,coinjar,89610,89770,89730,10,false,89859.7700,89859.7700,89867.4434,90121.1218
2026-08-03T01:25:20.484Z,kraken,89772.2,89782.6,89740.9,40,false,90141.7304,90152.4905,90154.2318,90181.1430
2026-08-03T01:25:20.484Z,krakeninstant,89772.2,89782.6,89740.9,100,false,90680.4260,90680.4260,90680.4260,90680.4260
2026-08-03T01:25:20.484Z,okx,89766.1,89805.2,89835.6,70,false,90433.8364,90445.1148,90445.7080,98526.9238
2026-08-03T01:25:20.484Z,binance,90209.26562655,90209.27990760001,90209.272767075,10,false,90299.4892,90299.4892,90299.4892,90306.1296
2026-08-03T01:25:20.484Z,kucoin,90191.114412,90191.2572225,90162.4095015,10,false,90281.4485,90291.7975,90292.4780,90310.1985
2026-08-03T01:25:20.484Z,cryptocom,90207.55190055,90207.56618159999,90207.559041075,50,false,90658.6040,90658.6040,90658.6040,90666.9655
2026-08-03T01:25:20.484Z,coinbase,90176.54774099999,90176.56202205,90176.4906168,60,false,90717.6214,90722.7996,90723.5928,90728.6039
2026-08-03T01:25:20.484Z,pepperstone,89687.3,89828.9,89758.1,10,false,89918.7289,89943.7875,89962.4055,89991.3666
2026-08-03T01:25:20.484Z,swyftx,89243.27437719,90209.34682223,89726.31059971,60,false,90750.6029,90750.6029,90750.6029,90750.6029
2026-08-03T06:49:24.737Z,coinspot,88891.14,88999,88999,100,false,89888.9900,89888.9900,89888.9900,89888.9900
2026-08-03T06:49:24.737Z,digitalsurge,88539.75,89331.21,88935.48,50,false,89777.8660,89777.8660,89777.8660,89777.8660
2026-08-03T06:49:24.737Z,independentreserve,88939,89024,89024,50,false,89469.1200,89469.1200,89505.4548,89528.5769
2026-08-03T06:49:24.737Z,btcmarkets,88896.13,88953,88940,85,false,89709.1005,89739.3454,89744.9732,89815.3888
2026-08-03T06:49:24.737Z,coinjar,88790,88950,88890,10,false,89038.9500,89038.9500,89060.9458,89161.5828
2026-08-03T06:49:24.737Z,kraken,89046.2,89070.2,89070.4,40,false,89426.4808,89426.5812,89426.5812,89446.7157
2026-08-03T06:49:24.737Z,krakeninstant,89046.2,89070.2,89070.4,100,false,89960.9020,89960.9020,89960.9020,89960.9020
2026-08-03T06:49:24.737Z,okx,89043.8,89081.6,89054.5,70,false,89705.1712,89705.1712,89713.6633,97941.1386
2026-08-03T06:49:24.737Z,binance,89449.7527053,89449.7669964,89449.75985085,10,false,89539.2168,89539.2168,89539.2168,89540.4246
2026-08-03T06:49:24.737Z,kucoin,89450.85312,89450.99603099999,89461.571445,10,false,89540.4470,89540.4470,89551.4030,89600.1653
2026-08-03T06:49:24.737Z,cryptocom,89450.29576709999,89450.31005819999,89450.30291265,50,false,89897.5616,89897.5616,89897.5616,89902.5425
2026-08-03T06:49:24.737Z,coinbase,89426.5725411,89426.58683219999,89426.58683219999,60,false,89963.1464,89963.8954,89967.5461,89969.9690
2026-08-03T06:49:24.737Z,pepperstone,89000,89122,89061,10,false,89211.1220,89202.9161,89245.7045,89283.2941
2026-08-03T06:49:24.737Z,swyftx,88561.26115129,89519.84371911,89040.55243519999,60,false,90056.9628,90056.9628,90056.9628,90056.9628
2026-08-03T11:09:38.407Z,coinspot,89250,89435,89440,100,false,90329.3500,90329.3500,90329.3500,90329.3500
2026-08-03T11:09:38.407Z,digitalsurge,88799.97,89642.52,89221.25,50,false,90090.7326,90090.7326,90090.7326,90090.7326
2026-08-03T11:09:38.407Z,independentreserve,89206.07,89281,89288,50,false,89727.4050,89727.4050,89794.7016,89809.6339
2026-08-03T11:09:38.407Z,btcmarkets,89177.84,89262.99,89311.99,85,false,90021.7254,90021.7254,90040.7562,90072.6369
2026-08-03T11:09:38.407Z,coinjar,89140,89260,89160,10,false,89349.2600,89349.2600,89367.4935,89470.9901
2026-08-03T11:09:38.407Z,kraken,89303.1,89316.2,89389.7,40,false,89673.4648,89673.4648,89690.9516,89710.7661
2026-08-03T11:09:38.407Z,krakeninstant,89303.1,89316.2,89389.7,100,false,90209.3620,90209.3620,90209.3620,90209.3620
2026-08-03T11:09:38.407Z,okx,89292.7,89338.7,89588.4,70,false,89964.0709,89964.0709,89965.4090,98042.6578
2026-08-03T11:09:38.407Z,binance,89738.2421964,89738.25654779999,89738.24937209999,10,false,89827.9948,89827.9948,89833.0875,89837.3912
2026-08-03T11:09:38.407Z,kucoin,89738.443116,89738.58662999999,89739.734742,10,false,89828.3252,89828.3252,89837.2040,89854.1189
2026-08-03T11:09:38.407Z,cryptocom,89744.15497319998,89744.16932459999,89744.16214889998,50,false,90192.8902,90192.8902,90192.8902,90198.9126
2026-08-03T11:09:38.407Z,coinbase,89719.14048299998,89719.15483439999,89719.14048299998,60,false,90257.4698,90257.4698,90257.6083,90257.9050
2026-08-03T11:09:38.407Z,pepperstone,89230.8,89378.3,89304.55,10,false,89467.6783,89472.8558,89504.5011,89535.5438
2026-08-03T11:09:38.407Z,swyftx,88814.04621446,89781.15811252,89297.60216349,60,false,90319.8451,90319.8451,90319.8451,90319.8451
2026-08-03T14:09:17.030Z,coinspot,90306.32,90405.09,90406.04,100,false,91309.1409,91309.1409,91309.1409,91309.1409
2026-08-03T14:09:17.030Z,digitalsurge,89843.02,90713.05,90278.04,50,false,91166.6152,91166.6152,91166.6152,91166.6152
2026-08-03T14:09:17.030Z,independentreserve,90218,90346.99,90293.97,50,false,90798.7249,90781.6399,90781.6399,90830.5972
2026-08-03T14:09:17.030Z,btcmarkets,90236,90328.89,90160.11,85,false,91096.6856,91090.6749,91090.6749,91152.2965
2026-08-03T14:09:17.030Z,coinjar,90090,90280,90120,10,false,90370.2800,90370.2800,90414.1559,90497.4727
2026-08-03T14:09:17.030Z,kraken,90327.6,90333.9,90370.5,40,false,90695.2356,90712.4755,90722.7162,90743.5077
2026-08-03T14:09:17.030Z,krakeninstant,90327.6,90333.9,90370.5,100,false,91237.2390,91237.2390,91237.2390,91237.2390
2026-08-03T14:09:17.030Z,okx,90324.9,90375.5,90222.4,70,false,91008.1285,91008.1285,91014.5509,98876.7239
2026-08-03T14:09:17.030Z,binance,90861.7124808,90861.72686235,90861.719671575,10,false,90952.5886,90952.5886,90952.5886,90957.4762
2026-08-03T14:09:17.030Z,kucoin,90857.02409549999,90857.16791099998,90857.02409549999,10,false,90948.0251,90948.0251,90949.1040,90982.0669
2026-08-03T14:09:17.030Z,cryptocom,90847.4459832,90847.46036474999,90847.453173975,50,false,91301.6977,91306.9876,91306.9876,91311.9339
2026-08-03T14:09:17.030Z,coinbase,90846.25231454999,90849.25805849998,90849.1717692,60,false,91394.3536,91389.7818,91389.7818,91398.4474
2026-08-03T14:09:17.030Z,pepperstone,90253.5,90421.1,90337.3,10,false,90511.5211,90518.4198,90578.5404,90608.0726
2026-08-03T14:09:17.030Z,swyftx,89828.5087314,90800.16258427,90314.335657835,60,false,91344.9636,91344.9636,91344.9636,91344.9636
2026-08-03T17:38:08.058Z,coinspot,91094.69,91250,91250,100,false,92162.5000,92162.5000,92162.5000,92162.5000
2026-08-03T17:38:08.058Z,digitalsurge,90822.56,91649.01,91235.79,50,false,92107.2550,92107.2550,92107.2550,92107.2550
2026-08-03T17:38:08.058Z,independentreserve,91184.02,91242.99,91160.99,50,false,91699.2049,91712.2700,91712.2700,91791.8409
2026-08-03T17:38:08.058Z,btcmarkets,91210.04,91260.99,91090.09,85,false,92036.7084,92036.7084,92048.9995,92087.0006
2026-08-03T17:38:08.058Z,coinjar,91080,91230,90910,10,false,91321.2300,91321.2300,91321.2300,91405.0135
2026-08-03T17:38:08.058Z,kraken,91285.9,91292.4,91184.8,40,false,91657.5696,91657.5604,91665.6289,91700.1027
2026-08-03T17:38:08.058Z,krakeninstant,91285.9,91292.4,91184.8,100,false,92205.3240,92205.3240,92205.3240,92205.3240
2026-08-03T17:38:08.058Z,okx,91258.8,91305.3,90998.5,70,false,91944.4371,91944.4371,91951.3369,99750.7253
2026-08-03T17:38:08.058Z,binance,91751.40696149998,91751.42133299999,91751.41414724999,10,false,91843.1728,91843.1728,91843.1728,91843.1728
2026-08-03T17:38:08.058Z,kucoin,91749.66800999998,91749.81172499998,91777.54871999999,10,false,91841.5615,91841.5615,91842.6018,91864.7604
2026-08-03T17:38:08.058Z,cryptocom,91753.17465599997,91753.18902749998,91753.18184174999,50,false,92211.9550,92211.9550,92211.9550,92216.3384
2026-08-03T17:38:08.058Z,coinbase,91732.07729399999,91732.09166549997,91732.09166549997,60,false,92282.4842,92282.4842,92282.4842,92288.7297
2026-08-03T17:38:08.058Z,pepperstone,91194.8,91360.6,91277.70000000001,10,false,91451.9606,91456.3689,91498.3452,91552.3993
2026-08-03T17:38:08.058Z,swyftx,90807.11569859,91795.75978212,91301.437740355,60,false,92346.5343,92346.5343,92346.5343,92346.5343
2026-08-03T20:51:29.838Z,coinspot,90840.89,91153.44,91250,100,false,92064.9744,92064.9744,92064.9744,92064.9744
2026-08-03T20:51:29.838Z,digitalsurge,90549.73,91407.98,90978.86,50,false,91865.0199,91865.0199,91865.0199,91865.0199
2026-08-03T20:51:29.838Z,independentreserve,90944.07,91021,91077,50,false,91476.1050,91476.1050,91533.3312,91551.0785
2026-08-03T20:51:29.838Z,btcmarkets,90936.04,91020.98,91164.98,85,false,91794.6583,91794.6684,91802.9642,91840.2916
2026-08-03T20:51:29.838Z,coinjar,90820,90970,91030,10,false,91060.9700,91060.9700,91060.9700,91199.3763
2026-08-03T20:51:29.838Z,kraken,91015.8,91049.2,91179.8,40,false,91413.3968,91412.3837,91416.0364,91484.0021
2026-08-03T20:51:29.838Z,krakeninstant,91015.8,91049.2,91179.8,100,false,91959.6920,91959.6920,91959.6920,91959.6920
2026-08-03T20:51:29.838Z,okx,91024.9,91067.9,91276.5,70,false,91705.3753,91705.3753,91710.1004,99595.5036
2026-08-03T20:51:29.838Z,binance,91543.54446975,91543.5588312,91543.551650475,10,false,91635.1024,91635.1024,91635.1024,91635.1024
2026-08-03T20:51:29.838Z,kucoin,91541.031216,91541.17483050001,91542.467361,10,false,91632.7160,91632.7160,91633.9086,91652.7417
2026-08-03T20:51:29.838Z,cryptocom,91539.4514565,91539.46581795,91539.458637225,50,false,91997.1631,91997.1631,91997.1631,91998.7006
2026-08-03T20:51:29.838Z,coinbase,91526.41125990001,91526.42562134999,91526.41125990001,60,false,92075.5842,92075.5842,92075.5842,92078.4503
2026-08-03T20:51:29.838Z,pepperstone,90954,91110.2,91032.1,10,false,91201.3102,91204.8860,91237.8826,91291.2037
2026-08-03T20:51:29.838Z,swyftx,90552.85136,91538.8211479,91045.83625395,60,false,92088.0541,92088.0541,92088.0541,92088.0541
2026-08-04T01:15:38.779Z,coinspot,90501,90675.11,90520,100,false,91581.8611,91581.8611,91581.8611,91581.8611
2026-08-04T01:15:38.779Z,digitalsurge,90159.36,90994.64,90577,50,false,91449.6132,91449.6132,91449.6132,91449.6132
2026-08-04T01:15:38.779Z,independentreserve,90420.04,90487,90461,50,false,90939.4350,90939.4350,90998.4517,91091.6669
2026-08-04T01:15:38.779Z,btcmarkets,90544.01,90618.23,90464.01,85,false,91388.4850,91388.6060,91388.6097,91432.8881
2026-08-04T01:15:38.779Z,coinjar,90390,90500,90500,10,false,90590.5000,90590.5000,90650.8181,91013.2335
2026-08-04T01:15:38.779Z,kraken,90578,90596.5,90573.8,40,false,90958.8860,90958.8769,90968.7523,91027.3301
2026-08-04T01:15:38.779Z,krakeninstant,90578,90596.5,90573.8,100,false,91502.4650,91502.4650,91502.4650,91502.4650
2026-08-04T01:15:38.779Z,okx,90598.1,90633.7,90441.5,70,false,91268.1359,91268.1359,91272.4925,99212.5809
2026-08-04T01:15:38.779Z,binance,90914.85794609999,90914.87227739999,90914.86511175,10,false,91005.7871,91005.7871,91005.7871,91009.6692
2026-08-04T01:15:38.779Z,kucoin,90915.76081799998,90915.90413099999,90913.46780999999,10,false,91006.8200,91006.8200,91009.1716,91032.4886
2026-08-04T01:15:38.779Z,cryptocom,90906.53146079999,90906.54579209999,90906.53862644998,50,false,91361.0785,91361.0785,91361.0785,91366.8015
2026-08-04T01:15:38.779Z,coinbase,90894.04889849998,90894.06322979998,90893.94857939998,60,false,91439.4276,91437.0199,91437.0199,91440.2162
2026-08-04T01:15:38.779Z,pepperstone,90515.7,90693.2,90604.45,10,false,90783.8932,90795.7035,90840.8697,90897.3572
2026-08-04T01:15:38.779Z,swyftx,90121.91445327,91096.83202208,90609.373237675,60,false,91643.4130,91643.4130,91643.4130,91643.4130
2026-08-04T06:17:37.484Z,coinspot,90697,90953.56,90697,100,false,91863.0956,91863.0956,91863.0956,91863.0956
2026-08-04T06:17:37.484Z,digitalsurge,90354.52,91204.59,90779.56,50,false,91660.6129,91660.6129,91660.6129,91660.6129
2026-08-04T06:17:37.484Z,independentreserve,90716,90795.77,90765.92,50,false,91249.7488,91249.7488,91249.7488,91307.9868
2026-08-04T06:17:37.484Z,btcmarkets,90740,90818.35,90730,85,false,91590.3060,91590.7598,91590.7598,91616.2657
2026-08-04T06:17:37.484Z,coinjar,90670,90790,90780,10,false,90880.7900,90880.7900,90880.7900,90969.5459
2026-08-04T06:17:37.484Z,kraken,90847.4,90871.9,90898.9,40,false,91235.3876,91235.2872,91238.0285,91280.6585
2026-08-04T06:17:37.484Z,krakeninstant,90847.4,90871.9,90898.9,100,false,91780.6190,91780.6190,91780.6190,91780.6190
2026-08-04T06:17:37.484Z,okx,90839.5,90879.6,90878.8,70,false,91515.7572,91515.7572,91518.7813,99479.9863
2026-08-04T06:17:37.484Z,binance,91191.282975,91191.29727614998,91191.29012557499,10,false,91282.4886,91282.4886,91282.4886,91282.5279
2026-08-04T06:17:37.484Z,kucoin,91194.00019349999,91194.14320499999,91203.00991799998,10,false,91285.3373,91285.3373,91290.8966,91315.2101
2026-08-04T06:17:37.484Z,cryptocom,91183.63185974999,91183.6461609,91183.63901032499,50,false,91639.5644,91639.5644,91639.5644,91643.6936
2026-08-04T06:17:37.484Z,coinbase,91172.90599725,91172.92029839999,91172.90599725,60,false,91719.9578,91720.2853,91721.9297,91729.2037
2026-08-04T06:17:37.484Z,pepperstone,90784.8,90969.4,90877.1,10,false,91060.3694,91063.5864,91099.3825,91144.1246
2026-08-04T06:17:37.484Z,swyftx,90377.54569091,91361.91911519,90869.73240305,60,false,91910.0906,91910.0906,91910.0906,91910.0906
2026-08-04T10:24:22.380Z,coinspot,90300,90486.16,90350,100,false,91391.0216,91391.0216,91391.0216,91391.0216
2026-08-04T10:24:22.380Z,digitalsurge,89766.03,90615.51,90190.77,50,false,91068.5875,91068.5875,91068.5875,91068.5875
2026-08-04T10:24:22.380Z,independentreserve,90142.24,90231.95,90151,50,false,90683.1097,90683.1097,90683.1097,90746.4712
2026-08-04T10:24:22.380Z,btcmarkets,90136.09,90235.82,90159.01,85,false,91002.8245,91002.8850,91002.8869,91033.3832
2026-08-04T10:24:22.380Z,coinjar,90050,90200,90090,10,false,90290.2000,90270.1800,90270.1800,90438.8066
2026-08-04T10:24:22.380Z,kraken,90237,90261.9,90247.8,40,false,90622.9476,90622.9476,90629.3984,90657.1598
2026-08-04T10:24:22.380Z,krakeninstant,90237,90261.9,90247.8,100,false,91164.5190,91164.5190,91164.5190,91164.5190
2026-08-04T10:24:22.380Z,okx,90212.2,90266.3,90422.4,70,false,90898.1641,90898.1641,90908.3401,94258.9171
2026-08-04T10:24:22.380Z,binance,90657.32207309999,90657.33636419999,90657.32921864999,10,false,90747.9937,90747.9937,90747.9937,90748.5652
2026-08-04T10:24:22.380Z,kucoin,90660.16600199998,90660.308913,90678.45860999999,10,false,90750.9692,90750.9692,90754.6041,90779.9881
2026-08-04T10:24:22.380Z,cryptocom,90653.13478079998,90653.1490719,90653.14192635,50,false,91106.4148,91106.4148,91106.4148,91108.5683
2026-08-04T10:24:22.380Z,coinbase,90636.04262519999,90636.05691629999,90636.04262519999,60,false,91179.8733,91179.8733,91179.8733,91182.2097
2026-08-04T10:24:22.380Z,pepperstone,90153.1,90332.3,90242.70000000001,10,false,90422.6323,90427.1108,90464.7901,90518.7767
2026-08-04T10:24:22.380Z,swyftx,89778.65501378,90756.7587168,90267.70686529,60,false,91301.2993,91301.2993,91301.2993,91301.2993
2026-08-04T13:39:47.741Z,coinspot,90695.89,90882.35,90700.81,100,false,91791.1735,91791.1735,91791.1735,91791.1735
2026-08-04T13:39:47.741Z,digitalsurge,90409.53,91262.38,90835.96,50,false,91718.6919,91718.6919,91718.6919,91718.6919
2026-08-04T13:39:47.741Z,independentreserve,90877,90946.99,90373.49,50,false,91401.7249,91401.7249,91401.7249,91432.8996
2026-08-04T13:39:47.741Z,btcmarkets,90795.29,90869,90839.83,85,false,91641.3865,91648.4359,91653.9397,91732.9636
2026-08-04T13:39:47.741Z,coinjar,90740,90870,90660,10,false,90960.8700,90960.8700,90960.8700,91141.5300
2026-08-04T13:39:47.741Z,kraken,90911.7,90938.9,90784.1,40,false,91302.6556,91295.1895,91295.2223,91339.1215
2026-08-04T13:39:47.741Z,krakeninstant,90911.7,90938.9,90784.1,100,false,91848.2890,91848.2890,91848.2890,91848.2890
2026-08-04T13:39:47.741Z,okx,90895.5,90940,90564.5,70,false,91576.5800,91576.5800,91581.7009,94859.6528
2026-08-04T13:39:47.741Z,binance,91374.91348965,91374.92777069999,91374.920630175,10,false,91466.3027,91466.3027,91466.3027,91467.1135
2026-08-04T13:39:47.741Z,kucoin,91369.015416,91369.1582265,91380.8686875,10,false,91460.5274,91460.5274,91467.7549,91508.0107
2026-08-04T13:39:47.741Z,cryptocom,91371.3289461,91371.34322715,91371.33608662499,50,false,91828.1999,91822.0427,91822.0427,91823.2154
2026-08-04T13:39:47.741Z,coinbase,91350.15014895,91350.16443,91360.8466554,60,false,91898.2654,91909.0959,91909.3951,91915.2219
2026-08-04T13:39:47.741Z,pepperstone,90820.9,91017.4,90919.15,10,false,91108.4174,91109.0342,91131.0911,91208.1920
2026-08-04T13:39:47.741Z,swyftx,90423.82279186,91402.65517456,90913.23898321,60,false,91951.0711,91951.0711,91951.0711,91951.0711
2026-08-04T17:26:28.777Z,coinspot,90750,91118.27,91020.79,100,false,92029.4527,92029.4527,92029.4527,92029.4527
2026-08-04T17:26:28.777Z,digitalsurge,90441.23,91301.05,90871.14,50,false,91757.5552,91757.5552,91757.5552,91757.5552
2026-08-04T17:26:28.777Z,independentreserve,90807.09,90878,90852.98,50,false,91332.3900,91332.3900,91358.6674,91428.8434
2026-08-04T17:26:28.777Z,btcmarkets,90827.08,90914.33,90969.92,85,false,91687.1018,91687.1825,91687.1825,91727.5438
2026-08-04T17:26:28.777Z,coinjar,90730,90940,90810,10,false,91030.9400,91030.9400,91046.8526,91193.7731
2026-08-04T17:26:28.777Z,kraken,90940.6,90962.5,90941.8,40,false,91326.3500,91328.3943,91333.9448,91370.6864
2026-08-04T17:26:28.777Z,krakeninstant,90940.6,90962.5,90941.8,100,false,91872.1250,91872.1250,91872.1250,91872.1250
2026-08-04T17:26:28.777Z,okx,90907.8,90947.1,90866.3,70,false,91583.7297,91583.7297,91585.0956,94867.4306
2026-08-04T17:26:28.777Z,binance,91390.97024399998,91390.98451499999,91390.9773795,10,false,91482.3755,91482.3755,91482.3755,91486.6705
2026-08-04T17:26:28.777Z,kucoin,91385.34746999998,91385.49018,91318.98731999999,10,false,91476.8757,91476.8757,91479.9159,91502.6761
2026-08-04T17:26:28.777Z,cryptocom,91393.55329499999,91393.56756599998,91393.56043049999,50,false,91850.5354,91850.5354,91850.5354,91852.3855
2026-08-04T17:26:28.777Z,coinbase,91379.25375299998,91379.26802399999,91379.25375299998,60,false,91927.5436,91927.5436,91927.5436,91930.4806
2026-08-04T17:26:28.777Z,pepperstone,90853,91037,90945,10,false,91128.0370,91132.2518,91170.7990,91224.7160
2026-08-04T17:26:28.777Z,swyftx,90403.19628935,91388.30399987,90895.75014461,60,false,91936.6338,91936.6338,91936.6338,91936.6338
2026-08-04T20:59:16.958Z,coinspot,91350,91449.35,91449.35,100,false,92363.8435,92363.8435,92363.8435,92363.8435
2026-08-04T20:59:16.958Z,digitalsurge,90728.94,91583.5,91156.22,50,false,92041.4175,92041.4175,92041.4175,92041.4175
2026-08-04T20:59:16.958Z,independentreserve,91157,91240.95,91240.97,50,false,91697.1547,91697.1547,91697.1547,91720.9448
2026-08-04T20:59:16.958Z,btcmarkets,91116.18,91195.75,91180.99,85,false,91970.9139,91970.9139,91994.5667,92030.2658
2026-08-04T20:59:16.958Z,coinjar,91010,91240,91220,10,false,91331.2400,91331.2400,91331.2400,91586.7094
2026-08-04T20:59:16.958Z,kraken,91224.3,91253.5,91219.4,40,false,91618.5140,91628.1685,91630.8318,91653.8331
2026-08-04T20:59:16.958Z,krakeninstant,91224.3,91253.5,91219.4,100,false,92166.0350,92166.0350,92166.0350,92166.0350
2026-08-04T20:59:16.958Z,okx,91186,91226,91218.2,70,false,91864.5820,91864.5820,91868.8251,95135.5240
2026-08-04T20:59:16.958Z,binance,91641.11074409998,91641.12499499998,91641.11786954998,10,false,91732.7661,91732.7661,91732.7661,91734.3377
2026-08-04T20:59:16.958Z,kucoin,91639.12986899998,91639.27237799998,91632.57445499998,10,false,91730.9117,91730.9117,91743.7533,91759.7025
2026-08-04T20:59:16.958Z,cryptocom,91653.01024559997,91653.02449649999,91653.01737104998,50,false,92111.2896,92111.2896,92111.2896,92111.2896
2026-08-04T20:59:16.958Z,coinbase,91624.2519294,91624.26618029998,91624.26618029998,60,false,92174.0118,92174.0118,92174.0118,92179.9019
2026-08-04T20:59:16.958Z,pepperstone,91144.3,91355.1,91249.70000000001,10,false,91446.4551,91450.0189,91486.4038,91531.9992
2026-08-04T20:59:16.958Z,swyftx,90741.69363125,91730.60399762,91236.148814435,60,false,92280.9876,92280.9876,92280.9876,92280.9876
2026-08-05T01:18:36.714Z,coinspot,90800,90933.71,90998.36,100,false,91843.0471,91843.0471,91843.0471,91843.0471
2026-08-05T01:18:36.714Z,digitalsurge,90243.99,91101.3,90672.64,50,false,91556.8065,91556.8065,91556.8065,91556.8065
2026-08-05T01:18:36.714Z,independentreserve,90649,90734.99,90788.97,50,false,91188.6649,91188.6448,91188.6448,91222.5848
2026-08-05T01:18:36.714Z,btcmarkets,90629,90715.51,90644.5,85,false,91486.5918,91486.7834,91486.7834,91520.7146
2026-08-05T01:18:36.714Z,coinjar,90610,90730,90620,10,false,90820.7300,90820.7300,90868.9914,91286.3239
2026-08-05T01:18:36.714Z,kraken,90735.9,90764.6,90777.1,40,false,91127.6584,91128.0600,91128.2272,91155.6633
2026-08-05T01:18:36.714Z,krakeninstant,90735.9,90764.6,90777.1,100,false,91672.2460,91672.2460,91672.2460,91672.2460
2026-08-05T01:18:36.714Z,okx,90720.8,90768.9,90912.2,70,false,91404.2823,91404.2823,91405.4303,92346.7509
2026-08-05T01:18:36.714Z,binance,91251.88507799999,91251.89934899998,91251.89221349999,10,false,91343.1512,91343.1512,91343.1512,91348.6089
2026-08-05T01:18:36.714Z,kucoin,91249.34483999999,91249.48754999999,91202.67866999998,10,false,91340.7370,91340.7370,91344.4297,91362.9215
2026-08-05T01:18:36.714Z,cryptocom,91246.87595699998,91246.89022799999,91246.8830925,50,false,91703.1247,91703.1247,91703.8205,91710.4370
2026-08-05T01:18:36.714Z,coinbase,91230.69264299999,91230.70691399998,91230.70691399998,60,false,91778.0912,91778.0912,91778.0912,91780.0493
2026-08-05T01:18:36.714Z,pepperstone,90657.2,90841,90749.1,10,false,90931.8410,90937.6284,90973.2290,91014.2227
2026-08-05T01:18:36.714Z,swyftx,90242.748911,91226.21323207,90734.481071535,60,false,91773.5705,91773.5705,91773.5705,91773.5705
2026-08-05T06:16:07.852Z,coinspot,90999,91318.06,91250,100,false,92231.2406,92231.2406,92231.2406,92231.2406
2026-08-05T06:16:07.852Z,digitalsurge,90623.37,91486.33,91054.85,50,false,91943.7616,91943.7616,91943.7616,91943.7616
2026-08-05T06:16:07.852Z,independentreserve,91032.12,91098.99,91062.48,50,false,91554.4849,91554.4849,91554.4849,91659.4224
2026-08-05T06:16:07.852Z,btcmarkets,91010,91098.99,91087.99,85,false,91873.3314,91874.3399,91901.4262,91955.2842
2026-08-05T06:16:07.852Z,coinjar,90910,91050,90970,10,false,91141.0500,91141.0500,91141.0500,91337.2898
2026-08-05T06:16:07.852Z,kraken,91076.9,91096.8,91099.5,40,false,91461.1872,91461.0868,91466.9916,91507.2054
2026-08-05T06:16:07.852Z,krakeninstant,91076.9,91096.8,91099.5,100,false,92007.7680,92007.7680,92007.7680,92007.7680
2026-08-05T06:16:07.852Z,okx,91139.9,91184.9,91225.6,70,false,91823.1943,91823.1943,91826.9752,92680.3154
2026-08-05T06:16:07.852Z,binance,91581.42797489998,91581.44222579998,91581.43510034999,10,false,91673.0237,91673.0237,91673.0237,91673.0237
2026-08-05T06:16:07.852Z,kucoin,91583.97888599998,91584.12139499998,91607.63537999998,10,false,91675.7055,91675.7055,91677.1696,91693.6088
2026-08-05T06:16:07.852Z,cryptocom,91576.38315629998,91576.39740719998,91576.39028174998,50,false,92034.2794,92034.2794,92034.2794,92035.8745
2026-08-05T06:16:07.852Z,coinbase,91561.46246399998,91561.47671489998,91561.46246399998,60,false,92110.8456,92110.8456,92110.8456,92110.9576
2026-08-05T06:16:07.852Z,pepperstone,91060.2,91261.4,91160.79999999999,10,false,91352.6614,91354.8477,91375.4020,91447.8723
2026-08-05T06:16:07.852Z,swyftx,90651.18982481,91639.20176952,91145.19579716501,60,false,92189.0370,92189.0370,92189.0370,92189.0370
2026-08-05T10:20:40.491Z,coinspot,91000,91100,91100,100,false,92011.0000,92011.0000,92011.0000,92011.0000
2026-08-05T10:20:40.491Z,digitalsurge,90470.18,91283.42,90876.8,50,false,91739.8371,91739.8371,91739.8371,91739.8371
2026-08-05T10:20:40.491Z,independentreserve,90905.11,90951.99,90966,50,false,91406.7499,91406.7499,91414.9895,91423.8548
2026-08-05T10:20:40.491Z,btcmarkets,90856.14,90896,90901.68,85,false,91668.6160,91669.6043,91669.6043,91743.4619
2026-08-05T10:20:40.491Z,coinjar,90860,90870,90870,10,false,90960.8700,90960.8700,90960.8700,91106.8410
2026-08-05T10:20:40.491Z,kraken,90966.3,90966.4,90966.4,40,false,91330.2656,91330.2656,91331.6205,91356.5332
2026-08-05T10:20:40.491Z,krakeninstant,90966.3,90966.4,90966.4,100,false,91876.0640,91876.0640,91876.0640,91876.0640
2026-08-05T10:20:40.491Z,okx,90916.9,90968.9,91076.3,70,false,91605.6823,91605.6823,91611.4017,94901.5698
2026-08-05T10:20:40.491Z,binance,91331.58119609999,91331.59544699999,91331.58832154998,10,false,91422.9270,91422.9270,91422.9270,91422.9270
2026-08-05T10:20:40.491Z,kucoin,91343.28118499999,91343.42369399998,91350.26412599998,10,false,91434.7671,91434.7671,91434.7671,91458.6440
2026-08-05T10:20:40.491Z,cryptocom,91328.77376879998,91328.78801969999,91328.78089424998,50,false,91785.4320,91785.4320,91785.4320,91786.1779
2026-08-05T10:20:40.491Z,coinbase,91309.77731909999,91309.79156999999,91305.51629999999,60,false,91857.6503,91857.6503,91857.6503,91858.3981
2026-08-05T10:20:40.491Z,pepperstone,90850.1,91047.2,90948.65,10,false,91138.2472,91126.6889,91162.8555,91236.1757
2026-08-05T10:20:40.491Z,swyftx,90461.355559,91447.22072107,90954.288140035,60,false,91995.9040,91995.9040,91995.9040,91995.9040
2026-08-05T13:29:38.833Z,coinspot,90999,91070.19,90999,100,false,91980.8919,91980.8919,91980.8919,91980.8919
2026-08-05T13:29:38.833Z,digitalsurge,90384.49,91202.12,90793.31,50,false,91658.1306,91658.1306,91658.1306,91658.1306
2026-08-05T13:29:38.833Z,independentreserve,90812.16,90871,90872,50,false,91325.3550,91330.9929,91365.6882,91372.3944
2026-08-05T13:29:38.833Z,btcmarkets,90737.3,90815.99,90883,85,false,91587.9259,91587.9259,91593.6957,91658.7972
2026-08-05T13:29:38.833Z,coinjar,90880,90890,90890,10,false,90980.8900,90980.8900,90980.8900,91373.9667
2026-08-05T13:29:38.833Z,kraken,90883.9,90909.8,90927.2,40,false,91273.4392,91282.2378,91283.3796,91326.4175
2026-08-05T13:29:38.833Z,krakeninstant,90883.9,90909.8,90927.2,100,false,91818.8980,91818.8980,91818.8980,91818.8980
2026-08-05T13:29:38.833Z,okx,90867.3,90911.2,91000,70,false,91547.5784,91547.5784,91547.7998,94904.0207
2026-08-05T13:29:38.833Z,binance,91347.96973109999,91347.98398199999,91347.97685654998,10,false,91439.3320,91439.3320,91439.3320,91440.9086
2026-08-05T13:29:38.833Z,kucoin,91346.98641899998,91347.12892799998,91334.87315399999,10,false,91438.4761,91438.4761,91450.1718,91474.4103
2026-08-05T13:29:38.833Z,cryptocom,91350.05036249998,91350.06461339998,91350.05748794999,50,false,91806.8149,91806.8149,91806.8149,91810.2770
2026-08-05T13:29:38.833Z,coinbase,91324.42724429998,91324.44149519998,91324.42724429998,60,false,91872.3881,91872.3881,91872.3881,91876.8841
2026-08-05T13:29:38.833Z,pepperstone,90807.8,90990.6,90899.20000000001,10,false,91081.5906,91085.4488,91120.5334,91176.4999
2026-08-05T13:29:38.833Z,swyftx,90397.51069235,91382.77625171,90890.14347203,60,false,91931.0729,91931.0729,91931.0729,91931.0729
2026-08-05T17:15:27.468Z,coinspot,91300,91500.13,91500.13,100,false,92415.1313,92415.1313,92415.1313,92415.1313
2026-08-05T17:15:27.468Z,digitalsurge,90965.91,91814.71,91390.31,50,false,92273.7835,92273.7835,92273.7835,92273.7835
2026-08-05T17:15:27.468Z,independentreserve,91400,91445,91456,50,false,91902.2250,91902.2250,91935.6796,91966.3765
2026-08-05T17:15:27.468Z,btcmarkets,91346,91425.97,91447.96,85,false,92203.0907,92231.6817,92231.6817,92279.5003
2026-08-05T17:15:27.468Z,coinjar,91330,91450,91550,10,false,91541.4500,91541.4500,91577.2066,91758.4316
2026-08-05T17:15:27.468Z,kraken,91465.1,91501.4,91577.6,40,false,91867.4056,91867.7245,91887.3654,91902.9846
2026-08-05T17:15:27.468Z,krakeninstant,91465.1,91501.4,91577.6,100,false,92416.4140,92416.4140,92416.4140,92416.4140
2026-08-05T17:15:27.468Z,okx,91454.2,91485.6,90700,70,false,92125.9992,92125.9992,92128.2371,95419.5613
2026-08-05T17:15:27.468Z,binance,92024.07068744999,92024.08494839999,92024.07781792499,10,false,92116.1090,92116.1090,92116.1090,92116.9405
2026-08-05T17:15:27.468Z,kucoin,92018.35204649999,92018.494656,91988.4040515,10,false,92110.5132,92110.5132,92110.5132,92117.7720
2026-08-05T17:15:27.468Z,cryptocom,92023.60007609999,92023.61433704999,92023.60720657499,50,false,92483.7324,92483.7324,92483.7324,92485.8629
2026-08-05T17:15:27.468Z,coinbase,92010.60835064999,92010.62261159999,92010.60835064999,60,false,92562.6863,92562.6863,92562.6863,92565.1363
2026-08-05T17:15:27.468Z,pepperstone,91394.8,91587.5,91491.15,10,false,91679.0875,91682.9678,91721.0053,91767.3846
2026-08-05T17:15:27.468Z,swyftx,91015.23631141,92007.26300029,91511.24965585,60,false,92559.3066,92559.3066,92559.3066,92559.3066
2026-08-05T20:53:27.798Z,coinspot,91828,92063.14,92000,100,false,92983.7714,92983.7714,92983.7714,92983.7714
2026-08-05T20:53:27.798Z,digitalsurge,91349.23,92164.2,91756.71,50,false,92625.0210,92625.0210,92625.0210,92625.0210
2026-08-05T20:53:27.798Z,independentreserve,91730.38,91810,91215.42,50,false,92269.0500,92269.0500,92314.7183,92362.5306
2026-08-05T20:53:27.798Z,btcmarkets,91697.79,91773.99,91785.66,85,false,92554.0689,92554.0689,92557.1755,92640.6891
2026-08-05T20:53:27.798Z,coinjar,91720,91860,91990,10,false,91951.8600,91951.8600,91956.5365,92075.9666
2026-08-05T20:53:27.798Z,kraken,91876.8,91899.3,91904.1,40,false,92266.8972,92266.6964,92269.0447,92295.9138
2026-08-05T20:53:27.798Z,krakeninstant,91876.8,91899.3,91904.1,100,false,92818.2930,92818.2930,92818.2930,92818.2930
2026-08-05T20:53:27.798Z,okx,91845,91892.2,91966.3,70,false,92535.4454,92535.4454,92537.9557,95758.5574
2026-08-05T20:53:27.798Z,binance,92482.75988325,92482.7741442,92482.76701372498,10,false,92575.2569,92575.2569,92575.2569,92575.2569
2026-08-05T20:53:27.798Z,kucoin,92482.97379749999,92483.116407,92486.11120649999,10,false,92575.5995,92575.5995,92579.4169,92599.1428
2026-08-05T20:53:27.798Z,cryptocom,92488.2788709,92488.29313184999,92488.286001375,50,false,92950.7346,92950.7346,92950.7346,92951.1270
2026-08-05T20:53:27.798Z,coinbase,92475.62940825,92475.6436692,92475.62940825,60,false,93030.4975,93030.4975,93030.5972,93035.9855
2026-08-05T20:53:27.798Z,pepperstone,91795.4,91981.6,91888.5,10,false,92073.5816,92077.3923,92116.7536,92161.8528
2026-08-05T20:53:27.798Z,swyftx,91388.99164946,92378.64935874,91883.8205041,60,false,92932.9213,92932.9213,92932.9213,92932.9213
2026-08-06T01:15:55.877Z,coinspot,91500,91656.75,91600,100,false,92573.3175,92573.3175,92573.3175,92573.3175
2026-08-06T01:15:55.877Z,digitalsurge,90918.26,91777.56,91347.91,50,false,92236.4478,92236.4478,92236.4478,92236.4478
2026-08-06T01:15:55.877Z,independentreserve,91350.05,91425,91437.99,50,false,91882.1250,91882.1250,91900.6664,91943.4736
2026-08-06T01:15:55.877Z,btcmarkets,91306.17,91389,91416,85,false,92165.8065,92165.7964,92180.3217,92259.3880
2026-08-06T01:15:55.877Z,coinjar,91320,91440,91570,10,false,91531.4400,91531.4400,91544.6857,91901.0442
2026-08-06T01:15:55.877Z,kraken,91403,91451.5,91456.3,40,false,91817.3060,91817.2876,91819.5801,91832.8109
2026-08-06T01:15:55.877Z,krakeninstant,91403,91451.5,91456.3,100,false,92366.0150,92366.0150,92366.0150,92366.0150
2026-08-06T01:15:55.877Z,okx,91396.1,91453.4,91592.6,70,false,92093.5738,92084.3094,92088.1289,95341.1804
2026-08-06T01:15:55.877Z,binance,91891.47708779998,91891.49132865,91891.48420822498,10,false,91983.3828,91983.3828,91983.3828,91989.2406
2026-08-06T01:15:55.877Z,kucoin,91894.35373949999,91894.49614799999,91909.30663199998,10,false,91986.3906,91986.3906,91989.8920,92016.4580
2026-08-06T01:15:55.877Z,cryptocom,91903.09762139998,91903.11186224999,91903.104741825,50,false,92362.6274,92362.6274,92362.6274,92365.2077
2026-08-06T01:15:55.877Z,coinbase,91881.28063919999,91881.29488004999,91881.28063919999,60,false,92432.5826,92432.5826,92432.6396,92436.2295
2026-08-06T01:15:55.877Z,pepperstone,91341,91530.1,91435.55,10,false,91621.6301,91618.5381,91659.5170,91712.7608
2026-08-06T01:15:55.877Z,swyftx,90959.75993863,91944.79667155,91452.27830509,60,false,92496.4655,92496.4655,92496.4655,92496.4655
2026-08-06T06:19:49.228Z,coinspot,91646.48,92043.39,92171.99,100,false,92963.8239,92963.8239,92963.8239,92963.8239
2026-08-06T06:19:49.228Z,digitalsurge,91345.3,92208.52,91776.91,50,false,92669.5626,92669.5626,92669.5626,92669.5626
2026-08-06T06:19:49.228Z,independentreserve,91718.11,91805.99,91718.03,50,false,92265.0200,92265.0200,92265.0226,92366.0094
2026-08-06T06:19:49.228Z,btcmarkets,91735.01,91818.13,91817.67,85,false,92598.5841,92598.5841,92598.5896,92629.2214
2026-08-06T06:19:49.228Z,coinjar,91670,91800,91650,10,false,91891.8000,91891.8000,91891.8000,91954.2064
2026-08-06T06:19:49.228Z,kraken,91868.8,91868.9,91868.9,40,false,92236.3756,92236.3756,92236.3756,92244.3769
2026-08-06T06:19:49.228Z,krakeninstant,91868.8,91868.9,91868.9,100,false,92787.5890,92787.5890,92787.5890,92787.5890
2026-08-06T06:19:49.228Z,okx,91841.9,91886.2,91933.1,70,false,92529.4034,92529.4034,92531.0796,95627.2925
2026-08-06T06:19:49.228Z,binance,92328.34660799999,92328.36087899999,92328.35374349999,10,false,92420.6892,92420.6892,92420.6892,92420.7250
2026-08-06T06:19:49.228Z,kucoin,92334.79709999998,92334.93980999998,92334.79709999998,10,false,92427.2747,92427.2747,92428.4161,92456.7425
2026-08-06T06:19:49.228Z,cryptocom,92334.42605399998,92334.44032499999,92334.43318949998,50,false,92796.1125,92796.1125,92796.1125,92801.4418
2026-08-06T06:19:49.228Z,coinbase,92319.72692399999,92319.74119499998,92319.72692399999,60,false,92873.6596,92874.2315,92875.1381,92876.9813
2026-08-06T06:19:49.228Z,pepperstone,91755.4,91939.4,91847.4,10,false,92031.3394,92036.6209,92090.8729,92124.9765
2026-08-06T06:19:49.228Z,swyftx,91327.86310056,92323.15281071,91825.507955635,60,false,92877.0917,92877.0917,92877.0917,92877.0917
2026-08-06T10:22:42.015Z,coinspot,91800.8,91967.99,91972.19,100,false,92887.6699,92887.6699,92887.6699,92887.6699
2026-08-06T10:22:42.015Z,digitalsurge,91282.85,92151.13,91716.99,50,false,92611.8856,92611.8856,92611.8856,92611.8856
2026-08-06T10:22:42.015Z,independentreserve,91727.03,91795,91805,50,false,92253.9750,92253.9750,92253.9750,92293.4182
2026-08-06T10:22:42.015Z,btcmarkets,91676.01,91760.98,91687.97,85,false,92540.9483,92540.9483,92540.9510,92554.2142
2026-08-06T10:22:42.015Z,coinjar,91570,91760,91760,10,false,91851.7600,91851.7600,91851.7600,92074.2780
2026-08-06T10:22:42.015Z,kraken,91746.9,91767.3,91743.7,40,false,92134.3692,92144.6858,92146.1537,92166.3038
2026-08-06T10:22:42.015Z,krakeninstant,91746.9,91767.3,91743.7,100,false,92684.9730,92684.9730,92684.9730,92684.9730
2026-08-06T10:22:42.015Z,okx,91752.3,91786.5,92036.3,70,false,92429.0055,92429.0055,92434.9747,95549.9343
2026-08-06T10:22:42.015Z,binance,92272.47748215,92272.49176319999,92272.484622675,10,false,92364.7643,92364.7643,92364.7643,92371.9187
2026-08-06T10:22:42.015Z,kucoin,92286.144447,92286.2872575,92276.8617645,10,false,92378.5735,92378.5735,92384.1516,92397.6922
2026-08-06T10:22:42.015Z,cryptocom,92276.5190193,92276.53330035,92276.52615982499,50,false,92737.9160,92737.9160,92738.0385,92744.2513
2026-08-06T10:22:42.015Z,coinbase,92260.9812369,92260.99551795,92260.99551795,60,false,92814.5615,92814.5615,92814.6071,92820.3811
2026-08-06T10:22:42.015Z,pepperstone,91668.1,91851.8,91759.95000000001,10,false,91943.6518,91960.5840,92005.5227,92043.1244
2026-08-06T10:22:42.015Z,swyftx,91265.96314619,92254.02287173,91759.99300896001,60,false,92807.5470,92807.5470,92807.5470,92807.5470
2026-08-06T13:27:56.337Z,coinspot,91250,91321.43,91250,100,false,92234.6443,92234.6443,92234.6443,92234.6443
2026-08-06T13:27:56.337Z,digitalsurge,90707.07,91576.88,91141.97,50,false,92034.7644,92034.7644,92034.7644,92034.7644
2026-08-06T13:27:56.337Z,independentreserve,91132,91209.99,91122.01,50,false,91666.0399,91656.9949,91656.9949,91674.5880
2026-08-06T13:27:56.337Z,btcmarkets,91102.01,91174,91094.02,85,false,91948.9790,91963.5708,91964.1982,91974.5129
2026-08-06T13:27:56.337Z,coinjar,91070,91180,91050,10,false,91271.1800,91271.1800,91271.1800,91502.8998
2026-08-06T13:27:56.337Z,kraken,91173.3,91184.7,91151.2,40,false,91549.4388,91560.0982,91570.2674,91595.0089
2026-08-06T13:27:56.337Z,krakeninstant,91173.3,91184.7,91151.2,100,false,92096.5470,92096.5470,92096.5470,92096.5470
2026-08-06T13:27:56.337Z,okx,91181,91227.3,91479.8,70,false,91865.8911,91865.8911,91867.4958,95190.1096
2026-08-06T13:27:56.337Z,binance,91714.44903119998,91714.4633223,91714.45617675,10,false,91806.1778,91806.1778,91806.1778,91807.0360
2026-08-06T13:27:56.337Z,kucoin,91718.564868,91718.70777899999,91690.840134,10,false,91810.4265,91810.4265,91813.7018,91838.4314
2026-08-06T13:27:56.337Z,cryptocom,91711.8051777,91711.8194688,91711.81232325,50,false,92170.3786,92170.3786,92170.3786,92175.4610
2026-08-06T13:27:56.337Z,coinbase,91689.49677059999,91691.6976,91689.4253151,60,false,92241.8478,92241.8478,92244.0252,92249.2799
2026-08-06T13:27:56.337Z,pepperstone,91089.9,91272.8,91181.35,10,false,91364.0728,91367.1468,91396.0909,91436.8794
2026-08-06T13:27:56.337Z,swyftx,90678.55775125,91666.62743507,91172.59259315999,60,false,92216.6272,92216.6272,92216.6272,92216.6272
2026-08-07T00:49:17.211Z,coinspot,91266.84,91604.62,91224.59,100,false,92520.6662,92520.6662,92520.6662,92520.6662
2026-08-07T00:49:17.211Z,digitalsurge,90852.5,91694.51,91273.51,50,false,92152.9825,92152.9825,92152.9825,92152.9825
2026-08-07T00:49:17.211Z,independentreserve,91363.51,91392.99,91280.01,50,false,91849.9549,91850.9599,91850.9609,91861.1200
2026-08-07T00:49:17.211Z,btcmarkets,91233.11,91304,91325.48,85,false,92080.0840,92105.7163,92106.5910,92154.7468
2026-08-07T00:49:17.211Z,coinjar,91240,91360,91230,10,false,91451.3600,91451.3600,91477.8613,91756.9954
2026-08-07T00:49:17.211Z,kraken,91324.5,91350,91449,40,false,91715.4000,91719.5505,91721.6884,91762.1213
2026-08-07T00:49:17.211Z,krakeninstant,91324.5,91350,91449,100,false,92263.5000,92263.5000,92263.5000,92263.5000
2026-08-07T00:49:17.211Z,okx,91344.4,91391.3,91436.3,70,false,92031.0391,92031.0391,92035.3726,95326.9830
2026-08-07T00:49:17.211Z,binance,91766.4257619,91766.440053,91766.43290744998,10,false,91858.2065,91858.2065,91858.2065,91858.2065
2026-08-07T00:49:17.211Z,kucoin,91761.438168,91761.581079,91784.73266099999,10,false,91853.3427,91853.3427,91856.6111,91877.6613
2026-08-07T00:49:17.211Z,cryptocom,91762.36708949998,91762.3813806,91762.37423505,50,false,92221.1933,92221.1933,92221.1933,92224.5260
2026-08-07T00:49:17.211Z,coinbase,91747.01844809999,91747.03273919999,91747.03273919999,60,false,92297.5149,92297.5149,92298.7654,92300.7874
2026-08-07T00:49:17.211Z,pepperstone,91261.4,91438.8,91350.1,10,false,91530.2388,91534.4702,91575.1644,91651.8457
2026-08-07T00:49:17.211Z,swyftx,90890.88388673,91874.61882129,91382.75135400999,60,false,92425.8665,92425.8665,92425.8665,92425.8665
2026-08-07T05:25:49.862Z,coinspot,91300,91467,91497,100,false,92381.6700,92381.6700,92381.6700,92381.6700
2026-08-07T05:25:49.862Z,digitalsurge,90833.48,91688.5,91260.99,50,false,92146.9425,92146.9425,92146.9425,92146.9425
2026-08-07T05:25:49.862Z,independentreserve,91223,91297.98,91297.98,50,false,91754.4699,91754.4498,91755.4913,91795.2052
2026-08-07T05:25:49.862Z,btcmarkets,91208.25,91300.11,91300.26,85,false,92076.1609,92076.2013,92076.2013,92082.9903
2026-08-07T05:25:49.862Z,coinjar,91190,91310,91190,10,false,91401.3100,91401.3100,91418.0390,91578.0091
2026-08-07T05:25:49.862Z,kraken,91250.3,91279.3,91285.1,40,false,91644.4172,91644.4172,91651.5647,91676.2220
2026-08-07T05:25:49.862Z,krakeninstant,91250.3,91279.3,91285.1,100,false,92192.0930,92192.0930,92192.0930,92192.0930
2026-08-07T05:25:49.862Z,okx,91261.4,91308.7,91315.4,70,false,91947.8609,91947.8609,91951.8848,95236.4277
2026-08-07T05:25:49.862Z,binance,91661.0288994,91661.0431905,91661.03604494999,10,false,91752.7042,91752.7042,91752.7042,91752.7562
2026-08-07T05:25:49.862Z,kucoin,91659.113892,91659.256803,91663.25831099998,10,false,91750.9161,91750.9161,91753.0699,91785.5699
2026-08-07T05:25:49.862Z,cryptocom,91664.6588388,91664.67312989998,91664.66598435,50,false,92122.9965,92122.9965,92122.9965,92124.5790
2026-08-07T05:25:49.862Z,coinbase,91639.5207939,91639.535085,91639.535085,60,false,92189.3723,92189.3723,92189.3723,92191.8254
2026-08-07T05:25:49.862Z,pepperstone,91172.6,91354.6,91263.6,10,false,91445.9546,91448.4454,91510.4816,91546.9974
2026-08-07T05:25:49.862Z,swyftx,90757.69955845,91739.98384694,91248.841702695,60,false,92290.4238,92290.4238,92290.4238,92290.4238
2026-08-07T08:42:59.551Z,coinspot,91491,91500.01,91500.01,100,false,92415.0101,92415.0101,92415.0101,92415.0101
2026-08-07T08:42:59.551Z,digitalsurge,91281.76,92120.01,91700.89,50,false,92580.6100,92580.6100,92580.6100,92580.6100
2026-08-07T08:42:59.551Z,independentreserve,91652.33,91675,91419.18,50,false,92133.3750,92133.3750,92165.0897,92263.0329
2026-08-07T08:42:59.551Z,btcmarkets,91671.71,91729.99,91670,85,false,92509.6949,92509.6949,92512.8089,92569.6116
2026-08-07T08:42:59.551Z,coinjar,91630,91740,91480,10,false,91831.7400,91838.9026,91857.0853,92030.0386
2026-08-07T08:42:59.551Z,kraken,91730.3,91736.2,91643.6,40,false,92103.1448,92113.5467,92119.6644,92166.9693
2026-08-07T08:42:59.551Z,krakeninstant,91730.3,91736.2,91643.6,100,false,92653.5620,92653.5620,92653.5620,92653.5620
2026-08-07T08:42:59.551Z,okx,91717.7,91761,91588.4,70,false,92403.3270,92403.3270,92403.3994,94671.1979
2026-08-07T08:42:59.551Z,binance,92140.18347299998,92140.19774399999,92140.19060849998,10,false,92232.3379,92232.3379,92232.8234,92235.5463
2026-08-07T08:42:59.551Z,kucoin,92141.99588999999,92142.13859999999,92134.86038999999,10,false,92234.2807,92234.2807,92239.3314,92268.9981
2026-08-07T08:42:59.551Z,cryptocom,92137.158021,92137.17229199999,92137.16515649999,50,false,92597.8582,92597.8582,92597.8582,92604.9948
2026-08-07T08:42:59.551Z,coinbase,92126.11226699999,92126.12653799998,92126.11226699999,60,false,92678.8833,92678.8833,92678.8833,92681.2696
2026-08-07T08:42:59.551Z,pepperstone,91649.1,91839.4,91744.25,10,false,91931.2394,91974.8262,92007.2102,92061.6264
2026-08-07T08:42:59.551Z,swyftx,91211.85891537,92205.71079435,91708.78485486,60,false,92758.9451,92758.9451,92758.9451,92758.9451
2026-08-07T12:34:39.626Z,coinspot,92196.29,92263.17,92250,100,false,93185.8017,93185.8017,93185.8017,93185.8017
2026-08-07T12:34:39.626Z,digitalsurge,91594.27,92413.7,92003.99,50,false,92875.7685,92875.7685,92875.7685,92875.7685
2026-08-07T12:34:39.626Z,independentreserve,91976,92049.99,91858.86,50,false,92510.2399,92510.2399,92510.2399,92544.6891
2026-08-07T12:34:39.626Z,btcmarkets,91985.04,92022.38,92117,85,false,92804.5702,92804.9131,92804.9131,92842.0168
2026-08-07T12:34:39.626Z,coinjar,91960,92130,92200,10,false,92222.1300,92242.1500,92250.2132,92397.2314
2026-08-07T12:34:39.626Z,kraken,92000.1,92024.2,92041,40,false,92392.2968,92392.2968,92392.3224,92446.2768
2026-08-07T12:34:39.626Z,krakeninstant,92000.1,92024.2,92041,100,false,92944.4420,92944.4420,92944.4420,92944.4420
2026-08-07T12:34:39.626Z,okx,91946.1,92032.2,92330.9,70,false,92676.4254,92676.4254,92686.1605,96071.2382
2026-08-07T12:34:39.626Z,binance,92530.99545119998,92531.00968199997,92531.00256659999,10,false,92623.5407,92623.5407,92623.5407,92623.5407
2026-08-07T12:34:39.626Z,kucoin,92529.23083199999,92529.37313999998,92529.23083199999,10,false,92621.9025,92621.9025,92633.4339,92738.8967
2026-08-07T12:34:39.626Z,cryptocom,92532.85968599998,92532.87391679997,92532.86680139998,50,false,92995.5383,92995.5383,92995.7436,93003.4451
2026-08-07T12:34:39.626Z,coinbase,92521.84504679998,92521.85927759999,92521.84504679998,60,false,93076.9904,93076.9904,93076.9904,93081.7723
2026-08-07T12:34:39.626Z,pepperstone,91899.3,92084.4,91991.85,10,false,92176.4844,92180.0167,92217.0161,92284.7601
2026-08-07T12:34:39.626Z,swyftx,91505.41718019,92496.51077439,92000.96397729,60,false,93051.4898,93051.4898,93051.4898,93051.4898
